state_name,district_name,district_key,n_years,shannon_index,simpson_index,crop_richness,D0_richness,D1_exp_shannon,D2_inv_simpson,evenness_D1_D0,mean_annual_cropped_area,dominant_crop,dominant_crop_share,top3_crops_share,shannon_index_norm,simpson_index_norm,crop_richness_norm,agro_biodiversity_index,abi_category,share_cereals,share_drugs_and_narcotics,share_fiber_crops,share_fodder,share_fruits,share_oilseeds,share_pulses,share_spices,share_sugar,share_vegetable
ANDAMAN AND NICOBAR ISLANDS,NICOBARS,ANDAMAN AND NICOBAR ISLANDS|NICOBARS,17,0.5130830671868093,0.2209966180151327,11.588235294117647,11.588235294117647,1.6763939733007152,1.2865709200483033,0.14961822722649615,17759.49,Coconut,0.8787580446219093,0.9684008215259758,0.19323467099893377,0.2435627446934577,0.297349709114415,0.2447,Very Low,0.0017632329333251587,0.0,0.0,0.0,0.05773572657905882,0.8787752682219644,0.0004196596398021896,0.05827432842616406,0.0003743814450421585,0.0026574027546432256
ANDAMAN AND NICOBAR ISLANDS,NORTH AND MIDDLE ANDAMAN,ANDAMAN AND NICOBAR ISLANDS|NORTH AND MIDDLE ANDAMAN,13,1.6227843025739896,0.7101370743533356,17.307692307692307,17.307692307692307,5.166960913741756,3.524776335231139,0.3073129420984161,15271.934615384615,Rice,0.45004861859474254,0.80912060156602,0.6111645674246113,0.7826496916176195,0.4579693810463041,0.6173,Moderate,0.4530496992598036,0.0,0.0,0.0,0.06353988198059639,0.24267481098435217,0.07548612928239659,0.1471655271119497,0.0064946685763201135,0.011589282804581456
ANDAMAN AND NICOBAR ISLANDS,SOUTH ANDAMANS,ANDAMAN AND NICOBAR ISLANDS|SOUTH ANDAMANS,15,1.46775178140685,0.675723765941056,15.066666666666666,15.066666666666666,4.376728277231785,3.1404733391087607,0.30543880201128837,11208.310666666666,Coconut,0.378765018766432,0.8466669315494824,0.5527770272040331,0.7447224150549377,0.39503459503459504,0.5642,Moderate,0.27416995222473606,0.0,0.0,0.0,0.06931820709704335,0.3810950755231267,0.0050844415090564345,0.2553866874734498,0.009239275190207076,0.005706360982380574
ANDHRA PRADESH,ANANTAPUR,ANDHRA PRADESH|ANANTAPUR,23,1.2467352356622323,0.5011784805715372,28.73913043478261,28.73913043478261,3.6377769160411018,2.2024331437591687,0.1276407963846255,1080915.8695652173,Groundnut,0.6417372707082338,0.7989181074905679,0.4695389275012956,0.5523541826370473,0.778998778998779,0.6003,Moderate,0.08089371875259567,0.00010550634093913515,0.019542364737793815,0.0,0.0035863708976264694,0.7798198508390529,0.10778094180599262,0.006313084334882677,0.0002658373645698605,0.0016923249265467912
ANDHRA PRADESH,CHITTOOR,ANDHRA PRADESH|CHITTOOR,23,1.5635968273986394,0.6624956587927207,28.08695652173913,28.08695652173913,4.855517783175787,3.096267178945185,0.1785735879408718,331330.26086956525,Groundnut,0.5004058737663039,0.7721692634014453,0.5888736889602822,0.7301435761881498,0.7606837606837606,0.6932,Moderate,0.23115882274824698,0.00014263976203436057,0.0007746113296125394,0.0,0.0022680640726788297,0.5999912605260795,0.06747280658888097,0.008195553208699162,0.08510121780501158,0.004895023958755982
ANDHRA PRADESH,EAST GODAVARI,ANDHRA PRADESH|EAST GODAVARI,23,1.4893540548844129,0.5873360194748418,28.0,28.0,4.501884109317755,2.467733695668893,0.1639427743923202,619492.0434782609,Rice,0.6222141183411347,0.7559830399618427,0.5609127628679544,0.6473093309999298,0.7582417582417582,0.6555,Moderate,0.6411437926317894,0.009459292630841944,0.018958940905090756,0.0,0.059284124574151456,0.09127463966446002,0.13662553970409277,0.003144441550535407,0.022393100883423635,0.017716127455614582
ANDHRA PRADESH,GUNTUR,ANDHRA PRADESH|GUNTUR,23,1.8601355694149648,0.7739223106693519,24.82608695652174,24.82608695652174,6.510143763277058,4.552740801836601,0.2670218006741255,731968.7826086957,Rice,0.3715880137915124,0.7135692767130364,0.7005545646635908,0.8529480851748726,0.6691086691086691,0.7409,Moderate,0.4502886853929741,0.006646398913899987,0.22112240234526515,0.0,0.005994672379114291,0.020558907180764776,0.2034359745206525,0.08932342208464343,0.0015062414754917679,0.001123295707193975
ANDHRA PRADESH,KADAPA,ANDHRA PRADESH|KADAPA,23,2.0628304866943385,0.807940929546699,29.17391304347826,29.17391304347826,8.095350749513868,5.550661543319078,0.28069508400478843,377647.39130434784,Groundnut,0.2891277692901936,0.6044738075200123,0.7768924681309356,0.8904403701648628,0.7912087912087912,0.8195,High,0.1950789153443113,0.00047675022363856786,0.05507184640837036,0.0,0.015359623481301283,0.46871684997162066,0.22198703874905162,0.03367311812606422,0.0013924882769641338,0.00824336941867788
ANDHRA PRADESH,KARIMNAGAR,ANDHRA PRADESH|KARIMNAGAR,16,1.6057155646877728,0.7130338997357826,23.1875,23.1875,5.051013066607032,3.5513237826399413,0.2256135916359392,584879.8125,Rice,0.4300387782660903,0.8500231404379339,0.6047362283100616,0.7858423139635332,0.6230921855921856,0.6712,Moderate,0.6366677683887405,0.0014849204596200695,0.21742522528934097,0.0,7.693888391813831e-06,0.043739648647900635,0.06389475102630594,0.032853758309533035,0.0027474661728045194,0.0011787678173624774
ANDHRA PRADESH,KHAMMAM,ANDHRA PRADESH|KHAMMAM,16,1.8686622095764587,0.7635136865846035,22.5,22.5,6.5676801245119805,4.341677546519097,0.3088964796214529,425914.5625,Rice,0.38340186478127286,0.7072989844060568,0.70376582344741,0.8414766288542599,0.6037851037851037,0.7163,Moderate,0.4706949002242674,0.01232069283848448,0.26038379469591394,0.0,0.015778545961315893,0.03786807007802181,0.13168500783534492,0.06198074056225772,0.009259926396623267,2.832140777060188e-05
ANDHRA PRADESH,KRISHNA,ANDHRA PRADESH|KRISHNA,23,1.4681054332894292,0.6334826053160593,22.91304347826087,22.91304347826087,4.37883749311855,2.8008682535259637,0.19824638058399224,575956.0869565217,Rice,0.5510109843821125,0.8436407063038471,0.5529102177331088,0.6981679785514935,0.6153846153846154,0.6222,Moderate,0.5830981981567134,0.00682419175978845,0.07553980187197243,0.0,0.002581190142062461,0.025872745431226262,0.25798434210337595,0.02219976009644455,0.02580465449132218,9.511594709439653e-05
ANDHRA PRADESH,KURNOOL,ANDHRA PRADESH|KURNOOL,23,2.2450799109094226,0.8549790316668916,28.608695652173914,28.608695652173914,9.518452560987418,7.0262458651140935,0.33928859451985105,948843.5217391305,Groundnut,0.1869983509902971,0.48364995905083724,0.8455302965454226,0.942281567376219,0.7753357753357754,0.8544,High,0.23504865259085878,0.010626208078200094,0.13008668997100864,0.0,0.0017759834958813248,0.34937785361685836,0.2318557955288454,0.023341778854725714,0.0008729161875364889,0.017014121676085226
ANDHRA PRADESH,MEDAK,ANDHRA PRADESH|MEDAK,16,2.3144783130717106,0.8638209014666645,28.875,28.875,10.167250147232664,7.4079470958795826,0.36981177932270803,500643.8125,Rice,0.20543585066279033,0.5327321657450825,0.8716667611206584,0.9520262869832286,0.7828144078144078,0.8688,High,0.5405237580959816,7.240676723633731e-05,0.07274308418622472,0.0,0.0005556595189119609,0.052178688416327924,0.2539377733745586,0.018830253694586508,0.05139682016942934,0.009761555776742972
ANDHRA PRADESH,NALGONDA,ANDHRA PRADESH|NALGONDA,16,1.75806746656684,0.7331146545797734,20.9375,20.9375,6.005345587033031,4.095871532632387,0.29349524536686766,597934.0625,Rice,0.43694659057828805,0.7231948129732114,0.6621142076635386,0.8079735294058616,0.5599053724053724,0.6767,Moderate,0.48643312990719606,0.00018386224651652122,0.20377989002758978,0.0,4.181063024821404e-06,0.15228006432565463,0.14205861954887375,0.014730303142748286,0.0005189744479559567,1.0975290440156184e-05
ANDHRA PRADESH,NIZAMABAD,ANDHRA PRADESH|NIZAMABAD,16,2.0318410942268352,0.7773587010590569,26.375,26.375,7.746514969622171,4.717054461668061,0.30352927232569715,374726.875,Rice,0.4124769206905696,0.6294816391271643,0.7652214046309301,0.8567353679064911,0.7126068376068376,0.7782,High,0.6499728969265949,0.0012032096710437436,0.037302168412660555,0.0,0.0004890228383005622,0.11249993745444599,0.12800056040816393,0.026499633900023852,0.040292179470714506,0.0037403909180519813
ANDHRA PRADESH,PRAKASAM,ANDHRA PRADESH|PRAKASAM,23,2.3763110572181247,0.8720311268281605,27.695652173913043,27.695652173913043,10.824277583674416,7.977105529522478,0.4016984623667358,512089.1304347826,Rice,0.204949715784871,0.4771237174235124,0.8949538869999136,0.9610748644753099,0.7496947496947497,0.8686,High,0.2817093661514427,0.12105093797360345,0.08504132687499204,5.094221878833933e-07,0.0018610041560360162,0.10409490535360268,0.3541486069425754,0.050530775467925504,0.0006748994952475155,0.0008876681623868127
ANDHRA PRADESH,RANGAREDDI,ANDHRA PRADESH|RANGAREDDI,16,2.3318589712058624,0.8652183443552797,28.0,28.0,10.365187062400516,7.545171826625136,0.39062852450757984,234795.3125,Jowar,0.20047301838702594,0.5166374967558179,0.8782125740135149,0.9535664237896668,0.7582417582417582,0.8633,High,0.4967347889451583,0.0,0.10150383645329376,0.0,0.0003542979589935383,0.08698214535266754,0.27517398798155307,0.024425530215812976,0.004836659590467761,0.009988753502052986
ANDHRA PRADESH,SRI POTTI SRIRAMULU NELLORE,ANDHRA PRADESH|SRI POTTI SRIRAMULU NELLORE,23,1.2606966166079776,0.4870201341729871,24.782608695652176,24.782608695652176,3.562489017770502,1.9781980373529549,0.14934812749836462,319553.04347826086,Rice,0.7050886292266917,0.8186186684662817,0.47479699003790166,0.5367501171082459,0.667887667887668,0.5598,Moderate,0.7137231078190733,0.029855559123340755,0.02082147347109822,5.714503409653701e-06,0.0030048763762429045,0.08953851303178896,0.1165561409142117,0.0071948319119639935,0.01881962850285453,0.00048015434601590267
ANDHRA PRADESH,SRIKAKULAM,ANDHRA PRADESH|SRIKAKULAM,23,1.8148650179693928,0.7058766476358251,25.217391304347824,25.217391304347824,6.1759271847485495,3.434037696911011,0.25031596085998314,386879.9130434783,Rice,0.5113537084532915,0.6947333842947334,0.6835050054908645,0.7779542296046618,0.68009768009768,0.7139,Moderate,0.5495163199725609,7.608247835133202e-05,0.034209244571790504,0.0,0.05056169547274415,0.12822639718110485,0.21111190777320185,0.006936541818728607,0.016673525702504247,0.002688285029013609
ANDHRA PRADESH,VISAKHAPATANAM,ANDHRA PRADESH|VISAKHAPATANAM,23,2.282507272666877,0.8273886243693331,29.782608695652176,29.782608695652176,9.915395951822815,5.99716739959493,0.3399741951013285,289691.4347826087,Rice,0.3472457876093949,0.5722474122766008,0.8596259944900335,0.9118738833629569,0.8083028083028083,0.8599,High,0.5432147218712324,0.003614790730106682,0.005354272754683657,0.0,0.09306468967055351,0.12116565407000522,0.07682282032321347,0.021902465036636433,0.13278701490926703,0.002073570634301595
ANDHRA PRADESH,VIZIANAGARAM,ANDHRA PRADESH|VIZIANAGARAM,23,2.1859188334831687,0.8133400498776734,27.347826086956523,27.347826086956523,8.973387412022376,5.501154073742101,0.3359837111926645,333295.95652173914,Rice,0.36783394103190964,0.54626864464498,0.8232493598637949,0.8963907986309324,0.73992673992674,0.8199,High,0.4479889723286798,0.003304805351869673,0.12013686230295127,0.0,0.04745266871446151,0.18048575968583608,0.1514363719305743,0.00568811607179779,0.04223586636084107,0.0012705772529884982
ANDHRA PRADESH,WARANGAL,ANDHRA PRADESH|WARANGAL,16,1.8973775928472862,0.7875311188222752,21.8125,21.8125,6.778295067363455,4.896625775426021,0.32130741640972976,587481.1875,Rice,0.3155661686613582,0.7169743414124219,0.7145804614540203,0.8679464987049192,0.584478021978022,0.7223,Moderate,0.4470262292441492,0.0017687800428503083,0.28916266361295184,0.0,0.00028607299020958014,0.10862315910328618,0.09579359934823445,0.05692267380051212,0.0,0.00041682185780629784
ANDHRA PRADESH,WEST GODAVARI,ANDHRA PRADESH|WEST GODAVARI,23,1.2853839975235812,0.5084222666921633,22.043478260869566,22.043478260869566,3.7370179904645364,2.1239352875702586,0.1705520857337893,610553.9565217391,Rice,0.6815657997252815,0.7837159426354157,0.4840946227881072,0.5603376370688758,0.590964590964591,0.5451,Moderate,0.7428328272948992,0.03735310649110455,0.007912700234234897,7.121116881668614e-08,0.04731248692829983,0.0833409944682452,0.034179509541620114,0.00533934222670631,0.04163752646296047,9.1435140760625e-05
ARUNACHAL PRADESH,ANJAW,ARUNACHAL PRADESH|ANJAW,16,1.194940204917262,0.6307013395496506,10.25,10.25,3.345634074228805,2.742420903145179,0.3433618536149195,8488.6875,Rice,0.43686818486367884,0.9531582473733424,0.4500321529350245,0.6951027156987286,0.2597680097680098,0.4683,Low,0.9548295893799836,0.0,0.0,0.0,0.0,0.008268357151797613,0.006641191585860594,0.01889279114115109,0.00027978412445975895,0.011088286616747288
ARUNACHAL PRADESH,CHANGLANG,ARUNACHAL PRADESH|CHANGLANG,23,1.3819100276743839,0.6393382406219124,11.08695652173913,11.08695652173913,4.117852074550269,2.86960596362022,0.38265093771478503,20668.956521739132,Rice,0.5219695152991464,0.8373805707362018,0.5204477532495972,0.7046215370711982,0.28327228327228327,0.5028,Moderate,0.8505656456016795,0.0,0.0,0.0,0.0,0.06291729247390541,0.007694799594434839,0.05298641524992322,0.018852048650990983,0.006983798429066064
ARUNACHAL PRADESH,DIBANG VALLEY,ARUNACHAL PRADESH|DIBANG VALLEY,23,1.2560394275278306,0.6297422225218836,8.782608695652174,8.782608695652174,3.7200333958189584,2.937072743927317,0.45055717764317516,9085.695652173914,Maize,0.43729512707504864,0.8733843451962233,0.4730430237559577,0.6940456625281269,0.21855921855921856,0.4619,Low,0.8763129812270603,0.0,0.0,0.0,0.0,0.03709127103760809,0.008939039388240474,0.0584148039680147,0.0009809973632705017,0.01826090701580602
ARUNACHAL PRADESH,EAST KAMENG,ARUNACHAL PRADESH|EAST KAMENG,23,0.9992705739544228,0.5051732281014898,8.956521739130435,8.956521739130435,2.830635595313652,2.066546991784859,0.3238676549615054,13666.04347826087,Rice,0.6368943652785864,0.9414321119626876,0.3763400761902259,0.5567568367658359,0.22344322344322345,0.3855,Low,0.9467038263674802,0.0,0.0,0.0,0.0,0.019582016995472754,0.014682535895062023,0.011688762053837025,0.00044540737276461175,0.006897451315383416
ARUNACHAL PRADESH,EAST SIANG,ARUNACHAL PRADESH|EAST SIANG,23,1.349646131649923,0.637347418865249,11.304347826086957,11.304347826086957,3.92632047865435,2.807242269359523,0.3690239015745864,24832.82608695652,Rice,0.5133597709903617,0.8730362160884524,0.5082966928616298,0.702427431045489,0.2893772893772894,0.5,Low,0.8838248811618562,0.0,0.0,0.0,0.0,0.03706349414782327,0.006579650007441063,0.04004517162591591,0.007369278041862542,0.02511752501510098
ARUNACHAL PRADESH,KAMLE,ARUNACHAL PRADESH|KAMLE,2,1.5093050079062749,0.6000626929027946,16.0,16.0,4.523588634618985,2.5003936067943116,0.28272428966368657,5846.0,Rice,0.6137529934998289,0.7992644543277454,0.5684265868271673,0.6613355343815455,0.42124542124542125,0.5503,Moderate,0.7992644543277455,0.0,0.0,0.0,0.0,0.07210058159425248,0.04977762572699282,0.03968525487512829,0.008980499486828601,0.030191583989052344
ARUNACHAL PRADESH,KRA DAADI,ARUNACHAL PRADESH|KRA DAADI,5,1.996342289888823,0.8181036688001242,13.4,13.4,7.412420255008795,5.524933025188142,0.5848968525721354,1554.8,Rice,0.31553897607409315,0.644455878569591,0.751852029931582,0.9016408341737676,0.3482295482295482,0.6672,Moderate,0.644455878569591,0.0,0.0,0.0,0.0,0.052354000514535634,0.05428350913300746,0.11242603550295859,0.06907640854129149,0.0674041677386159
ARUNACHAL PRADESH,KURUNG KUMEY,ARUNACHAL PRADESH|KURUNG KUMEY,18,1.33082432055359,0.6466067406897954,8.444444444444445,8.444444444444445,4.1386136717533555,3.2229246309311956,0.5052439376062842,3639.6111111111113,Rice,0.5767862866911911,0.9318455878985851,0.5012081204502549,0.7126322290095561,0.20906254239587574,0.4743,Low,0.9325324744707157,0.0,0.0,0.0,0.0,0.007128356204112161,0.005953016958466259,0.02097293666905805,0.008578450078610352,0.024834765619037445
ARUNACHAL PRADESH,LEPARADA,ARUNACHAL PRADESH|LEPARADA,1,1.2836778761284742,0.5222058820059416,20.0,20.0,3.609892076272365,2.092951675919199,0.18049460381361826,5208.0,Rice,0.6760752688172043,0.8536866359447004,0.4834520722391769,0.5755287074471237,0.5335775335775336,0.5309,Moderate,0.8536866359447005,0.0,0.0,0.0,0.0,0.07219662058371736,0.029953917050691243,0.022465437788018433,0.005952380952380952,0.01574500768049155
ARUNACHAL PRADESH,LOHIT,ARUNACHAL PRADESH|LOHIT,23,1.1758811927207693,0.6019482949584013,11.304347826086957,11.304347826086957,3.4017833529241845,2.6702173798590625,0.3056887922162467,28714.739130434784,Maize,0.5077804308952076,0.9124052334886342,0.4428542470814037,0.6634136766453866,0.2893772893772894,0.4652,Low,0.8903865459186995,0.0,0.0,0.0,0.0,0.048302719857549296,0.006742484922907339,0.03361854766299386,0.0007691853448993775,0.020180516292950597
ARUNACHAL PRADESH,LONGDING,ARUNACHAL PRADESH|LONGDING,7,1.3490083875852863,0.6926219781348155,10.428571428571429,10.428571428571429,3.90429225705615,3.271976928325833,0.4243523404055077,7922.428571428572,Rice,0.3769767567665038,0.9353553203382801,0.5080565090154013,0.7633461160838951,0.26478283621140764,0.5121,Moderate,0.9353553203382801,0.0,0.0,0.0,0.0,0.02354977730493896,0.01823034062426745,0.0143714950321871,0.0,0.008493066700326379
ARUNACHAL PRADESH,LOWER DIBANG VALLEY,ARUNACHAL PRADESH|LOWER DIBANG VALLEY,18,1.3642435257617103,0.6651277536029583,11.833333333333334,11.833333333333334,4.042789346642539,3.0596368086483223,0.3621152812451081,29752.444444444445,Rice,0.4066201843359276,0.8696390959472985,0.5137942873624555,0.7330444361290517,0.30423280423280424,0.517,Moderate,0.8413501038196675,0.0,0.0,0.0,0.0,0.03997804101997222,0.008462423255605514,0.09698922964312923,0.0033106523460257236,0.00990954991559984
ARUNACHAL PRADESH,LOWER SIANG,ARUNACHAL PRADESH|LOWER SIANG,2,1.8621693794257708,0.7567961293713095,20.0,20.0,6.43768979325996,4.1117770527150865,0.321884489662998,12339.5,Rice,0.41841241541391466,0.7607277442359901,0.7013205275913234,0.8340731369492698,0.5335775335775336,0.6897,Moderate,0.7639693666680173,0.0,0.0,0.0,0.0,0.07917662790226508,0.05790348069208639,0.05401353377365371,0.011102556829693262,0.03383443413428421
ARUNACHAL PRADESH,LOWER SUBANSIRI,ARUNACHAL PRADESH|LOWER SUBANSIRI,23,1.0954897817136504,0.5221856676587923,9.782608695652174,9.782608695652174,3.0540818034689745,2.133517899098538,0.3373129301918141,15826.91304347826,Rice,0.663097255912466,0.932069479889786,0.4125776528015057,0.5755064289981677,0.24664224664224663,0.4116,Low,0.9328029580873526,0.0,0.0,0.0,0.0,0.015718959724629757,0.0052112664448833715,0.019086915792856967,0.005175554023279004,0.022004345926998316
ARUNACHAL PRADESH,NAMSAI,ARUNACHAL PRADESH|NAMSAI,6,1.3980245535867073,0.6030210213465109,15.666666666666666,15.666666666666666,4.831209898323472,3.4039208769075615,0.4184369781519432,20421.333333333332,Rice,0.34011001566988774,0.8296471010707757,0.5265167220231036,0.6645959399114026,0.4118844118844119,0.5343,Moderate,0.6688593627579003,0.0,0.0,0.0,0.0,0.21134761034212587,0.0537836249673544,0.04017857142857143,0.0015669887699138157,0.024263841734134237
ARUNACHAL PRADESH,PAKKE KESSANG,ARUNACHAL PRADESH|PAKKE KESSANG,1,1.572975889476456,0.6356036083640761,16.0,16.0,4.8209735523219175,2.7442642763573826,0.30131084702011984,4805.0,Rice,0.5702393340270552,0.8020811654526535,0.5924059824441084,0.7005055587756525,0.42124542124542125,0.5714,Moderate,0.8114464099895942,0.0,0.0,0.0,0.0,0.07950052029136316,0.08054110301768991,0.01789802289281998,0.0,0.010613943808532778
ARUNACHAL PRADESH,PAPUM PARE,ARUNACHAL PRADESH|PAPUM PARE,23,1.1229756445766768,0.5396672381828982,11.043478260869565,11.043478260869565,3.145795032446583,2.187095941719147,0.3013630170333963,15504.434782608696,Rice,0.6159247564511696,0.9101379128552279,0.42292923523937426,0.5947730555042436,0.28205128205128205,0.4333,Low,0.9227261765217245,0.0,0.0,0.0,0.0,0.030075546407479486,0.006043151749008699,0.016096376352347997,0.010748677797656772,0.014310071171782547
ARUNACHAL PRADESH,SHI YOMI,ARUNACHAL PRADESH|SHI YOMI,1,1.0094580167591862,0.4081626680401761,16.0,16.0,2.7441133484624025,1.6896534672602972,0.17150708427890016,3517.0,Rice,0.761728746090418,0.8913847028717657,0.38017681781082235,0.44984045729814126,0.42124542124542125,0.4171,Low,0.884276371907876,0.0,0.0,0.0,0.0,0.06966164344611885,0.020471993176002276,0.01194199601933466,0.00398066533977822,0.009667330110889964
ARUNACHAL PRADESH,SIANG,ARUNACHAL PRADESH|SIANG,5,1.5896610074975144,0.6739379705441806,18.4,18.4,5.024029963227073,3.1471741860171427,0.28663788101320475,15880.0,Rice,0.5257304785894207,0.7861964735516374,0.5986898446441519,0.7427542707809194,0.4886446886446886,0.61,Moderate,0.7861964735516372,0.0,0.0,0.0,0.0,0.10474811083123425,0.029017632241813602,0.04435768261964736,0.008211586901763225,0.02746851385390428
ARUNACHAL PRADESH,TAWANG,ARUNACHAL PRADESH|TAWANG,23,1.7106051685832109,0.7962509298319503,8.347826086956522,8.347826086956522,5.610152745388318,4.992565514800645,0.6887263292252167,5274.217391304348,Wheat,0.2792419233844708,0.6631109499039627,0.644239204331221,0.8775566960092929,0.20634920634920634,0.576,Moderate,0.8234479461201745,0.0,0.0,0.0,0.0,0.014788923969762668,0.010914456709011021,0.02354357126958873,0.0,0.12730510193146316
ARUNACHAL PRADESH,TIRAP,ARUNACHAL PRADESH|TIRAP,23,1.2393490200006374,0.6667520773006318,8.869565217391305,8.869565217391305,3.486434628775522,3.0410972894638038,0.42602845096373737,12337.391304347826,Rice,0.37737877079221877,0.96097758669298,0.4667571694496782,0.7348346207102876,0.221001221001221,0.4742,Low,0.9637087679729349,0.0,0.0,0.0,0.0,0.010142373837045391,0.003051874823794756,0.012665632929235974,0.0036368762334367073,0.006794474203552297
ARUNACHAL PRADESH,UPPER SIANG,ARUNACHAL PRADESH|UPPER SIANG,23,1.0940314647351956,0.5312141942527402,8.434782608695652,8.434782608695652,3.0591124668714467,2.1710018736319854,0.3926845557989643,10837.695652173914,Rice,0.6074249700120754,0.9326104137330653,0.4120284290606231,0.5854568650614439,0.2087912087912088,0.4021,Low,0.9338139424793495,0.0,0.0,0.0,0.0,0.004043856587514593,0.007943289725475092,0.034388828043824496,0.010197900243513983,0.009612182920322385
ARUNACHAL PRADESH,UPPER SUBANSIRI,ARUNACHAL PRADESH|UPPER SUBANSIRI,23,1.2770247047235836,0.6122584240552823,9.608695652173912,9.608695652173912,3.6688006722893713,2.6231278995621987,0.4059081687082708,9402.565217391304,Rice,0.5696086636856732,0.9113100495239504,0.48094638949549856,0.6747765805827142,0.24175824175824173,0.4658,Low,0.9142185989947239,0.0,0.0,0.0,0.0,0.009530239203917525,0.010283965060413671,0.03488872139425411,0.005031004489986544,0.026047470856704228
ARUNACHAL PRADESH,WEST KAMENG,ARUNACHAL PRADESH|WEST KAMENG,23,1.4789125410371873,0.6887840276322589,8.08695652173913,8.08695652173913,4.512136334531232,3.3328571021614395,0.5614285001593476,6814.739130434783,Maize,0.4934381360095445,0.7944289551419876,0.5569803343353542,0.7591162696419178,0.19902319902319904,0.505,Moderate,0.8930961662381411,0.0,0.0,0.0,0.0,0.010826916083425312,0.022208895042076317,0.01723884929723936,0.0,0.0566291733391179
ARUNACHAL PRADESH,WEST SIANG,ARUNACHAL PRADESH|WEST SIANG,23,0.9312421843572779,0.45058371750519355,11.08695652173913,11.08695652173913,2.548917992771116,1.8291510972306402,0.2527143473439374,30233.565217391304,Rice,0.6971045713661178,0.9600760456273765,0.3507195786079008,0.4965931512229374,0.28327228327228327,0.3769,Low,0.9617413413252187,0.0,0.0,0.0,0.0,0.0111407994569813,0.0025267051304913054,0.012062608215458777,0.0030314709249150097,0.009497074946934877
ASSAM,BAKSA,ASSAM|BAKSA,15,1.2038036736829452,0.4329919114198857,31.066666666666666,31.066666666666666,3.343383558751379,1.7683897226577157,0.10766867741404815,129918.0,Rice,0.7468628930043053,0.8586893271140258,0.45337026635248123,0.4772050329216914,0.8443630443630443,0.5916,Moderate,0.7592430096932937,0.00017446902405106812,0.006913591650117766,0.0,0.010678017416113754,0.09461660431964777,0.0505872935236072,0.035718427520949114,0.00272428249613859,0.039344304356081015
ASSAM,BARPETA,ASSAM|BARPETA,23,1.4875815326572142,0.5473502435826643,29.695652173913043,29.695652173913043,4.451010275111925,2.2245874526906477,0.15031326089368563,227129.5652173913,Rice,0.6638773502195644,0.7887109062438983,0.560245204783668,0.6032405782177973,0.8058608058608058,0.6564,Moderate,0.7029973315364914,0.0001003066627360748,0.02928686556992944,0.0,0.01153488336479083,0.11278163392662299,0.0629521935382601,0.0350857009406621,0.0013451429752793847,0.04391594148522774
ASSAM,BISWANATH,ASSAM|BISWANATH,1,0.46255800310679496,0.2877709115536857,2.0,2.0,1.5881312381902852,1.4040426264833425,0.7940656190951426,2858.0,Arecanut,0.8257522743177047,1.0,0.17420618466000162,0.3171554102975211,0.028083028083028084,0.1731,Very Low,0.0,0.0,0.0,0.0,0.0,0.17424772568229532,0.0,0.8257522743177047,0.0,0.0
ASSAM,BONGAIGAON,ASSAM|BONGAIGAON,23,1.4059082545984873,0.516877262096799,29.08695652173913,29.08695652173913,4.095108122455218,2.073956722381613,0.141137995969543,107747.21739130435,Rice,0.6871308287594232,0.8149832175631692,0.5294858404148252,0.5696559782526429,0.7887667887667887,0.6293,Moderate,0.7376722328348235,0.00019005837334243677,0.03221832420972437,0.0,0.006543092407107457,0.10609978427769344,0.05447048768736487,0.029800426602361565,0.0018025281395343206,0.031203065468047998
ASSAM,CACHAR,ASSAM|CACHAR,23,0.7155771286354893,0.2531546454419907,29.0,29.0,2.0519274546219437,1.340932852174221,0.07098261364839756,122856.86956521739,Rice,0.8621863971790432,0.9180722141141264,0.2694969291900174,0.27900445187594813,0.7863247863247863,0.4449,Low,0.8636823054611446,6.723978556878488e-05,0.0013044518400344269,0.0,0.02170606446242853,0.025257386821285144,0.022696258778330952,0.045110110457273006,0.001780792636748029,0.018395389757186516
ASSAM,CHARAIDEO,ASSAM|CHARAIDEO,1,0.601269478993648,0.4109726352367269,2.0,2.0,1.824433410795332,1.6977139939871801,0.912216705397666,1730.0,Arecanut,0.7109826589595376,1.0,0.22644697785891948,0.45293735230512105,0.028083028083028084,0.2358,Very Low,0.0,0.0,0.0,0.0,0.0,0.28901734104046245,0.0,0.7109826589595376,0.0,0.0
ASSAM,CHIRANG,ASSAM|CHIRANG,15,1.4901120797384266,0.5650518868989506,30.866666666666667,30.866666666666667,4.46872061971254,2.3345340743333316,0.1446451481459091,75274.13333333333,Rice,0.6377153019363889,0.8185308454785707,0.561198246238274,0.6227497493101988,0.8387464387464387,0.6742,Moderate,0.657817824981047,0.0007722883115226833,0.019825314052104664,0.0,0.012526658117175267,0.16395539149349223,0.049205039004102336,0.04919618248676836,0.0017119648006575078,0.0449893367531299
ASSAM,DARRANG,ASSAM|DARRANG,23,1.4447032698075903,0.5456082750833444,28.956521739130434,28.956521739130434,4.277188605850098,2.22455359630407,0.14745075870060104,159634.04347826086,Rice,0.6687796517197079,0.8153556653901056,0.5440966168753164,0.6013207360379734,0.7851037851037851,0.6435,Moderate,0.6992191106669794,5.746839987002881e-05,0.03851145405129068,0.0,0.008584308185324968,0.1257490297781638,0.0536174723545675,0.028457752419051945,0.004287523937222718,0.04151588020752901
ASSAM,DHEMAJI,ASSAM|DHEMAJI,23,0.9975680970781131,0.4253258775939381,29.565217391304348,29.565217391304348,2.7221452587922315,1.7513126701646566,0.09274053264804433,99151.86956521739,Rice,0.7409875847020798,0.928226484361057,0.3756988982209728,0.46875621476180074,0.8021978021978021,0.5489,Moderate,0.7540343250341045,8.726183329657228e-05,0.0013001574659514412,0.0,0.01058586893272639,0.1450581080494437,0.02235043036746879,0.016989308890665307,0.0012742858671348696,0.04832025355920847
ASSAM,DHUBRI,ASSAM|DHUBRI,23,1.5591924976412534,0.5901310978118769,28.608695652173914,28.608695652173914,4.763405045979532,2.4461300286726844,0.16740275445104816,168308.60869565216,Rice,0.6239821363344457,0.7844836271259472,0.5872149532387827,0.6503898168350338,0.7753357753357754,0.671,Moderate,0.6845453150501486,3.79737221842485e-05,0.08554472142012422,0.0,0.006390951611144951,0.09891663812179387,0.05824419841605663,0.023207369072030727,0.0010433732238243516,0.04206945936269244
ASSAM,DIBRUGARH,ASSAM|DIBRUGARH,23,0.675546825371518,0.25099722665314445,26.391304347826086,26.391304347826086,2.0205704309995203,1.3671585661932404,0.07696309439445655,92719.39130434782,Rice,0.8488501537598719,0.9272841007884471,0.2544209249796023,0.27662673747296734,0.713064713064713,0.4147,Low,0.8560471849141824,3.4231383519980346e-05,0.00024759137669246056,0.0,0.007817885288289209,0.06086668235995847,0.027125323439681957,0.028141948637919183,0.0012515556522579114,0.018467596947498437
ASSAM,DIMA HASAO,ASSAM|DIMA HASAO,23,1.8809812472054837,0.7100587542796966,28.304347826086957,28.304347826086957,6.832489323181551,3.897386824614764,0.2411877647877036,30872.521739130436,Rice,0.4679072990192489,0.6405668189525511,0.708405355202609,0.7825633742238447,0.7667887667887667,0.7526,High,0.5385174377665237,0.0007576739129210161,0.009238551800672611,0.0,0.032229307615608646,0.1165479925866255,0.03945396778900049,0.12399235002844798,0.08405955485953458,0.0552031636406654
ASSAM,GOALPARA,ASSAM|GOALPARA,23,1.2978138161955266,0.4587274076465367,29.347826086956523,29.347826086956523,3.6721226111223984,1.8534073916531582,0.12586852190159292,106318.0,Rice,0.7297054693180508,0.8082520281648901,0.4887758763223917,0.505568399534759,0.7960927960927962,0.5968,Moderate,0.7619144208064895,0.0002130605721800963,0.03456611298180929,0.0,0.022615091558793675,0.06718278306998611,0.058852564537723986,0.03319410104387412,0.0017731874106965404,0.01968867801844671
ASSAM,GOLAGHAT,ASSAM|GOLAGHAT,23,1.064239048986403,0.39253657021950067,28.565217391304348,28.565217391304348,2.92027827971587,1.6576252546785013,0.10252607681212553,128024.17391304347,Rice,0.777475109999606,0.8716533154743873,0.4008081646947649,0.4326187671734917,0.7741147741147741,0.5358,Moderate,0.7863093790710721,8.55816632456642e-05,0.004168030765928718,0.0,0.01973200713452215,0.06282712911556106,0.03140507431341092,0.05600640639879153,0.02247028074860862,0.01699611078885917
ASSAM,HAILAKANDI,ASSAM|HAILAKANDI,23,0.7786751953445565,0.29020189470430635,26.347826086956523,26.347826086956523,2.186868623076322,1.4124395955332247,0.0833672465807542,54733.47826086957,Rice,0.8392502800130276,0.9101885023870615,0.2932605942590034,0.3198346229198073,0.7118437118437119,0.4416,Low,0.8409065272824041,1.191544798112593e-05,0.001390929960996767,0.0,0.0236831444072859,0.017242447591887963,0.03492258930628262,0.057125040711113934,0.003727152128496191,0.02099025316355144
ASSAM,HOJAI,ASSAM|HOJAI,1,0.6802426739679679,0.48715109842083804,2.0,2.0,1.9743567990981892,1.949892057720714,0.9871783995490946,1179.0,Arecanut,0.5801526717557252,1.0,0.25618945100711477,0.5368944542114549,0.028083028083028084,0.2737,Low,0.0,0.0,0.0,0.0,0.0,0.4198473282442748,0.0,0.5801526717557252,0.0,0.0
ASSAM,JORHAT,ASSAM|JORHAT,23,1.0142160231835458,0.3974461730047705,27.73913043478261,27.73913043478261,2.771662185292806,1.6671332485476686,0.10061120810267675,118872.30434782608,Rice,0.7683144097264767,0.8821574338265066,0.3819687533955669,0.4380296930983992,0.7509157509157509,0.5236,Moderate,0.775027861464787,5.705793904529632e-05,0.0008569663537380082,0.0,0.017676256911417183,0.08706017381457559,0.06655845165235769,0.02763542756695804,0.004602307993634382,0.02052549630348679
ASSAM,KAMRUP,ASSAM|KAMRUP,23,1.2395366150335756,0.4449526447742254,29.434782608695652,29.434782608695652,3.4636513824230786,1.8060065764025752,0.11827077255065331,180294.1739130435,Rice,0.7380517733578407,0.8294482977819341,0.4668278205133931,0.4903870855272661,0.7985347985347985,0.5852,Moderate,0.7583606116187892,0.0004982195764120763,0.02391598657845656,0.0,0.014236877605343538,0.08285034651099193,0.04481637015447701,0.03806508493606825,0.004466854411365387,0.03278964860809604
ASSAM,KAMRUP METRO,ASSAM|KAMRUP METRO,15,0.8503657422520315,0.2926080110080299,29.866666666666667,29.866666666666667,2.347926466357332,1.4166441210762362,0.07884217092146756,31043.4,Rice,0.8395665423246165,0.9006251463005556,0.32026031444340736,0.32248642952322987,0.8106634106634106,0.4845,Low,0.8474930795810597,3.0065435272339156e-05,0.0024524805057865224,0.0,0.0182690469901278,0.051787712256604196,0.022422372119892366,0.0340598431013785,0.0030001009339612715,0.02048529907591737
ASSAM,KARBI ANGLONG,ASSAM|KARBI ANGLONG,23,1.3132039749378073,0.49615839851568727,29.52173913043478,29.52173913043478,3.7389746831622843,1.9938887659043476,0.1266242116168623,181720.52173913043,Rice,0.6968581950496366,0.8549990286086709,0.49457203770711966,0.5468214963222482,0.8009768009768009,0.6141,Moderate,0.7601773578730071,0.0003864032010933177,0.014178006743274192,0.0,0.009142562922710746,0.12433785086128436,0.025956964014497177,0.021181833929407125,0.03459540833367627,0.010043612121049716
ASSAM,KARIMGANJ,ASSAM|KARIMGANJ,23,0.5558863740852638,0.19520719401399808,25.869565217391305,25.869565217391305,1.7468580411481227,1.2437886905689488,0.06858915145637512,82246.52173913043,Rice,0.8960574518811422,0.9455470563047467,0.20935502938756445,0.21513994370131959,0.6984126984126984,0.3743,Low,0.8965073189298345,6.290737813677862e-05,0.0010979716335301612,0.0,0.013057245714104469,0.01103628011228174,0.010350113920504105,0.0343215254246248,0.008396284764255923,0.025170352122727536
ASSAM,KOKRAJHAR,ASSAM|KOKRAJHAR,23,1.3070899010109356,0.5038071636044148,29.695652173913043,29.695652173913043,3.706297612193048,2.0220275488621176,0.12504033051024455,146531.34782608695,Rice,0.6855087544704042,0.8593575910897238,0.49226938704628226,0.5552512824215016,0.8058608058608058,0.6178,Moderate,0.7064438800897627,0.00041777675707320086,0.03361203909179843,0.0,0.007275190558720036,0.1608897458059872,0.02993453545034584,0.021214335795783124,0.0011833051897783557,0.03902919126075115
ASSAM,LAKHIMPUR,ASSAM|LAKHIMPUR,23,1.022544209521182,0.4239987862940045,29.608695652173914,29.608695652173914,2.798988065725109,1.7511417450448004,0.09457413682986866,168724.73913043478,Rice,0.7418965647418009,0.9114516079572877,0.3851052715344223,0.4672936131963392,0.8034188034188035,0.5519,Moderate,0.7458961328575048,0.00037622379027945957,0.0021761711704863258,0.0,0.011678141062790977,0.13531146304928351,0.03603425079541698,0.025320118773335218,0.0018713268253489283,0.04133617167555388
ASSAM,MAJULI,ASSAM|MAJULI,1,0.5752791897453828,0.3868413611084929,2.0,2.0,1.7776267528007257,1.630899308224443,0.8888133764003628,515.0,Arecanut,0.7378640776699029,1.0,0.21665865056214845,0.42634201608499644,0.028083028083028084,0.2237,Very Low,0.0,0.0,0.0,0.0,0.0,0.2621359223300971,0.0,0.7378640776699029,0.0,0.0
ASSAM,MARIGAON,ASSAM|MARIGAON,23,1.1482452822683402,0.4215830740425783,29.608695652173914,29.608695652173914,3.167591187069784,1.7382699362731302,0.1073551541922179,116526.08695652174,Rice,0.7532700272377896,0.8614861385769187,0.4324461545023383,0.46463123079595925,0.8034188034188035,0.5668,Moderate,0.7951953285325174,7.798216484459536e-05,0.044113652475653894,0.0,0.009247789261594717,0.08178164993843513,0.02756650871236148,0.019435468825790083,0.0061870825715458376,0.016394537517256818
ASSAM,NAGAON,ASSAM|NAGAON,23,1.2483149580480224,0.4515783345608039,29.565217391304348,29.565217391304348,3.49046657879462,1.826907733734006,0.11887893196613424,285539.8695652174,Rice,0.7334863919863776,0.8361783635788621,0.4701338743140242,0.4976893293552507,0.8021978021978021,0.59,Moderate,0.749225456522709,6.88246231357016e-05,0.035770227472992806,0.0,0.01097295938418407,0.08644570612769069,0.03675448049057948,0.030108184085158595,0.02567539110125031,0.024978770192299347
ASSAM,NALBARI,ASSAM|NALBARI,23,1.1335879765944512,0.4143392045441791,29.565217391304348,29.565217391304348,3.1256852764345022,1.720164247142041,0.10618900213401813,134740.91304347827,Rice,0.7607353371575272,0.8508367588554008,0.42692599642120344,0.4566476844725919,0.8021978021978021,0.5619,Moderate,0.7757774098503376,0.0002449144751553787,0.018999103270979634,0.0,0.010085700705476307,0.08979810205802376,0.04688159982394554,0.026762795329264764,0.0012148919617391315,0.03023548252507792
ASSAM,SIVASAGAR,ASSAM|SIVASAGAR,23,0.5216987500324288,0.18070855618099155,27.695652173913043,27.695652173913043,1.691595712785146,1.2231196203903947,0.061459135871807194,110221.43478260869,Rice,0.9037076746296882,0.9484870969230714,0.19647946457443155,0.1991608393302216,0.7496947496947497,0.3818,Low,0.9054137264392272,3.865735892134924e-05,0.00047572219244027735,0.0,0.013694961092157171,0.021616169505418538,0.012842921344502944,0.03414707073862774,0.0009956242236478108,0.010775147105056896
ASSAM,SONITPUR,ASSAM|SONITPUR,23,1.2322953878452303,0.4545796471848475,29.608695652173914,29.608695652173914,3.442084551322634,1.838953062092918,0.11664637227994623,221527.52173913043,Rice,0.7307976062646451,0.8551331241009803,0.4641006672650108,0.5009971082116,0.8034188034188035,0.5895,Moderate,0.7467691226117159,0.0001705549197636254,0.01260791425856793,0.0,0.01420590983591596,0.10324676509916424,0.04223756278786049,0.03201270702845245,0.010167742431846235,0.03858172102671314
ASSAM,SOUTH SALMARA MANCACHAR,ASSAM|SOUTH SALMARA MANCACHAR,1,0.0,0.0,1.0,1.0,1.0,1.0,1.0,227.0,Arecanut,1.0,1.0,0.0,0.0,0.0,0.0,Very Low,0.0,0.0,0.0,0.0,0.0,0.0,0.0,1.0,0.0,0.0
ASSAM,TINSUKIA,ASSAM|TINSUKIA,23,1.0451720399589361,0.4115981924111448,28.434782608695652,28.434782608695652,2.8590541446922955,1.7051180601541127,0.10076663673979445,84179.82608695653,Rice,0.7583857745530272,0.88543625034605,0.3936272471163354,0.4536267855812153,0.7704517704517705,0.5392,Moderate,0.7728987013308982,3.615448501551544e-05,0.0002003991455145713,0.0,0.021537743216385626,0.09832831991141118,0.03363038546878938,0.03678718850328696,0.0033556527020829115,0.03322545523661561
ASSAM,UDALGURI,ASSAM|UDALGURI,15,1.288490100928051,0.46754032193290995,29.733333333333334,29.733333333333334,3.6696083022053676,1.9094117481684585,0.12354641436743105,122241.33333333333,Rice,0.7209023679933683,0.8373408885156138,0.4852644272658544,0.5152812069596684,0.806919006919007,0.6025,Moderate,0.7402826103554717,7.089800503921205e-06,0.04171256858018564,0.0,0.006663321735146868,0.07274353464730969,0.0361874325105529,0.03215224528528266,0.006175761608184902,0.06407543547736172
ASSAM,WEST KARBI ANGLONG,ASSAM|WEST KARBI ANGLONG,1,0.35582926835480455,0.20278538546704739,2.0,2.0,1.4273638312841288,1.2543673708062277,0.7136819156420644,655.0,Arecanut,0.8854961832061069,1.0,0.1340105647596777,0.22349194983921805,0.028083028083028084,0.1285,Very Low,0.0,0.0,0.0,0.0,0.0,0.11450381679389313,0.0,0.8854961832061069,0.0,0.0
BIHAR,ARARIA,BIHAR|ARARIA,23,1.6446973702888448,0.7088306670559266,24.0,24.0,5.343416902610531,3.5492178106116907,0.2369451751615823,250312.30434782608,Rice,0.46597997666567137,0.7701273348441416,0.6194173527945789,0.7812098861133437,0.645909645909646,0.6822,Moderate,0.7676962847976172,7.29523449228555e-06,0.12859170882704268,0.0,0.0007338658507120583,0.020712907684192077,0.06179480485508277,0.0019186466714710996,0.00029041981121670095,0.018254066268173167
BIHAR,ARWAL,BIHAR|ARWAL,16,1.2956167545330404,0.5904151063293501,22.375,22.375,3.6682891967259756,2.4613996094020365,0.1676205181565326,50154.4375,Rice,0.584259119644199,0.8897717176072406,0.487948430408336,0.650702825670433,0.6002747252747253,0.5796,Moderate,0.8476518154550133,0.0,0.00014206120844242347,0.0,8.7230566587453e-06,0.01167643441320621,0.12615658385162828,0.0005831986451846858,0.0007476905707495972,0.013033492799116728
BIHAR,AURANGABAD,BIHAR|AURANGABAD,23,1.2675206557178824,0.5933490550044017,21.73913043478261,21.73913043478261,3.587204803435161,2.5040127979353524,0.17149871567433234,263531.0869565217,Rice,0.5756852380257094,0.8763356851720323,0.47736702408622117,0.6539363619955744,0.5824175824175825,0.5712,Moderate,0.8300415015801287,0.0,1.6498342329054487e-06,0.0,0.0,0.024508947463503603,0.1398285657248588,5.493947995575144e-05,0.0009432102309520451,0.004621185686368162
BIHAR,BANKA,BIHAR|BANKA,23,1.240286289650576,0.5415999539203883,20.82608695652174,20.82608695652174,3.5008725780004744,2.2189405687395496,0.17187208674168253,153844.4347826087,Rice,0.6393002304417055,0.8982351454970607,0.46711015906096315,0.5969031222625644,0.5567765567765567,0.5403,Moderate,0.9034128772656286,0.0,0.0035176697409184093,0.0,0.0,0.0085775523665634,0.060900310929561254,3.165252759563444e-05,0.009084275419947083,0.014475661749785639
BIHAR,BEGUSARAI,BIHAR|BEGUSARAI,23,1.5076076393377351,0.7041865312990194,27.52173913043478,27.52173913043478,4.531028256976802,3.389511554576011,0.16796783560530712,159516.13043478262,Maize,0.3774005681856899,0.875004599507587,0.5677873327221662,0.7760915342496791,0.7448107448107447,0.6962,Moderate,0.8807169835080056,4.633578013508788e-05,0.00032571327800841185,0.0,0.0007648129356415094,0.04887280037919022,0.030935947325485144,0.004561076145768003,0.015793959504163544,0.017982371143602488
BIHAR,BHAGALPUR,BIHAR|BHAGALPUR,23,1.8080746645068497,0.7659592251774595,29.17391304347826,29.17391304347826,6.1225405464450535,4.298023015543378,0.21314515145486695,153517.30434782608,Wheat,0.2922287757958457,0.8168805782551634,0.6809476579555126,0.8441718831856587,0.7912087912087912,0.7721,High,0.8298093006368351,0.00011356884282695224,0.0017128787067765764,0.0,0.0036234408357307406,0.022015645878187363,0.11062115076674546,0.0007187973144508847,0.018552787421216927,0.01283242959722994
BIHAR,BHOJPUR,BIHAR|BHOJPUR,23,1.3475996085101836,0.6292619687572187,23.043478260869566,23.043478260869566,3.862116930279257,2.7075367339175513,0.16921174505112968,204745.0,Rice,0.47601204892193577,0.8734406637312373,0.5075259419815286,0.6935163696994777,0.6190476190476191,0.6067,Moderate,0.8675937300587051,0.0,3.1215923943569255e-05,0.0,0.0,0.00986911609032232,0.10696805251919939,7.071362362726913e-05,0.0009638712842167405,0.014503300499985666
BIHAR,BUXAR,BIHAR|BUXAR,23,1.303832962391688,0.6189228042501874,20.304347826086957,20.304347826086957,3.7096662825035254,2.6422255074947207,0.18387602147299542,170013.78260869565,Rice,0.43866213404181814,0.8840083809062028,0.49104277579597394,0.6821214655249835,0.5421245421245421,0.5718,Moderate,0.8919307565089991,0.0,4.091739876843744e-06,0.0,0.0,0.01386895231256187,0.07963548735307137,8.694947238292956e-05,0.0019829594378153997,0.012490803175292439
BIHAR,DARBHANGA,BIHAR|DARBHANGA,23,1.3466846504269347,0.6479406933780364,22.26086956521739,22.26086956521739,3.8690376308747085,2.8512593561024664,0.17989444253666206,179030.69565217392,Rice,0.4607045767716296,0.8900943875060531,0.5071813552362209,0.7141023925847152,0.5970695970695971,0.6061,Moderate,0.8971546293008777,2.8899586323064348e-05,4.5899342983690435e-05,0.0,0.0002804959849003304,0.013272681439617108,0.0710434402067559,0.00040289423285683824,0.0061441977644834285,0.011626862141201922
BIHAR,GAYA,BIHAR|GAYA,23,1.4037605427252569,0.6261899326571303,26.08695652173913,26.08695652173913,4.106808648790346,2.703381321744847,0.1627349676324942,192455.0,Rice,0.5082382894702657,0.8547280956700211,0.5286769803612287,0.6901306457410971,0.7045177045177045,0.6411,Moderate,0.8619894204517601,0.0,0.0002534754030586484,0.0,1.4458490014040548e-05,0.01822176386800754,0.09316712094188026,0.0003011432373236883,0.0034074594512777125,0.022645158156678072
BIHAR,GOPALGANJ,BIHAR|GOPALGANJ,23,1.3531519986298384,0.6678485823838729,22.695652173913043,22.695652173913043,3.8889584864357354,3.0241954293382696,0.18692082990798328,206770.30434782608,Wheat,0.3948845147850471,0.880751524954071,0.5096170542139238,0.7360430907314273,0.6092796092796092,0.6183,Moderate,0.8645693173079895,0.001233042252093638,0.00028849487890048964,0.0,4.520874560029539e-05,0.01164324958781189,0.01715303917369347,0.00011796328503146843,0.09321538687016069,0.011734297898718531
BIHAR,JAMUI,BIHAR|JAMUI,23,1.2370510788517146,0.5537289322940103,16.82608695652174,16.82608695652174,3.5416879489060356,2.3444310005779387,0.21392249403114466,77406.04347826086,Rice,0.5862057731701659,0.8881364728852201,0.46589173082914126,0.6102705995096808,0.4444444444444444,0.5069,Moderate,0.8957383958897716,2.2467631164626514e-06,9.717250478700966e-05,0.0,0.0,0.012135329282793894,0.06901775448383707,1.6850723373469884e-06,0.007141336565676537,0.015866079437680126
BIHAR,JEHANABAD,BIHAR|JEHANABAD,23,1.3596874608239347,0.6387118524527822,22.347826086956523,22.347826086956523,3.921496978281875,2.8009111938462103,0.18139390166949224,98029.69565217392,Rice,0.49126506919154483,0.8650466606613878,0.512078405928036,0.7039311879469125,0.5995115995115995,0.6052,Moderate,0.809284054565542,5.322255944627249e-06,0.00024349320946669665,0.0,0.0,0.006000400056238505,0.16989971539236337,0.0003477207217156469,0.0019133510120934961,0.012305942786635637
BIHAR,KAIMUR (BHABUA),BIHAR|KAIMUR (BHABUA),23,1.1789862815223788,0.5811882050717059,19.52173913043478,19.52173913043478,3.2720999236367647,2.397771825882085,0.1755675952444081,199855.95652173914,Rice,0.5304696621719077,0.9142012497261615,0.44402366944470895,0.640533758761122,0.5201465201465201,0.5349,Moderate,0.8915856137257115,1.3705523130028213e-05,1.6533646950510225e-05,0.0,1.08773993095462e-06,0.018454160572603705,0.08444016310007621,0.00024756960828527155,0.0020814991318747612,0.0031596669514369806
BIHAR,KATIHAR,BIHAR|KATIHAR,23,1.637615302482552,0.7228385114486521,26.652173913043477,26.652173913043477,5.170205913259753,3.6440821953071425,0.19931399874836725,238659.47826086957,Rice,0.43909769203638876,0.7854286842741924,0.6167501413232581,0.7966480817661726,0.7203907203907203,0.7113,Moderate,0.78832438722954,0.00025905565287854187,0.12164083883021981,0.0,0.006531226590259216,0.023959550882756732,0.03863718508888779,0.0005100955190294777,0.00046600869202764424,0.019671651514400725
BIHAR,KHAGARIA,BIHAR|KHAGARIA,23,1.534714455056235,0.6979231095536135,27.08695652173913,27.08695652173913,4.6538592002718895,3.329221380182874,0.1736934425513712,123250.0,Maize,0.4379723079636652,0.884456124878737,0.5779961603997438,0.7691885499181302,0.7326007326007326,0.6933,Moderate,0.8927700855454626,1.4110591762942057e-06,0.001145780051150895,0.0,0.002363524120292795,0.032239174530381866,0.06278437251962254,0.001688685069230091,0.0006476761619190405,0.006359290942763912
BIHAR,KISHANGANJ,BIHAR|KISHANGANJ,23,1.4816551671437281,0.6318792752136272,25.434782608695652,25.434782608695652,4.460526693873209,2.781069236216605,0.17995716007022977,149031.60869565216,Rice,0.5614554484648282,0.8610076006636469,0.5580132478872987,0.6964009312368995,0.6862026862026862,0.6469,Moderate,0.7192769435838968,0.0009671131919198933,0.17295513907612828,0.0,0.0010981037871452422,0.02775075144549143,0.05824005237289901,0.003588967266062904,0.00029903198241866986,0.01582389729403771
BIHAR,LAKHISARAI,BIHAR|LAKHISARAI,23,1.510329312925579,0.6965293420164393,13.478260869565217,13.478260869565217,4.557141666099619,3.341660893069088,0.3457025455265748,77802.73913043478,Wheat,0.3816144843453036,0.79155143191002,0.5688123552457063,0.7676524637559632,0.3504273504273504,0.5623,Moderate,0.785539572486271,0.0,2.6264862699033173e-05,0.0,0.0,0.021547805123660002,0.18914668814052038,0.00020117767173727537,3.352961195621256e-05,0.0035049621031560865
BIHAR,MADHEPURA,BIHAR|MADHEPURA,23,1.7144967658247647,0.748249283551544,25.869565217391305,25.869565217391305,5.5885940982538855,4.0234134550662555,0.2228878560254705,191404.08695652173,Rice,0.39357071563144125,0.7967514209637067,0.645704837404546,0.8246535664371484,0.6984126984126984,0.7229,Moderate,0.8011629845712258,9.086171891291222e-07,0.03919456537886838,0.0,0.000983805261529557,0.03321291126853409,0.10850615610861064,0.0005737917549350407,0.0036228838873550925,0.012741993151752246
BIHAR,MADHUBANI,BIHAR|MADHUBANI,23,1.1122468796798366,0.5461631938123643,27.52173913043478,27.52173913043478,3.0921755812428033,2.2312908680800017,0.11415060317505694,291933.1304347826,Rice,0.60458559449737,0.9232741208454229,0.41888862371338326,0.601932317925225,0.7448107448107447,0.5885,Moderate,0.9112552874675588,2.859499391015989e-05,0.00034492711404130366,0.0,0.0005449431391524741,0.005780061008610966,0.06571025347972778,0.0002950348069584726,0.0013120932101484825,0.014728804779891524
BIHAR,MUNGER,BIHAR|MUNGER,23,1.2935744799100573,0.6310948830428557,18.434782608695652,18.434782608695652,3.6612329739954346,2.7412009753536237,0.1995757008384264,54360.217391304344,Rice,0.48412481954114456,0.921383524556401,0.4871792795824758,0.6955364442065319,0.4896214896214896,0.5574,Moderate,0.922751212723499,1.1997264623665805e-05,0.00024154492775647153,0.0,0.0,0.01071835621478303,0.05538737167925713,2.799361745522021e-05,0.0009413853641369767,0.009920138208488465
BIHAR,MUZAFFARPUR,BIHAR|MUZAFFARPUR,23,1.4288102783037215,0.6797498983342447,25.956521739130434,25.956521739130434,4.190756207559872,3.1381114208428613,0.16778161207849918,290544.04347826086,Rice,0.4387128016062221,0.8644147792903658,0.5381110812362679,0.7491596587783559,0.7008547008547008,0.6627,Moderate,0.8675532692566404,0.0021328802502890752,0.000505797744052275,0.0,0.0008413002713200858,0.017061395914979887,0.09201493510001402,0.0008164593170263941,0.005554197949184685,0.013519764196493145
BIHAR,NALANDA,BIHAR|NALANDA,23,1.3354808726246226,0.6374735859327878,22.043478260869566,22.043478260869566,3.8176557309166297,2.782671462232129,0.1767434056409853,212652.13043478262,Rice,0.4388616722268805,0.8820508857188482,0.5029618468251458,0.7025664811247874,0.590964590964591,0.5988,Moderate,0.853809007116951,0.0,0.00026088739744170873,0.0,0.0,0.011016154368463375,0.11556473432114789,0.0012181560454213956,0.0006329995160497886,0.017498061234524888
BIHAR,NAWADA,BIHAR|NAWADA,23,1.239070075865493,0.5885348725473277,24.782608695652176,24.782608695652176,3.4637609698100476,2.442982204187467,0.14267953662877628,128954.04347826086,Rice,0.5075316686800792,0.9016255538289172,0.4666521149631264,0.6486305998385274,0.667887667887668,0.5944,Moderate,0.8969835226098412,0.0,0.0003570533890907546,0.0,3.3716089621412146e-07,0.015006020007801903,0.0736689815009931,0.00018038107947455497,0.0010408156866129929,0.012762888565289354
BIHAR,PASHCHIM CHAMPARAN,BIHAR|PASHCHIM CHAMPARAN,23,1.5052622106890776,0.696358909064265,26.73913043478261,26.73913043478261,4.5734728329578616,3.357262383277796,0.1720920593309697,361590.5652173913,Rice,0.425501074179143,0.8623630642536724,0.5669040096069449,0.7674646277700978,0.7228327228327228,0.6857,Moderate,0.6705904335951436,0.0,0.0001298610258564124,0.0,0.0002848525650498528,0.037968117434768585,0.04945480613853069,0.0024881613037469837,0.2266787934419701,0.012404974494933796
BIHAR,PATNA,BIHAR|PATNA,23,1.6471811864160888,0.7377913275279774,21.47826086956522,21.47826086956522,5.222320373862245,3.8498105272433616,0.24877175651497593,204620.47826086957,Rice,0.3632976086587449,0.7868444039877857,0.6203527946808244,0.8131277408572793,0.5750915750915752,0.6695,Moderate,0.7117941147035519,0.0,1.402384180596485e-05,0.0,0.0,0.016006303079444426,0.2483312159457031,0.0010866352575106704,0.0015965931413639376,0.021171114030619997
BIHAR,PURBI CHAMPARAN,BIHAR|PURBI CHAMPARAN,23,1.296543432226526,0.6257753919552849,23.608695652173914,23.608695652173914,3.6945611858449263,2.7169785351213305,0.17365764241826517,355660.9130434783,Rice,0.513428093026076,0.9041959971399235,0.48829743093217814,0.689673775984286,0.6349206349206349,0.6043,Moderate,0.9060117226948335,5.990072860067864e-06,0.0004501111891993852,0.0,0.0005174689472789238,0.008045523575765436,0.03381445028062269,0.0009177036114393766,0.034408567711233504,0.01582846191676708
BIHAR,PURNIA,BIHAR|PURNIA,23,1.6382678236961452,0.7189745257849838,23.91304347826087,23.91304347826087,5.279042596253841,3.7195142140895268,0.22669567552215775,238573.08695652173,Rice,0.44421953640676337,0.7820503825188199,0.6169958904623202,0.7923895416936961,0.6434676434676435,0.6843,Moderate,0.7826873215955515,0.0001200980977299637,0.10987044167123337,0.0,0.0034084897144818077,0.025141689330094998,0.04993274324284182,0.0006374858055529788,0.00035355130439473383,0.027848179238118807
BIHAR,ROHTAS,BIHAR|ROHTAS,23,1.03253190531982,0.5469791322858708,22.869565217391305,22.869565217391305,2.821028073435368,2.219792410532666,0.12912486215724625,338254.5652173913,Rice,0.5340118806841516,0.9414516080312552,0.38886678547848813,0.6028315724744263,0.6141636141636142,0.5353,Moderate,0.9305699142207663,0.0,3.6890147695554735e-05,0.0,0.0,0.012446118854400242,0.05041057963162553,0.00035399117335734406,0.000637801090123145,0.0055447048820318635
BIHAR,SAHARSA,BIHAR|SAHARSA,23,1.4389439824202568,0.6958226286060953,23.0,23.0,4.242754562962083,3.3126305726930174,0.19019197606217633,189657.1739130435,Rice,0.4457963625443162,0.8660379196788713,0.5419275840721455,0.7668735873211968,0.6178266178266179,0.6422,Moderate,0.8721019505446326,0.0,0.0015242605937715993,0.0,8.505048583084124e-05,0.01137544516822688,0.10891734857976004,0.00029939604985196403,0.0004619318839599598,0.005234616693966115
BIHAR,SAMASTIPUR,BIHAR|SAMASTIPUR,23,1.744615006220844,0.7572832485008198,27.695652173913043,27.695652173913043,5.807920959647393,4.187364579675488,0.21192816293092512,234356.47826086957,Rice,0.3621404330341051,0.8141962847753859,0.6570478121511365,0.8346099961702018,0.7496947496947497,0.7471,Moderate,0.8160214493008514,0.020573822970172344,0.002949241762688168,0.0,0.002970576782044596,0.032364853319886706,0.06833680908626935,0.006046530007519203,0.01217561726385241,0.0385610995067158
BIHAR,SARAN,BIHAR|SARAN,23,1.2992876030752263,0.6554918277984592,22.82608695652174,22.82608695652174,3.678775542890349,2.907379867010468,0.16461824367936148,204117.78260869565,Wheat,0.43212561204538974,0.9335434848038503,0.48933092625686486,0.7224245788765501,0.6129426129426129,0.6082,Moderate,0.9391359507053579,7.455201163693e-06,0.0002592279947489823,0.0,0.0001548551784572803,0.015131715299073915,0.02449629998366246,8.754536223650922e-05,0.002452974188602531,0.018273976086696748
BIHAR,SHEIKHPURA,BIHAR|SHEIKHPURA,23,1.3166615961426524,0.633627493064526,14.869565217391305,14.869565217391305,3.7580428101972325,2.7615076384654778,0.2570558368761299,52720.086956521736,Rice,0.4352659905225465,0.8792267941762978,0.49587422898702394,0.6983276608941735,0.3894993894993895,0.5279,Moderate,0.8442059045228203,0.0,6.51513077269451e-05,0.0,0.0,0.015314680816321145,0.12592593203481553,0.0003521469417646273,0.0021607142562607108,0.011975470120290757
BIHAR,SHEOHAR,BIHAR|SHEOHAR,23,1.30579639150008,0.6106121372879495,19.652173913043477,19.652173913043477,3.728601542614371,2.595449102402166,0.19137903610042234,42181.782608695656,Rice,0.5326913225470299,0.8820168607713406,0.49178223223500656,0.6729621902666748,0.5238095238095237,0.5629,Moderate,0.8802615182115502,0.0007658364779355605,0.00047723053739456866,0.0,0.0013265565909866303,0.016461876701357788,0.05226035141896203,0.001114225077588615,0.03905250669720393,0.00827989828702067
BIHAR,SITAMARHI,BIHAR|SITAMARHI,23,1.3165333859238153,0.6301669150487289,23.565217391304348,23.565217391304348,3.770159315422734,2.727027041004512,0.16869721321961387,194461.47826086957,Rice,0.4725755453075092,0.8923314196127813,0.4958259431225312,0.6945137207202308,0.6336996336996337,0.608,Moderate,0.8671960066305744,0.00035683830529529263,0.0004970247823755862,0.0,0.0005810919520441514,0.006998144709111942,0.05088657326565628,0.00036533445542137106,0.05705388392559698,0.016065101973923974
BIHAR,SIWAN,BIHAR|SIWAN,23,1.290481997954949,0.6343150935307752,26.217391304347824,26.217391304347824,3.661331059796957,2.7444703228704936,0.14170168412915957,225378.8260869565,Rice,0.4267595447510308,0.925278270614133,0.4860146051440034,0.6990854727481118,0.7081807081807081,0.6311,Moderate,0.9341362070006576,0.00035515083493241237,0.0013816351329635726,0.0,0.00036846175704557715,0.010259634358615146,0.022759747694365024,0.0005251062317686184,0.01616196730027299,0.014052089689379023
BIHAR,SUPAUL,BIHAR|SUPAUL,23,1.7012155332400083,0.7149066869451659,25.304347826086957,25.304347826086957,5.532292403037493,3.5714356255259285,0.2245293407418244,229901.91304347827,Rice,0.4598420422773871,0.7827281350988248,0.6407029287992844,0.7879063328478084,0.6825396825396826,0.7037,Moderate,0.752864359545394,1.8911656842691327e-07,0.0725006732549836,0.0,0.0016901347720313237,0.031222767214146525,0.1237183570157708,0.0010832597039493591,0.00018514512048994807,0.016735114256665982
BIHAR,VAISHALI,BIHAR|VAISHALI,23,1.6860858978364197,0.7596781514046521,25.695652173913043,25.695652173913043,5.451070612574969,4.195712933273423,0.21761280741274042,154651.08695652173,Rice,0.31874949922335694,0.8129213727957043,0.6350048843567422,0.8372494443652497,0.6935286935286935,0.7219,Moderate,0.8181027417960486,0.03641774260431968,0.0030922342720991853,0.0,0.006735779700447712,0.01861385025196972,0.07953359244863964,0.0012412232304134833,0.0011984902902044574,0.035064345405857504
CHANDIGARH,CHANDIGARH,CHANDIGARH|CHANDIGARH,22,0.632398869175793,0.2886923158703892,5.636363636363637,5.636363636363637,2.0688710406606976,1.569729242971969,0.382864466804361,816.3636363636364,Wheat,0.7665924276169265,0.9239420935412026,0.23817076656866093,0.3181708998844854,0.1302031302031302,0.2288,Very Low,0.9239420935412027,0.0,0.0,0.0,0.0,0.022828507795100223,0.01135857461024499,0.0,0.0,0.04187082405345212
CHHATTISGARH,BALOD,CHHATTISGARH|BALOD,9,0.8833108341822881,0.39855138733925244,27.88888888888889,27.88888888888889,2.435377356415966,1.6808871805451078,0.08777402559849061,243294.66666666666,Rice,0.7545555184111449,0.9471400021555938,0.3326679232835854,0.43924776167880863,0.7551214217880885,0.509,Moderate,0.7716504723124953,0.0,5.2519761130992505e-05,0.0,7.215758485823318e-05,0.015003754021186928,0.2085600816933467,0.0008156547250430662,0.0037900999793574505,5.5259922581305155e-05
CHHATTISGARH,BALODA BAZAR,CHHATTISGARH|BALODA BAZAR,9,0.63061738893224,0.25281569127974207,33.333333333333336,33.333333333333336,1.8970985072211946,1.3518729838636634,0.05672363781634181,268564.1111111111,Rice,0.855373246280528,0.9566931463085371,0.23749983476293687,0.27863088685570475,0.908017908017908,0.4747,Low,0.8751802280192149,0.0,0.00013445992825218228,0.0,3.475271991748711e-05,0.007089968586023532,0.11430955654288216,0.0018811978269620703,0.00015514607106021034,0.0012146903056874066
CHHATTISGARH,BALRAMPUR,CHHATTISGARH|BALRAMPUR,9,2.0352246396734492,0.74949413819272,36.22222222222222,36.22222222222222,7.676899838765199,4.05426940298276,0.21266575345512204,180406.77777777778,Rice,0.45856801388959895,0.6394573744149796,0.766495697884791,0.8260255340983389,0.9891466558133224,0.8606,High,0.6917946541796595,5.543028994352885e-06,0.001648127287654258,1.6013194872575e-05,7.021170059513655e-05,0.15323642065677504,0.09996975969737525,0.006675038693421841,0.031087770168772916,0.015496461391879216
CHHATTISGARH,BASTAR,CHHATTISGARH|BASTAR,23,1.0468696668610014,0.41317224802391556,33.47826086956522,33.47826086956522,2.8657537063648073,1.7131228872280002,0.0956028939645381,263637.5652173913,Rice,0.7378492607769823,0.8658832349549711,0.3942665985135626,0.4553615691665475,0.9120879120879121,0.5872,Moderate,0.8828480601827542,1.4677594273033598e-05,0.00045962309257241164,0.0,0.00021406199288087204,0.05521364640257112,0.05529379596230926,0.002380903691233551,0.0018124355175352725,0.0017627955638702935
CHHATTISGARH,BEMETARA,CHHATTISGARH|BEMETARA,9,1.438260805748984,0.672129535828735,31.666666666666668,31.666666666666668,4.224332942512196,3.0651157662561523,0.13344637680125446,342270.55555555556,Rice,0.48623360012465777,0.8483584298970763,0.541670289634363,0.7407611754709147,0.8612128612128612,0.7145,Moderate,0.5338275276056791,0.0,0.0009011714254642607,0.0,0.0008200140564563122,0.090749520765736,0.36666444836524714,0.0011491883451525515,0.00559076883621956,0.0002973606000451235
CHHATTISGARH,BIJAPUR,CHHATTISGARH|BIJAPUR,14,0.3488691422046091,0.11213210303228782,23.928571428571427,23.928571428571427,1.4242564216143574,1.1281571102069317,0.05947494373607716,64676.92857142857,Rice,0.9418383901523728,0.9614766581591803,0.1313892783194171,0.12358199427705036,0.6439037153322867,0.2996,Low,0.9677772047219311,0.0,0.00024296586219197175,0.0,6.736780724413762e-05,0.0027863766832288395,0.02793886537151137,0.0009674458876371239,8.835122261526245e-06,0.0002109385439939391
CHHATTISGARH,BILASPUR,CHHATTISGARH|BILASPUR,23,1.0444722823221964,0.4234194223145811,32.91304347826087,32.91304347826087,3.0126019972127156,1.9577618927720706,0.11355236382024056,366581.9130434783,Rice,0.727230903016634,0.8838163461657065,0.39336370804174503,0.46665508993624466,0.8962148962148961,0.5854,Moderate,0.7789316676835025,0.0,0.000385464592764367,0.0,6.9976649147992784e-06,0.028515721736787222,0.18752852437986456,0.0023658037636525627,0.00045899937661480014,0.00180682080189919
CHHATTISGARH,DAKSHIN BASTAR DANTEWADA,CHHATTISGARH|DAKSHIN BASTAR DANTEWADA,20,0.9602156257811221,0.45727116892576947,29.8,29.8,2.6185062637491994,1.8492092272444158,0.0880897941372388,179041.15,Rice,0.7041945385181004,0.9404047616986374,0.3616314051313144,0.5039634632106443,0.8087912087912088,0.5581,Moderate,0.949485355740845,1.1170616363891764e-05,0.00038566552996336317,0.0,0.0003267405286438341,0.017196884626802276,0.030962714437435195,0.001169005002481273,2.4854621409659176e-05,0.0004376088960554599
CHHATTISGARH,DHAMTARI,CHHATTISGARH|DHAMTARI,22,0.8538015189006807,0.3502574774341784,31.818181818181817,31.818181818181817,2.409384825105084,1.5768514681374457,0.07857826264323163,205346.22727272726,Rice,0.7952852134211466,0.9258768505608156,0.32155427874039283,0.386022525229023,0.8654678654678654,0.5243,Moderate,0.8112376502921784,0.0,0.00023884273500830193,0.0,0.00011798255584747445,0.030957692960691445,0.1545266010819421,0.0020333729043431528,6.352906853325548e-05,0.0008243284014559004
CHHATTISGARH,DURG,CHHATTISGARH|DURG,23,1.20142606888679,0.5258104817896667,30.91304347826087,30.91304347826087,3.3778559004319897,2.2011645684729406,0.12351908107761414,485236.6956521739,Rice,0.6298408916347773,0.8652918288913954,0.4524748252242647,0.5795013755573,0.8400488400488401,0.624,Moderate,0.6712798343865173,8.960216994951097e-08,0.0002677312838091388,0.0,0.00014909801079598624,0.05302450332621175,0.27235206771343506,0.0013910736884661578,0.0012486062382464354,0.00028699575034828363
CHHATTISGARH,GARIYABAND,CHHATTISGARH|GARIYABAND,9,0.6128925005405326,0.22110045544066403,31.77777777777778,31.77777777777778,1.8712452100440875,1.2925785420238824,0.05856510468056553,157826.11111111112,Rice,0.8794017325678402,0.9438242510216941,0.23082437966432348,0.24367718503463334,0.864333197666531,0.4463,Low,0.9289443022735993,0.0,0.00014925005368073864,0.0,6.758492996863637e-05,0.008244657446486463,0.060207612456747404,0.0011193754026055398,0.000390725376381179,0.0008764920605307529
CHHATTISGARH,GAURELLA-PENDRA-MARWAHI,CHHATTISGARH|GAURELLA-PENDRA-MARWAHI,1,0.6195272531456373,0.20969418306509635,32.0,32.0,1.8580494471548739,1.2653329617114137,0.05806404522358981,67243.0,Rice,0.8880924408488616,0.932186249869875,0.23332312561561003,0.23110620982484892,0.8705738705738706,0.445,Low,0.9422542123343693,0.0,0.00011897149145635978,0.0,1.4871436432044972e-05,0.014172478919738857,0.0416995077554541,0.0006097288937138438,2.9742872864089944e-05,0.0011004862959713279
CHHATTISGARH,JANJGIR-CHAMPA,CHHATTISGARH|JANJGIR-CHAMPA,22,0.48415043809578984,0.1808852868609512,31.727272727272727,31.727272727272727,1.645214744045065,1.230486803188035,0.05425059612781513,292599.86363636365,Rice,0.9005918259142915,0.9609042569304621,0.1823382150036285,0.19935561610947336,0.8629148629148629,0.4149,Low,0.9113827027509023,0.0,0.00016202704375833146,0.0,2.330206765460184e-05,0.01710216418730078,0.06768722473461664,0.0014787492133610327,0.0001311129673365597,0.0020327170350697673
CHHATTISGARH,JASHPUR,CHHATTISGARH|JASHPUR,22,1.2350966615261199,0.4695032568407253,34.22727272727273,34.22727272727273,3.4658242756392763,1.8976499524053851,0.10470287618211421,251864.27272727274,Rice,0.7174764402327805,0.8519960426015888,0.46515566836078387,0.51744457858995,0.933122433122433,0.6386,Moderate,0.768109050076394,3.0680305084953764e-06,0.0004356603322063435,0.0,7.597887318097373e-05,0.12130866299922721,0.09824609719448461,0.0019059688353070395,0.00026439204087916037,0.00965112161781219
CHHATTISGARH,KABIRDHAM,CHHATTISGARH|KABIRDHAM,20,1.7451129532359997,0.7401750324262337,30.05,30.05,5.743047824117761,3.8623917766868443,0.19206784548512296,243035.5,Rice,0.40799471682120514,0.7661899187567248,0.657235346361096,0.8157548476101927,0.8158119658119658,0.7629,High,0.5135223043547136,0.0,8.023519197812665e-06,0.0,0.00016335062161700658,0.11271995243493234,0.3408530852488628,0.0012526976511661877,0.030156705501871127,0.0013238806676390898
CHHATTISGARH,KANKER,CHHATTISGARH|KANKER,22,0.9607627451767993,0.3700456344327318,31.818181818181817,31.818181818181817,2.642346789687974,1.5994399587399857,0.08640040844496882,219847.36363636365,Rice,0.7866027710961448,0.8921247427450699,0.36183745838698017,0.4078312654454126,0.8654678654678654,0.545,Moderate,0.902449261284999,0.0,0.00040854791402795574,0.0,5.0861734236273845e-05,0.015848185579995375,0.07923741306468414,0.0012694758057346398,1.3232321102120025e-05,0.000723022295220527
CHHATTISGARH,KONDAGAON,CHHATTISGARH|KONDAGAON,9,1.018730246284289,0.4217430699134219,34.55555555555556,34.55555555555556,2.771923894650217,1.7296776373209666,0.0803089362217329,137033.22222222222,Rice,0.7500338522937261,0.9119961988131022,0.3836688765753684,0.4648075639624678,0.9423416090082757,0.5969,Moderate,0.8811091227674717,0.0,0.0002083841793433709,0.0,0.00020108667889943963,0.018107531101541476,0.09576266582556217,0.0021795201325874747,9.73000059190837e-05,0.0023343893086753497
CHHATTISGARH,KORBA,CHHATTISGARH|KORBA,22,0.9930890028041641,0.35479692365167664,33.18181818181818,33.18181818181818,2.7289412749351785,1.559150676621683,0.08537024565948688,137071.86363636365,Rice,0.798254134112133,0.8656663508624043,0.3740120050768562,0.39102549762766164,0.9037629037629037,0.5563,Moderate,0.8547848656693353,0.0,0.0005302460786163595,0.0,1.658055280226265e-05,0.03810807933860838,0.10228211412659782,0.001473347922009059,2.3875996035258213e-05,0.0027808903159954913
CHHATTISGARH,KOREA,CHHATTISGARH|KOREA,20,1.6173423419076347,0.6062665826877475,33.15,33.15,5.051962313210311,2.55500701627025,0.15244843482812048,113413.3,Rice,0.6109997681047991,0.7646925007913534,0.6091150445574508,0.6681729079005165,0.9028693528693528,0.7267,Moderate,0.8089478923547767,2.645192406887023e-06,0.002059723154162695,0.0,2.645192406887023e-06,0.07329916332564171,0.10602768811065369,0.0022757472007251356,2.204327005739186e-06,0.007382291142220533
CHHATTISGARH,MAHASAMUND,CHHATTISGARH|MAHASAMUND,22,0.5350892621732887,0.19468305877482991,30.954545454545453,30.954545454545453,1.7258745956187689,1.248340841498665,0.05774465527161435,291438.0909090909,Rice,0.8956995076765094,0.946060741420523,0.2015225294766381,0.214562288628636,0.8412143412143411,0.4191,Low,0.9060770430270705,0.0,0.0006024981447798519,0.0,2.698218458372104e-05,0.02424949755429112,0.06655537945217743,0.0012829794819982038,0.00010013041909103415,0.0011054897360081777
CHHATTISGARH,MUNGELI,CHHATTISGARH|MUNGELI,9,1.2383278657070191,0.6100652922095794,29.333333333333332,29.333333333333332,3.4527294137759785,2.5673251863262294,0.1177813000786191,215826.44444444444,Rice,0.5257356991574507,0.9231213557395398,0.466372587641028,0.6723595064364598,0.7956857956857957,0.6448,Moderate,0.5546776782579418,0.0,0.0001142893621315069,0.0,6.074839969152168e-05,0.028780326579278207,0.4108815828355912,0.0018404705838744918,0.002379483926900112,0.001265420054591189
CHHATTISGARH,NARAYANPUR,CHHATTISGARH|NARAYANPUR,15,0.9890689859811734,0.40985886267120325,24.466666666666665,24.466666666666665,2.7806929170942185,1.748730092504668,0.17065327835757815,31340.0,Rice,0.734273558817273,0.8685875345671135,0.3724980072899872,0.45170985160642424,0.659015059015059,0.4944,Low,0.859519251223144,0.0,4.467134652201659e-05,0.0,0.00015528610933843864,0.031531589023612,0.10742182514358647,0.0006934694745798766,9.572431397574984e-05,0.000538183365241438
CHHATTISGARH,RAIGARH,CHHATTISGARH|RAIGARH,20,0.9575640131266671,0.3354820050952495,35.65,35.65,2.6139331579408034,1.5078662661833424,0.07328835802955494,294865.3,Rice,0.8113136744133678,0.8973002248823446,0.3606327685914076,0.36973831857765527,0.9730769230769231,0.5678,Moderate,0.8253524575458693,5.087068569953806e-07,0.0012315793007858164,0.0,0.0002048392944168066,0.052293030071697146,0.10907353289790288,0.005698534212062254,0.0011920697348925086,0.004953448235516353
CHHATTISGARH,RAIPUR,CHHATTISGARH|RAIPUR,23,0.7809408682189186,0.3129813970815432,32.0,32.0,2.2910809593942005,1.6015351964629077,0.08906759670836906,444846.1304347826,Rice,0.821345455942216,0.9243099299308282,0.2941138801701309,0.34494015698445546,0.8705738705738706,0.5032,Moderate,0.8470264412873195,0.0,0.00011679661389512211,0.0,0.0001393740346564386,0.0157727229767088,0.1338747222903943,0.001918298862694194,0.0002560729107993472,0.0008955710235322208
CHHATTISGARH,RAJNANDGAON,CHHATTISGARH|RAJNANDGAON,23,1.4320416587001568,0.5979928596861255,34.43478260869565,34.43478260869565,4.212741335338463,2.531021310071355,0.13821100460016397,431924.60869565216,Rice,0.6048652210440106,0.7867067380720427,0.539328066881889,0.6590543489777259,0.9389499389499388,0.7124,Moderate,0.6879233956489589,0.0,0.0002556806914572249,0.0,9.703786872628537e-05,0.08018045822409023,0.22968752799653241,0.0011876066133119448,0.00010670139092309387,0.000561591565999944
CHHATTISGARH,SUKMA,CHHATTISGARH|SUKMA,9,0.8595973920128499,0.36123615459038955,24.555555555555557,24.555555555555557,2.3729946562139275,1.576551191368107,0.09688030417012891,100333.22222222222,Rice,0.7881437299487597,0.9324583969638949,0.3237370902685967,0.39812224315813194,0.6615113281779949,0.4611,Low,0.9440962836060727,0.0,0.00014507214293703536,0.0,0.0012026591391574076,0.021204896129453078,0.03184499650608694,0.0010442979449589646,3.875973284577281e-05,0.00042303479848814895
CHHATTISGARH,SURAJPUR,CHHATTISGARH|SURAJPUR,9,1.6675842140922583,0.5784742473178812,35.888888888888886,35.888888888888886,5.31197684533074,2.380073632775979,0.14807442543418758,170000.66666666666,Rice,0.6406837620244628,0.7387520048940985,0.628036876640503,0.6375426767914497,0.979785646452313,0.7485,Moderate,0.7756231021316257,4.901941561013486e-05,0.0025378985441887156,0.0,3.921553248810789e-06,0.08804148480463475,0.08969180513017597,0.009830026810352378,0.011148975886369074,0.023073765723794548
CHHATTISGARH,SURGUJA,CHHATTISGARH|SURGUJA,23,1.6658866382453696,0.6078445397847067,34.391304347826086,34.391304347826086,5.387188504502999,2.7045049088739352,0.176488365471344,374890.9130434783,Rice,0.5901036023116754,0.713727506355182,0.6273975444714104,0.6699119913534478,0.9377289377289377,0.745,Moderate,0.7577430930342519,2.644247468625946e-05,0.0014225587478142918,0.0,3.3632972188663346e-05,0.1305718962188537,0.08742415619801748,0.004758949588929696,0.003614732679918135,0.014404538085339839
GOA,NORTH GOA,GOA|NORTH GOA,17,1.1395175383932645,0.584333594795583,8.235294117647058,8.235294117647058,3.206649047061228,2.518352756794142,0.4053588758130746,62647.82941176471,Cashewnut,0.40290678114663564,0.8608034962199056,0.4291591570858963,0.6440003265355919,0.20318896789485022,0.4254,Low,0.353523444922884,0.0,0.0,0.0,0.40979777619636787,0.14534844688764859,0.07996990835136206,0.008675010664188073,0.0025314242613541558,0.0001539887161951341
GOA,SOUTH GOA,GOA|SOUTH GOA,17,1.0080080266027727,0.5149311137655311,7.9411764705882355,7.9411764705882355,2.999533303050555,2.567986014423888,0.3689158755693876,45905.376470588235,Rice,0.47398395215529027,0.9308393198592398,0.3796307300742644,0.5675111072885464,0.19492925375278317,0.3807,Low,0.4770841913429595,0.0,0.0,0.0,0.25077800703595654,0.22067260095382907,0.020283411631650476,0.014816923917921186,0.016282854987894536,8.201012978871884e-05
GUJARAT,AHMADABAD,GUJARAT|AHMADABAD,23,1.7092448816478645,0.7615446852701592,19.869565217391305,19.869565217391305,5.588041948201423,4.271615712211752,0.2814593007684024,504472.0,Cotton(Lint),0.328118266743981,0.7882841086711755,0.6437269001543222,0.8393065713721212,0.5299145299145299,0.671,Moderate,0.5208048776956294,0.0008469466483079683,0.328118266743981,0.005481409059976268,7.97217512653781e-05,0.08093783116846404,0.061582855117739976,0.00026571044232557916,0.00038783554669643406,0.0014945458256139695
GUJARAT,AMRELI,GUJARAT|AMRELI,23,1.2183563095713676,0.565489226095702,18.782608695652176,18.782608695652176,3.4824205989708603,2.420445375723497,0.18597990716334428,545017.9130434783,Cotton(Lint),0.4304116210939058,0.8554189523248219,0.4588510042444662,0.6232317455329441,0.49938949938949945,0.5272,Moderate,0.08417218357083117,9.732428419584454e-05,0.4304116210939058,0.00019448902038481065,8.615592371435419e-06,0.42892854259596735,0.04635132854029848,0.002759542326969389,0.0018083968839636064,0.005267956091112123
GUJARAT,ANAND,GUJARAT|ANAND,17,1.7438493725830957,0.7703559564848758,21.0,21.0,5.744517518428605,4.38569124307842,0.2750030167118373,285381.0588235294,Rice,0.3370671782908219,0.7225132217439716,0.6567594632003375,0.8490175679501225,0.5616605616605617,0.6891,Moderate,0.7266602054054455,0.17085782930480153,0.01262419411156765,0.0008582951422226381,0.030160293419860918,0.01815694103941108,0.018077789902376143,0.010078371993029753,1.0306137634757902e-05,0.012515773543649997
GUJARAT,ARAVALLI,GUJARAT|ARAVALLI,6,2.2239527524525298,0.8604921362087822,21.0,21.0,9.250407371690384,7.2016762516625406,0.44171648999373286,281348.3333333333,Wheat,0.23067372000308037,0.5342606140667855,0.8375734962246791,0.9483576190645434,0.5616605616605617,0.7825,High,0.39583079101232754,0.001818623414628367,0.16094935696556464,0.0245105414995646,0.0,0.2774467001166999,0.07125923380862395,0.0005994941028025757,0.0,0.0675852590797884
GUJARAT,BANAS KANTHA,GUJARAT|BANAS KANTHA,23,2.098551327040005,0.8283695497171719,21.695652173913043,21.695652173913043,8.210856347900965,5.979849584089301,0.3798603589791109,799897.8260869565,Bajra,0.29488711873527323,0.5896797688835259,0.7903454648744184,0.9129549717171807,0.5811965811965811,0.7615,High,0.40442072764728104,0.005889121708479072,0.03498006538878607,0.07950531725519291,4.076607610211087e-06,0.371361396700122,0.061940682641533025,0.0006884574932124484,2.1741907254459128e-05,0.041188412650528736
GUJARAT,BHARUCH,GUJARAT|BHARUCH,23,1.8784308953249835,0.7620527789058242,20.608695652173914,20.608695652173914,6.558148446863302,4.229261846540415,0.31918625625424507,303049.347826087,Cotton(Lint),0.39433784281079204,0.700378687069906,0.7074448549677016,0.8398665468214078,0.5506715506715507,0.6993,Moderate,0.20186969118962544,5.738769765578428e-05,0.39433784281079204,0.0003156323371068136,0.023019353283688194,0.028568743647002532,0.2689913466525397,0.0002869384882789214,0.08246253480025853,9.052909305199971e-05
GUJARAT,BHAVNAGAR,GUJARAT|BHAVNAGAR,23,1.4976867368388638,0.6819176953933653,19.17391304347826,19.17391304347826,4.5396374408390745,3.302198923568443,0.23667110956711077,529714.3913043478,Cotton(Lint),0.4537951583589221,0.8093328554165079,0.5640509741225871,0.7515488111843971,0.5103785103785103,0.6087,Moderate,0.15606654644328022,8.207868538837704e-06,0.45379515835892204,0.0003673021171129873,0.00034193980332797877,0.3044497071473545,0.036238478307136966,0.0008545211935783935,0.0002796420811182006,0.0475984966796299
GUJARAT,BOTAD,GUJARAT|BOTAD,6,0.4968747857132853,0.20238393428766366,15.166666666666666,15.166666666666666,1.6506362443375995,1.2581831411016513,0.10998300819328859,187065.33333333334,Cotton(Lint),0.8895154277649877,0.9741275775308449,0.18713039249454458,0.22304950618560326,0.39784289784289784,0.2693,Low,0.04512594530253245,0.0,0.8895154277649876,0.0002476853006792636,0.0,0.05197382019829079,0.012626604608728501,7.038539120022239e-05,6.236680232931097e-06,0.00043389475334820634
GUJARAT,CHHOTAUDEPUR,GUJARAT|CHHOTAUDEPUR,6,1.6581012484042172,0.7409624021794068,20.333333333333332,20.333333333333332,5.268284391439672,3.8859498268987864,0.2610657856266416,207865.83333333334,Cotton(Lint),0.38578650491703376,0.7843568968765909,0.624465451520454,0.8166226162660837,0.5429385429385429,0.6613,Moderate,0.38355269224138966,0.0,0.3857865049170338,0.0004265571943441082,0.0050072362381183375,0.060053961088683,0.1642293306179066,0.0008426909986008603,0.0,0.00010102670392360456
GUJARAT,DANG,GUJARAT|DANG,23,2.0229295465537276,0.8275991740344143,13.347826086956522,13.347826086956522,7.677429332263654,5.982731475715303,0.5791332816460065,58168.0,Rice,0.2820585649961431,0.5611056131265959,0.7618651839859069,0.9121059324086936,0.34676434676434675,0.6736,Moderate,0.6369518874863215,0.0026161104566682415,0.0,0.0,0.0003214078561049554,0.08309813254561002,0.2708862784259088,0.0014201742479056168,0.0014134471067313269,0.0032925618747496007
GUJARAT,DEVBHUMI DWARKA,GUJARAT|DEVBHUMI DWARKA,6,0.7503726012081762,0.35034138090974026,14.833333333333334,14.833333333333334,2.1307636032949304,1.5545003464607883,0.1480410192475302,221613.16666666666,Groundnut,0.7895597358460199,0.9500052268254217,0.28260141874509276,0.3861149961499842,0.38848188848188847,0.3524,Low,0.01797651914484624,0.0,0.13166711664995837,0.0005527649906481188,0.0,0.8213418426552574,0.026634247814698135,0.0008212508432486337,0.0,0.001006257901343106
GUJARAT,DOHAD,GUJARAT|DOHAD,17,1.7426936052324784,0.7600695948720725,19.41176470588235,19.41176470588235,5.731415017290229,4.21551534672807,0.29622425827163584,317892.4705882353,Maize,0.4102473052301074,0.6879954968124626,0.6563241841236525,0.8376808584120959,0.5170581052933994,0.6704,Moderate,0.7017363622031275,9.252111146721459e-07,0.0023407841201205292,1.961447563104949e-05,0.0,0.07492063539058343,0.21539377355124892,0.00208431559913341,0.0,0.003503589449040482
GUJARAT,GANDHINAGAR,GUJARAT|GANDHINAGAR,23,2.155607377668465,0.8524146155840135,17.956521739130434,17.956521739130434,8.669857053284934,6.823036906257085,0.4874835684901661,120870.56521739131,Wheat,0.20277494107063143,0.5614320457060966,0.8118336173331212,0.9394552968871428,0.47619047619047616,0.7425,Moderate,0.43342411195878594,0.009191290863420914,0.1770021327161682,0.0410546963100665,0.003920830870823731,0.24760802338685686,0.046394939897979263,0.0026618484811096886,0.0,0.03874212551478891
GUJARAT,GIR SOMNATH,GUJARAT|GIR SOMNATH,6,1.6024275328770923,0.6839181809582274,17.666666666666668,17.666666666666668,5.010421776890401,3.222751485404372,0.2826986409016126,215475.5,Groundnut,0.47665357159708027,0.8039970514822644,0.6034979069040278,0.7537535677968449,0.46805046805046807,0.6084,Moderate,0.27222661818474336,0.0,0.09689036572603382,0.0,0.0,0.5040704550323973,0.08685596893072917,0.003448961328163372,0.019311553595033618,0.017196077202899323
GUJARAT,JAMNAGAR,GUJARAT|JAMNAGAR,23,1.2798775705239138,0.5742912015435949,19.08695652173913,19.08695652173913,3.648655243271341,2.429838446847887,0.1920137300449381,566881.5217391305,Groundnut,0.5571640420224302,0.8147339276092889,0.48202082094643983,0.6329324971465567,0.5079365079365079,0.541,Moderate,0.07915648350721242,7.669726248295882e-06,0.2175379028284033,0.0010548941481906156,0.0,0.6127862006285341,0.07606282272769979,0.008565703668621808,0.00040128007731084057,0.004427042687778867
GUJARAT,JUNAGADH,GUJARAT|JUNAGADH,23,1.291903501399498,0.5570712006074324,18.869565217391305,18.869565217391305,3.6948726761687425,2.360076771247017,0.1969635919887323,609459.1739130435,Groundnut,0.607580876587589,0.8375663926128091,0.48654996436358816,0.613954149290806,0.5018315018315018,0.5341,Moderate,0.18829038803540787,0.0008346673148060494,0.0818924205145246,9.38108990572611e-05,0.00020081952916060076,0.6303889813641617,0.07114418835059823,0.01094277385345425,0.009769388554827762,0.006442561584001668
GUJARAT,KACHCHH,GUJARAT|KACHCHH,23,2.129566028389178,0.8604919007280829,17.73913043478261,17.73913043478261,8.450591733283362,7.295995251956456,0.4790096256640703,473390.0,Castor Seed,0.14829963712243882,0.4265907235233014,0.8020260600735495,0.9483573595387373,0.4700854700854701,0.7402,Moderate,0.1743846649099878,8.174159186698715e-05,0.11734942326255492,0.13644820843554858,0.0002474290432468128,0.3860795905940226,0.18204789322527523,0.0010552012909660845,0.0002956473979998108,0.002010200248531177
GUJARAT,KHEDA,GUJARAT|KHEDA,23,1.991393954030794,0.8137046074160645,23.82608695652174,23.82608695652174,7.358601470769473,5.408388965251501,0.309585367920212,391715.82608695654,Rice,0.290310167175317,0.663036336012886,0.7499884134673684,0.8967925814068262,0.641025641025641,0.7626,High,0.7034780315454948,0.12844382307315952,0.05252698717703961,0.010786324247480205,0.0034306147402331593,0.05669027591430523,0.02695998341299771,0.0015989852448491941,0.0003558480282511812,0.015729126616189377
GUJARAT,MAHESANA,GUJARAT|MAHESANA,23,2.1950466349093984,0.8528981569934975,22.652173913043477,22.652173913043477,9.009281654924587,6.8630439475595315,0.3984059682179611,393277.4347826087,Castor Seed,0.16719671620244633,0.49735516945057373,0.8266870248703833,0.9399882130644337,0.608058608058608,0.7916,High,0.3602388887764927,0.015486909838292052,0.1564935739025255,0.03615469597134714,0.0,0.3246833936569394,0.08932271620178299,0.002693750545167749,0.0,0.014926071107452522
GUJARAT,MAHISAGAR,GUJARAT|MAHISAGAR,6,1.9498217142229353,0.795908742208728,23.333333333333332,23.333333333333332,7.041643166724786,4.933685154833263,0.3021175491125189,147143.33333333334,Maize,0.3256076841175271,0.7176109462428923,0.7343316931510936,0.8771795673570052,0.6271876271876271,0.7462,Moderate,0.7828738418322271,0.005466325351697891,0.0633010896404866,0.00955983961216954,0.0,0.040730127086967355,0.09416442017986996,0.001173458985569626,0.000602587046643862,0.0021283102643680765
GUJARAT,MORBI,GUJARAT|MORBI,6,1.3028540048253137,0.6158455043840548,17.833333333333332,17.833333333333332,3.704030373693522,2.631300767419958,0.20769282165630756,339644.0333333333,Cotton(Lint),0.5314034173621579,0.880855554555598,0.4906740858988439,0.6787299403135492,0.4727309727309727,0.5474,Moderate,0.06241838882100191,0.0,0.5314034173621579,0.006656969586099015,0.0,0.3739837031338987,0.015793005245393683,0.005370328405592483,0.00023897568837020643,0.004135211757486098
GUJARAT,NARMADA,GUJARAT|NARMADA,17,1.992665802651528,0.7937013722864745,18.529411764705884,18.529411764705884,7.393899140362425,4.969018272529694,0.40554366029798433,115042.29411764706,Cotton(Lint),0.37508507101480326,0.6619882508683507,0.7504674104670853,0.8747468012737658,0.4922789628671982,0.7058,Moderate,0.27287457963030476,0.0,0.37508507101480326,5.062076913912479e-05,0.0478933834564168,0.03988047362632362,0.20891856140887316,4.550756013517279e-05,0.05495114584457174,0.00030065668943237756
GUJARAT,NAVSARI,GUJARAT|NAVSARI,17,1.101638001786726,0.5097724458096428,17.352941176470587,17.352941176470587,3.0578355425901504,2.1016459618599543,0.17753415000123085,90783.70588235294,Rice,0.6441153277700132,0.9047101611263488,0.4148931634059849,0.5618256839658586,0.4592401062989298,0.4787,Low,0.6670638615506929,0.0,0.0,0.00013607002552284907,0.0017015232715381031,0.003789226234560102,0.08811959648109954,0.0021058456330917117,0.23543030201714094,0.001653574786353861
GUJARAT,PANCH MAHALS,GUJARAT|PANCH MAHALS,23,1.7848419652479302,0.7410417336074044,24.17391304347826,24.17391304347826,6.01310901041484,3.9367220580921822,0.249685057148429,309092.0869565217,Maize,0.42158070804282616,0.7442264989834182,0.6721978798302486,0.8167100482843521,0.6507936507936508,0.7132,Moderate,0.7714371881293854,0.0014744445091500803,0.03037493539986254,0.0038256503830714304,0.0003087584141942784,0.0308972224121192,0.15788273594558425,0.0023950931747088737,0.00014066442560103798,0.0012633072063229223
GUJARAT,PATAN,GUJARAT|PATAN,17,2.0615996427010597,0.831973407941112,19.352941176470587,19.352941176470587,7.909455765274669,6.109223669851728,0.4125830352268243,311583.5294117647,Castor Seed,0.2018331407685976,0.5613218625163303,0.7764289140803288,0.9169268225463586,0.5154061624649859,0.7363,Moderate,0.27594998602961723,0.0026817471285199702,0.20100077025894295,0.058354288907516066,2.6430453924167252e-05,0.32744368425424586,0.13200916759173256,0.0007732795662384934,0.0,0.0017606458092627414
GUJARAT,PORBANDAR,GUJARAT|PORBANDAR,17,1.3085819719074503,0.5763508156633107,14.176470588235293,14.176470588235293,3.8154400805924693,2.5323102790996193,0.26884398001709864,133073.17647058822,Groundnut,0.5958928391455564,0.7841638656130815,0.49283132301188703,0.6352024199739414,0.3700351935646053,0.4994,Low,0.17260870180228127,0.0,0.08295524267055189,0.00040888604412256147,0.0,0.6202721722325266,0.11465120473299963,0.001971493791120675,0.0,0.007132298726397329
GUJARAT,RAJKOT,GUJARAT|RAJKOT,23,1.342107336251774,0.6403530612496641,19.652173913043477,19.652173913043477,3.8775062053225007,2.8277549392681354,0.1992432047068737,756685.0869565217,Groundnut,0.4635421535706342,0.8539114858935344,0.5054574710247508,0.7057399817772155,0.5238095238095237,0.5783,Moderate,0.10854650521723556,0.0,0.3156070841485548,0.00037704502539308033,1.1491771575528203e-06,0.5108164863483212,0.051047713433369585,0.007571870832257656,0.00019300430361099616,0.005839141514099513
GUJARAT,SABAR KANTHA,GUJARAT|SABAR KANTHA,23,2.170479307592935,0.8431038320399038,21.217391304347824,21.217391304347824,8.816480987802617,6.4912731393706755,0.41636630399375896,455739.04347826086,Wheat,0.1920035664956242,0.5447549217238927,0.8174346060810657,0.929193782409601,0.5677655677655677,0.7715,High,0.43495533962132027,0.0015283345789609958,0.16851472400586223,0.01772123978653688,2.862049773335198e-05,0.2394778171108218,0.11980874256988028,0.000416809848656716,0.00022896398186681585,0.01731940799836062
GUJARAT,SURAT,GUJARAT|SURAT,23,1.741980148014768,0.7383316136172029,22.434782608695652,22.434782608695652,5.729928043283865,3.8688094069633867,0.2574739044918371,252652.86956521738,Sugarcane,0.40234392746466363,0.7691630861109313,0.6560554855842679,0.8137231959551599,0.6019536019536019,0.6906,Moderate,0.40134341395721507,5.162608397567655e-06,0.01845580876046461,0.0008015809971956711,0.007946114758589548,0.05714009391817197,0.10858101233932242,0.0018776406741953559,0.4023439274646637,0.0015052445217841424
GUJARAT,SURENDRANAGAR,GUJARAT|SURENDRANAGAR,23,1.2829252783567235,0.5533236051920543,18.608695652173914,18.608695652173914,3.6259099220470272,2.260675934717155,0.19661035673669205,632400.7826086957,Cotton(Lint),0.6431945537014295,0.808126767161551,0.48316863278829786,0.6098238841601984,0.4945054945054945,0.5292,Moderate,0.1292235014971931,2.8875469587324164e-06,0.6431945537014295,0.004980055988160507,1.787529069691496e-05,0.18275552831177916,0.03760624282152388,0.0007824564746984197,0.0002870359179216152,0.0011498624496380872
GUJARAT,TAPI,GUJARAT|TAPI,12,2.0573420569788583,0.8133752378571745,18.916666666666668,18.916666666666668,7.869564532783918,5.466984297364351,0.41805814883596376,142119.5,Rice,0.3479513132727505,0.6125062594037647,0.7748254443326518,0.8964295796808167,0.5031542531542532,0.7248,Moderate,0.5098766648254931,0.0,0.052110489177534865,0.0,0.0008912687327683158,0.10022023719475512,0.1867677083956342,0.0005576293189885976,0.14874981969398993,0.0008261826608358928
GUJARAT,VADODARA,GUJARAT|VADODARA,23,2.0720571388381166,0.80995478170674,25.08695652173913,25.08695652173913,7.975570404621792,5.3201709275522235,0.3192893370213102,431601.82608695654,Cotton(Lint),0.34990271830658737,0.6158741118273062,0.7803673617796387,0.8926598582453221,0.6764346764346764,0.7832,High,0.3172009789215946,0.029365935309537513,0.3499027183065873,0.0015867080386692968,0.006897661915038035,0.08290743420717284,0.1986263103613415,0.0020740735069622344,0.009212396047000648,0.002225783386096001
GUJARAT,VALSAD,GUJARAT|VALSAD,23,1.3538027716634058,0.5814180401046943,15.304347826086957,15.304347826086957,3.892143220286232,2.4238494497971708,0.25716087442581326,118701.69565217392,Rice,0.6170326858815613,0.8166302155311506,0.5098621449625347,0.6407870624178211,0.4017094017094017,0.5175,Moderate,0.6973630280363015,0.0,0.0,0.0,0.0009157042919792728,0.007543938239042041,0.15648727042835547,0.0028602939264264567,0.1339199212933847,0.0009098437845106055
HARYANA,AMBALA,HARYANA|AMBALA,23,1.198507866659653,0.6152469086478096,18.73913043478261,18.73913043478261,3.3293251889515134,2.6172061744935236,0.19109159756134061,190615.39130434784,Wheat,0.4585402337600367,0.9328844287860326,0.45137578710873894,0.6780702215278449,0.4981684981684982,0.5425,Moderate,0.8816686183925109,0.0,3.8776010149278515e-05,0.0,0.0,0.015277976092993084,0.0169994028494437,0.0013010491875969686,0.06530769676430162,0.019406480703004502
HARYANA,BHIWANI,HARYANA|BHIWANI,23,1.7197724100767353,0.7828554412054176,19.17391304347826,19.17391304347826,5.608499397790831,4.657269521154635,0.30007475257209554,596538.7217391304,Bajra,0.25028434686108714,0.7098880989583489,0.6476917230504248,0.8627933842188613,0.5103785103785103,0.6736,Moderate,0.5301513792180231,0.0,0.10690832664778509,0.02368853842980243,0.0,0.22289999528147544,0.11224272288574642,0.00017722527520462866,0.003216016313704655,0.0007157959482582078
HARYANA,CHARKI DADRI,HARYANA|CHARKI DADRI,4,1.4841385910047085,0.7125789357839531,13.5,13.5,4.870169264295985,4.252041978880501,0.5010009946786917,165065.0,Rapeseed &Mustard,0.2556568624481265,0.697603974191985,0.5589485420402681,0.785340893309048,0.351037851037851,0.5651,Moderate,0.5018326113955108,0.0,0.14554872323024262,0.08248114379183957,0.0,0.2560006664041438,0.007945354860206585,0.00012267894465816496,0.00560385302759519,0.00046496834580316845
HARYANA,FARIDABAD,HARYANA|FARIDABAD,23,1.211157656849484,0.5548546413778247,16.08695652173913,16.08695652173913,3.409587222202495,2.2854182562886023,0.22147398883337585,124430.65217391304,Wheat,0.6265075185933844,0.8506316596812262,0.4561398851697797,0.6115112555733017,0.4236874236874236,0.4971,Low,0.9212318368359537,0.0,0.0016391180000733777,1.6073209977270384e-05,2.4459232574107107e-06,0.020778118071703988,0.02615425739149273,0.000313078176948571,0.02822770147856061,0.00163737091203237
HARYANA,FATEHABAD,HARYANA|FATEHABAD,23,1.342774916209834,0.6723011473453911,18.043478260869566,18.043478260869566,3.8409792604780137,3.0614463756322343,0.22162898718877738,384069.26086956525,Wheat,0.4708938933455503,0.9157680232720706,0.5057088915096802,0.7409503103653451,0.47863247863247865,0.5751,Moderate,0.7180004784010312,0.0,0.2262912724188221,0.006404415507936578,0.0,0.03623802907831502,0.008550427894968673,0.0003258017434129012,0.002842105132079325,0.001347469823434247
HARYANA,GURGAON,HARYANA|GURGAON,23,1.3664516402003521,0.6677648402182573,16.695652173913043,16.695652173913043,3.9442157220063416,3.0360619484093916,0.24511960032285027,156619.52173913043,Wheat,0.4757863767885007,0.8836207602528309,0.5146258959154689,0.7359507975918892,0.44078144078144077,0.5638,Moderate,0.818325162974575,0.0,0.0037432170846601665,0.0008461380654141344,0.0,0.15645170558725952,0.01645971724886314,0.00022930119489241303,0.0007042822414552686,0.0032404756028803117
HARYANA,HISAR,HARYANA|HISAR,23,1.6404509633226456,0.7476925630307104,19.565217391304348,19.565217391304348,5.179098793006835,4.003628455318593,0.27131176291296577,545147.7391304348,Wheat,0.3892506044233083,0.747840513596713,0.6178180931317331,0.8240399987758003,0.5213675213675214,0.6544,Moderate,0.5701303308444986,0.0,0.2555840068244763,0.016125505028632844,0.0,0.10445170108653434,0.04752050461310927,0.00043490404436037205,0.004903816261056636,0.0008492312973316049
HARYANA,JHAJJAR,HARYANA|JHAJJAR,23,1.623393682991758,0.7281739523627655,17.0,17.0,5.086341989742112,3.7117549874855884,0.3029253467103698,221049.4347826087,Wheat,0.44683374975930035,0.7264096148471215,0.611394069101964,0.8025283284634421,0.44932844932844934,0.6211,Moderate,0.8044401635911856,0.0,0.01671689806942653,0.002216305343463404,2.0259092152709495e-05,0.13768472407411522,0.02517870781216163,0.00023838854067071756,0.011332700121967602,0.002171853354856488
HARYANA,JIND,HARYANA|JIND,23,1.3250187949088563,0.6622001233438801,16.0,16.0,3.7734111527463763,2.969689163187362,0.24078936562775252,415735.347826087,Wheat,0.4880225327295909,0.883395717990741,0.4990216736355376,0.729817863397971,0.42124542124542125,0.55,Moderate,0.8376219277460483,0.0,0.12885183121829283,0.00014254469790720749,0.0,0.014592895793969262,0.004593746042240711,0.0003396809822469625,0.01233121447559709,0.0015261590436976367
HARYANA,KAITHAL,HARYANA|KAITHAL,23,0.9344788255129357,0.5481016932543982,17.043478260869566,17.043478260869566,2.5466656916667394,2.2133932887665537,0.15856630330614882,348535.6956521739,Wheat,0.4897093068004637,0.9673300258310514,0.35193854553324555,0.6040687589664003,0.45054945054945056,0.4689,Low,0.9677990689245104,1.2474550357950984e-07,0.01383739498455713,5.488802157498433e-06,0.0,0.003799249057017552,0.0022499099025600398,0.00034280064383649306,0.010361611018321247,0.0016043519215360761
HARYANA,KARNAL,HARYANA|KARNAL,23,0.9420671915609032,0.5444637720064571,19.17391304347826,19.17391304347826,2.5678364781188265,2.2050241460500795,0.1438464262622592,352549.4347826087,Rice,0.47648809534820713,0.9756003382566023,0.35479643640993785,0.600059366912869,0.5103785103785103,0.4884,Low,0.9489443170288668,0.0,8.225796764610378e-05,1.9238745056659954e-05,0.0,0.003070799691736108,0.007108962949013502,0.001553651988614116,0.031654271858513335,0.0075664997705533
HARYANA,KURUKSHETRA,HARYANA|KURUKSHETRA,23,1.11134973619074,0.5969181103825622,17.043478260869566,17.043478260869566,3.04490880291266,2.4833803920635567,0.1903641148815033,252373.08695652173,Rice,0.4592081667910225,0.9439089574251786,0.4185507462076903,0.6578698562348761,0.45054945054945056,0.509,Moderate,0.8946597523576637,0.0,8.44160844684569e-06,0.0,6.891108936200563e-07,0.019753019210172102,0.0071169650315845365,0.0005779917620238222,0.051548768119524906,0.02633437279969045
HARYANA,MAHENDRAGARH,HARYANA|MAHENDRAGARH,23,1.2948494013472212,0.6760482482956821,14.956521739130435,14.956521739130435,3.69319166881312,3.166290230982125,0.26145376301403267,254451.60869565216,Bajra,0.3830616464700643,0.9055716923709933,0.48765943385030347,0.745080030540673,0.39194139194139194,0.5416,Moderate,0.5891449078811773,0.0,0.03285189444922217,0.014403011967595445,0.0,0.32017619477317544,0.04320390978928769,4.835633733722667e-05,2.392186299368104e-06,0.00016933261590527078
HARYANA,MEWAT,HARYANA|MEWAT,15,1.493211458793565,0.6814624864748828,17.066666666666666,17.066666666666666,4.48333810318648,3.1770793127209442,0.2647470932031293,157424.26666666666,Wheat,0.5023062941587998,0.8247013166966212,0.5623655182266176,0.7510471205495343,0.45120065120065117,0.5882,Moderate,0.7851402833277715,0.0,0.01106436788229176,0.00033243498249316923,0.0,0.1620923330752904,0.012899324288843227,0.0005945716120005218,0.0026552450194040392,0.025221439811905322
HARYANA,PALWAL,HARYANA|PALWAL,12,1.2567929624620948,0.5852420480920958,15.833333333333334,15.833333333333334,3.5486380659290013,2.4603115658924524,0.2240928725793471,157143.25,Wheat,0.5962675244827039,0.8588055802587766,0.4733268161560989,0.6450015426641995,0.41656491656491657,0.5116,Moderate,0.9135783221148007,0.0,0.04437352542982279,5.303017045487689e-05,0.0,0.015638597267143197,0.009862020799493457,0.00035530214204767516,0.014976780739866332,0.0011624213363709015
HARYANA,PANCHKULA,HARYANA|PANCHKULA,23,1.604363026864006,0.704947202844411,19.52173913043478,19.52173913043478,5.045649263637102,3.5283310177629716,0.27216905698913596,42164.0,Wheat,0.4738412740314218,0.8362976039728925,0.6042268425631839,0.7769298785242197,0.5201465201465201,0.6338,Moderate,0.8589194161101785,1.1342872345252286e-05,0.00029285234055014995,1.1342872345252286e-05,0.0,0.03820073171838329,0.0457530223598949,0.004486621597653882,0.015926423942947413,0.03639824618570138
HARYANA,PANIPAT,HARYANA|PANIPAT,23,0.9458092516770167,0.548417941657762,17.695652173913043,17.695652173913043,2.578077117135085,2.2199784509448888,0.16201187799963981,170376.1739130435,Wheat,0.5144442527685541,0.9778903561735005,0.3562057515903434,0.6044172997260737,0.46886446886446886,0.4765,Low,0.9451385323320366,0.0,0.00030520699465020116,3.9809607997852325e-05,5.103795897160554e-07,0.004721776774258087,0.006936058624241193,0.0017072197276002054,0.03600779043405743,0.00514309512556869
HARYANA,REWARI,HARYANA|REWARI,23,1.3039472838864223,0.6849959598227248,16.91304347826087,16.91304347826087,3.7018385519072483,3.21026358344142,0.22790392129334017,176860.39130434784,Rapeseed &Mustard,0.3389804633426168,0.9397453997736853,0.4910858309615716,0.7549413994513166,0.4468864468864469,0.5643,Moderate,0.6235915874692616,2.458337932473882e-06,0.023104197390769285,0.003879503091237033,0.0,0.3408084834292044,0.007083946586216738,0.00019568369942492102,7.891264763241161e-05,0.001255227348321164
HARYANA,ROHTAK,HARYANA|ROHTAK,23,1.7109797451800148,0.7334935102968076,16.73913043478261,16.73913043478261,5.57323197799218,3.8037162158182363,0.3384707377956959,211633.52173913043,Wheat,0.45880604515065115,0.7059393689378132,0.6443802754171256,0.8083910703579016,0.442002442002442,0.6316,Moderate,0.7915518849134404,0.0,0.05625598476118787,0.0007194553505228789,0.0,0.06231609153723695,0.034312802011516624,0.00022043848975187007,0.05201238975250695,0.0026109531838364557
HARYANA,SIRSA,HARYANA|SIRSA,23,1.3814983277920332,0.6798971285629057,19.17391304347826,19.17391304347826,4.0003243847200665,3.152037549831277,0.21898798545771694,609731.2173913043,Wheat,0.4419682286236173,0.8579912403312706,0.5202927009853459,0.7493219227936001,0.5103785103785103,0.5933,Moderate,0.559538921569005,0.0,0.3156146207830136,0.017881079175442807,0.0,0.0828270161520921,0.02244189135940013,0.00020543620859882807,0.0008497685865575266,0.0006412661658900593
HARYANA,SONIPAT,HARYANA|SONIPAT,23,1.256610686878881,0.6101668884592519,18.043478260869566,18.043478260869566,3.524256317347329,2.5713795070152385,0.20487704130119166,265578.2173913043,Wheat,0.5293007103941704,0.8870151903173045,0.4732581684758186,0.6724714767536667,0.47863247863247865,0.5415,Moderate,0.9187945776721146,0.0,0.007767792637524784,8.643977644185394e-05,1.4734052802588741e-05,0.011573271053037843,0.017369483713878447,0.0011260090575133928,0.036280313062605485,0.006987378974081001
HARYANA,YAMUNANAGAR,HARYANA|YAMUNANAGAR,23,1.320159846917266,0.6713676686973465,19.0,19.0,3.753034931378783,3.06759480529035,0.21026568100439777,185873.21739130435,Wheat,0.40211280059058485,0.9343336879462485,0.4971917219637666,0.7399215135282147,0.5054945054945055,0.5809,Moderate,0.7660859997136898,0.0,4.3040089972501124e-05,0.0,0.0,0.01296980363426777,0.017927133127676555,0.004730199453390857,0.17939203065951453,0.018851793321487953
HIMACHAL PRADESH,BILASPUR,HIMACHAL PRADESH|BILASPUR,22,0.9216820773323087,0.5450611545141713,19.09090909090909,19.09090909090909,2.5155203882471437,2.198614189723233,0.15105782971816947,53816.13636363636,Wheat,0.4781642883386615,0.9815938950382405,0.3471191009195348,0.6007177485863875,0.508047508047508,0.4853,Low,0.9851058528406907,1.6892533922319682e-06,1.5203280530087714e-05,0.0,0.0,0.006011208196257459,0.005117593151766748,0.0024882702467576893,0.0002947747169444785,0.0009654083136605699
HIMACHAL PRADESH,CHAMBA,HIMACHAL PRADESH|CHAMBA,22,1.4830995380427616,0.6813268229761765,19.181818181818183,19.181818181818183,4.442952101115748,3.1593208045583285,0.25204659599856827,61002.818181818184,Maize,0.4480329522779127,0.8369948631285291,0.5585572193284251,0.7508976043515201,0.5106005106005106,0.6067,Moderate,0.9000515624464444,7.22768396691062e-05,0.0,0.0,0.0,0.040486207045576136,0.04767141905515543,0.0019268856431372023,0.0,0.009791648970017778
HIMACHAL PRADESH,HAMIRPUR,HIMACHAL PRADESH|HAMIRPUR,22,0.8693668038622921,0.5382843001313109,17.5,17.5,2.386439079475497,2.1664058101088903,0.1578115565859887,66759.88636363637,Wheat,0.4942638730729362,0.9919218638029439,0.327416395249232,0.5932489046343757,0.46336996336996333,0.4613,Low,0.9933584913368296,3.4043306490186164e-07,4.766062908626063e-06,0.0,0.0,0.003368925610268823,0.0013045395047039338,0.0009743194317491281,0.0005058835344441664,0.00048273408603083986
HIMACHAL PRADESH,KANGRA,HIMACHAL PRADESH|KANGRA,22,1.3405332406475026,0.6661551765199546,23.454545454545453,23.454545454545453,3.83006526733612,2.999844695462765,0.18505498744538507,198649.56818181818,Wheat,0.4657704104566962,0.9349373914617347,0.5048646433411557,0.734176769953307,0.6305916305916306,0.6232,Moderate,0.9498952071950366,1.1440887053160425e-07,4.461945950732566e-05,0.0,0.0,0.022608336905750315,0.017483963594639763,0.0004175923774403555,0.0025444532806228786,0.007005712778132255
HIMACHAL PRADESH,KINNAUR,HIMACHAL PRADESH|KINNAUR,22,1.5069287615526734,0.7179142901665614,9.090909090909092,9.090909090909092,4.584364312202447,3.675978987229492,0.5113931947055405,3748.590909090909,Small Millets,0.38094314227164144,0.7533982466138791,0.5675316573085063,0.791221044639017,0.22721722721722723,0.5287,Moderate,0.8017921885799513,0.0,0.0,0.0,0.0,0.007578605294110514,0.15665280287138197,2.4251536941153644e-05,0.0,0.033952151717615106
HIMACHAL PRADESH,KULLU,HIMACHAL PRADESH|KULLU,22,1.4439172913660343,0.6590085063028726,19.5,19.5,4.285098303516421,2.964792219427248,0.24871941420979649,49296.13636363636,Wheat,0.47661489237124427,0.8652955468573509,0.5438006057705277,0.726300348001129,0.5195360195360196,0.5965,Moderate,0.9062004674900762,1.1986925031004642e-05,0.0,0.0,0.0,0.01294219074886009,0.04879047316081382,0.012562297432492866,0.0,0.01949258424272601
HIMACHAL PRADESH,LAHUL AND SPITI,HIMACHAL PRADESH|LAHUL AND SPITI,22,1.262860576519508,0.6541411820762066,6.454545454545454,6.454545454545454,3.56675567483864,2.952960647312848,0.5678933143466062,2320.2272727272725,Peas & Beans (Pulses),0.4045841904202175,0.9121363502791655,0.4756119693430113,0.7209360177294389,0.15318015318015316,0.4499,Low,0.2906650994220786,0.0,0.0,0.0,0.0,0.016965422666274856,0.4108531687726516,0.000333039474973063,0.0,0.28118326966402196
HIMACHAL PRADESH,MANDI,HIMACHAL PRADESH|MANDI,22,1.3686018505361723,0.6674503330613547,23.454545454545453,23.454545454545453,3.940136579558927,3.0101745317460247,0.1920065953894069,142362.13636363635,Wheat,0.44777036284226496,0.9193672857983497,0.5154356969270261,0.7356041758786298,0.6305916305916306,0.6272,Moderate,0.951400828935937,0.0,3.1928816619076766e-07,0.0,0.0,0.007017315316540692,0.023361037967513706,0.003064208530932797,1.5964408309538383e-06,0.015154693520078597
HIMACHAL PRADESH,SHIMLA,HIMACHAL PRADESH|SHIMLA,22,1.9301346137455446,0.7959538383668349,23.0,23.0,7.005309871289427,4.98689125085273,0.32515136161945696,42630.36363636364,Wheat,0.3115481069830723,0.6838904835222015,0.726917239962198,0.8772292683168764,0.6178266178266179,0.7407,Moderate,0.8080646743464965,0.0,0.0,0.0,0.0,0.011119901734572456,0.09690489493190939,0.00965381055756247,5.544490269419577e-05,0.07420127352676496
HIMACHAL PRADESH,SIRMAUR,HIMACHAL PRADESH|SIRMAUR,22,1.6587390295045095,0.7143901066732161,23.227272727272727,23.227272727272727,5.315244896538084,3.532866294915904,0.24766754613335615,65523.104545454546,Wheat,0.40211839224234786,0.8203185510621063,0.624705649314858,0.7873370041855845,0.6242091242091242,0.6788,Moderate,0.8604501271341969,1.595550993358831e-06,1.2486920817590851e-05,0.0,0.0,0.013603806512942034,0.048369475222584564,0.04650961773858673,0.015895156482969956,0.015157734436908895
HIMACHAL PRADESH,SOLAN,HIMACHAL PRADESH|SOLAN,22,1.298178667277204,0.6376740706026415,19.181818181818183,19.181818181818183,3.6805883297565014,2.7687275151169914,0.21019323764367953,56830.52272727273,Wheat,0.44957915140831406,0.9101063249062303,0.48891328463547074,0.7027874374312553,0.5106005106005106,0.5674,Moderate,0.9392359979412471,3.9991313886623824e-07,0.00021195396359910626,0.0,0.0,0.01213976324342353,0.03796935305651612,0.00673053812711879,0.0017852122518988876,0.001926781503057536
HIMACHAL PRADESH,UNA,HIMACHAL PRADESH|UNA,22,1.0111041867401531,0.5652807636905454,17.90909090909091,17.90909090909091,2.7551340856670645,2.303276459069562,0.18204669542907795,66615.40909090909,Wheat,0.47422620619444456,0.9596749045914166,0.3807967897705765,0.623001996878773,0.4748584748584749,0.4929,Low,0.9600549695368052,0.0,9.1433936592612e-05,0.0,0.0,0.01929460764947231,0.007108647398670387,0.0006018263587662969,0.0028010172366617334,0.01004749788303143
JAMMU AND KASHMIR,ANANTNAG,JAMMU AND KASHMIR|ANANTNAG,22,0.961805962089171,0.5560677290153009,8.818181818181818,8.818181818181818,2.739386556917776,2.495827342487813,0.3470114809576535,58330.59090909091,Rice,0.48303050091445854,0.9847811026959968,0.3622303493041331,0.6128482124787561,0.21955821955821955,0.3982,Low,0.7428918086798366,0.0,1.558514828878968e-06,0.0,0.0,0.24247373707698985,0.01259591684699982,0.0006506799410569691,0.0,0.0013862989402878422
JAMMU AND KASHMIR,BADGAM,JAMMU AND KASHMIR|BADGAM,22,1.0257668320117228,0.5355981530983585,10.318181818181818,10.318181818181818,2.8374792520598615,2.206677526952365,0.3129573592102725,39649.09090909091,Rice,0.5790846975741735,0.9547106433713946,0.3863189588231643,0.5902884731586721,0.26168276168276167,0.4128,Low,0.8616957857568671,0.0,0.0,0.0,0.0,0.10633282890814875,0.01922433163663044,0.0028431237675975605,0.0,0.00990392993075618
JAMMU AND KASHMIR,BANDIPORA,JAMMU AND KASHMIR|BANDIPORA,13,1.1950080935642478,0.581885913609207,9.692307692307692,9.692307692307692,3.459746893007293,2.5427880455254277,0.38902108789211653,16772.69230769231,Rice,0.5214244765988673,0.866527551652182,0.4500577208034728,0.6413027108288781,0.24410632102939792,0.4452,Low,0.8309798436102639,0.0,0.0,0.0,0.0,0.0694306221192873,0.07628700497603706,0.0,0.0,0.023302529294411706
JAMMU AND KASHMIR,BARAMULLA,JAMMU AND KASHMIR|BARAMULLA,22,0.9050964861314775,0.5278477166004052,9.045454545454545,9.045454545454545,2.5106508545648976,2.1777456926804133,0.3321151568649414,48469.22727272727,Rice,0.47119775152556964,0.9649590227351375,0.3408727219918737,0.5817466339080615,0.22594072594072592,0.3829,Low,0.9404589416152517,0.0,0.0,0.0,0.0,0.03202781896292212,0.025773616437045812,5.439252459151683e-05,0.0,0.001685230460188892
JAMMU AND KASHMIR,DODA,JAMMU AND KASHMIR|DODA,22,1.0556637833582254,0.4818167437569867,11.090909090909092,11.090909090909092,2.9533839290261237,2.012368899323608,0.29854234503642024,48445.681818181816,Maize,0.6911367464029536,0.8710345701136699,0.39757859284107894,0.5310154046822579,0.2833832833832834,0.404,Low,0.929057379164106,0.0,0.0,0.0,0.0,0.03500640361041654,0.03451287993582316,0.00017826900793297085,0.0,0.001245068281721328
JAMMU AND KASHMIR,GANDERBAL,JAMMU AND KASHMIR|GANDERBAL,13,0.8593669954395684,0.4834419773736719,6.153846153846154,6.153846153846154,2.5122069960625546,2.1564552912355484,0.5065917807040549,11864.846153846154,Rice,0.5590918226434911,0.9748448876124038,0.323650319511804,0.532806592095003,0.1447356062740678,0.3337,Low,0.8291591838851682,0.0,0.0,0.0,0.0,0.15870412271545548,0.004162263441452772,0.0,0.0,0.007974429957923536
JAMMU AND KASHMIR,JAMMU,JAMMU AND KASHMIR|JAMMU,22,1.1384726060198904,0.5715842523574071,17.136363636363637,17.136363636363637,3.284323829757663,2.575491824476661,0.22551163789671386,158761.63636363635,Wheat,0.47253830499468047,0.9047256664937374,0.4287656201007602,0.6299491393945006,0.45315795315795315,0.504,Moderate,0.9644736133872507,2.7199151615515083e-05,0.0005207921767223362,0.0,0.0,0.010788615065008835,0.02268838705022624,0.00013141484833180446,0.00016176337539753707,0.001208214945447091
JAMMU AND KASHMIR,KARGIL,JAMMU AND KASHMIR|KARGIL,6,0.8839740575033903,0.47332113653204716,4.166666666666667,4.166666666666667,2.6144378836666617,2.1557798872083,0.6726773939102578,5186.5,Other Cereals,0.2780937690799833,0.7712330087727755,0.33291770299460705,0.5216523047754433,0.08892958892958894,0.3145,Low,0.8811658472315949,0.0,0.0,0.0,0.0,0.0,0.10819756418908062,0.0,0.0,0.010636588579324528
JAMMU AND KASHMIR,KATHUA,JAMMU AND KASHMIR|KATHUA,22,1.2598380585273963,0.6207545937968553,17.954545454545453,17.954545454545453,3.6637179940848257,2.8682320976266062,0.24285304927377568,100694.54545454546,Wheat,0.44142049763461055,0.9026402982918639,0.47447364436768835,0.6841403004451481,0.4761349761349761,0.5449,Moderate,0.93039525477592,4.468961034271063e-05,5.4169224657831064e-05,0.0,0.0,0.039576938355422336,0.028356234877758117,0.0005010653280849373,0.00019004369650789065,0.0008816041313062005
JAMMU AND KASHMIR,KISHTWAR,JAMMU AND KASHMIR|KISHTWAR,13,1.248759846486931,0.5787421117439391,11.153846153846153,11.153846153846153,3.650541440653015,2.492060282249435,0.33793060854645635,17522.384615384617,Maize,0.5683016449289042,0.8037762685970913,0.470301425879495,0.6378378930504239,0.2851507466892082,0.4644,Low,0.9445939479610695,0.0,0.0,0.0,0.0,0.0018569653761562133,0.05136287210644846,4.389989068927218e-06,1.7559956275708873e-05,0.0021642646109811185
JAMMU AND KASHMIR,KULGAM,JAMMU AND KASHMIR|KULGAM,13,0.8997884435449792,0.4660279951923496,8.846153846153847,8.846153846153847,2.6014106695964347,2.0712204023401473,0.29991612403725043,22303.30769230769,Rice,0.5955584373480305,0.9634721307291434,0.3388736346540784,0.5136144554269414,0.22034375880529727,0.3576,Low,0.7325991660429808,0.0,0.0,0.0,0.0,0.2312971859986273,0.023232152526531078,0.0013416430125921302,0.0,0.011529852419268615
JAMMU AND KASHMIR,KUPWARA,JAMMU AND KASHMIR|KUPWARA,20,0.7298141983915435,0.48580810887982107,4.7,4.7,2.077241948668121,1.9483403196516798,0.4935958841967916,38156.6,Maize,0.5932957863121977,0.991690821509254,0.2748588202096997,0.5354143310238579,0.10390720390720391,0.3047,Low,0.9880282834424451,0.0,0.0,0.0,0.0,0.003480393955436281,0.0068323697604084225,0.0,0.0,0.0016589528417102152
JAMMU AND KASHMIR,POONCH,JAMMU AND KASHMIR|POONCH,22,0.8260735563806679,0.47530450037694166,7.2272727272727275,7.2272727272727275,2.3595115392100587,2.0479043345318533,0.35488141030689513,38472.22727272727,Maize,0.5619342878983541,0.9835489355367332,0.3111115179913334,0.5238381913565456,0.17488067488067488,0.3366,Low,0.9835489355367331,0.0,1.1814898350522041e-05,0.0,0.0,0.01211381527879025,0.0006143747142271462,0.0032668193939193444,0.0,0.00044424017797962874
JAMMU AND KASHMIR,PULWAMA,JAMMU AND KASHMIR|PULWAMA,22,1.008525979611698,0.5519265966436628,9.772727272727273,9.772727272727273,2.8501255236178453,2.4377405519916766,0.3260398466788239,35919.954545454544,Rice,0.4686569506187369,0.9691953953171131,0.3798257988373428,0.6082842260447826,0.24636474636474637,0.4115,Low,0.6575884004712499,0.0,0.0,0.0,0.0,0.32224554849861875,0.00962493625346256,0.0021310008744190047,0.0,0.008410113902249826
JAMMU AND KASHMIR,RAJAURI,JAMMU AND KASHMIR|RAJAURI,22,0.8534040888123336,0.4841870147914918,11.181818181818182,11.181818181818182,2.436390559759679,2.110360212735558,0.2541302656836135,86873.5,Maize,0.4769714794290758,0.9770214475907236,0.32140460069159676,0.5336277058297441,0.28593628593628595,0.3803,Low,0.9808713505583092,5.232268235370447e-07,2.3545207059167012e-05,0.0,0.0,0.012757316411480224,0.0042177314245321175,0.002095523428265864,1.778971200025952e-05,1.6220031529648386e-05
JAMMU AND KASHMIR,RAMBAN,JAMMU AND KASHMIR|RAMBAN,13,0.9223753197404376,0.49482592126943453,4.6923076923076925,4.6923076923076925,2.5720074194224187,2.0809930469728357,0.5964210155348613,21513.384615384617,Maize,0.6457303860923791,0.912687629168246,0.34738018626267775,0.5453529588475404,0.10369118061425754,0.3321,Low,0.9578795311684318,0.0,0.0,0.0,0.0,0.04190950892825218,0.00020380872015274927,0.0,0.0,7.15118316325436e-06
JAMMU AND KASHMIR,REASI,JAMMU AND KASHMIR|REASI,13,0.8985806422178512,0.4804741024356074,12.923076923076923,12.923076923076923,2.555582269600475,2.087566889608281,0.20869616348255698,32524.384615384617,Maize,0.5224104045012381,0.950765934198483,0.33841875881231787,0.5295356652712612,0.3348361040668733,0.4009,Low,0.9684946442550796,0.0,5.6762145325282566e-05,0.0,0.0,0.022447063386760703,0.008292003396268363,0.0005108593079275432,0.0,0.000198667508638489
JAMMU AND KASHMIR,SAMBA,JAMMU AND KASHMIR|SAMBA,13,1.2319901426096185,0.5812644600726843,13.615384615384615,13.615384615384615,3.725322442251517,2.816926033778791,0.29914212794276573,51058.53846153846,Wheat,0.5162822160386044,0.8378738732766765,0.4639857073950606,0.6406178002161529,0.35427820043204655,0.4863,Low,0.9156142045103584,0.0,0.000263649114666273,0.0,0.0,0.040311196349288377,0.04329269119457154,6.026265478086239e-06,0.00043539768079173073,7.683488484559955e-05
JAMMU AND KASHMIR,SHOPIAN,JAMMU AND KASHMIR|SHOPIAN,13,0.9054301686006807,0.472428203383371,5.461538461538462,5.461538461538462,2.7392150151440546,2.3457026608921483,0.5471690044865197,3499.0,Rapeseed &Mustard,0.5886077340778685,0.9365093323367117,0.3409983917445477,0.5206681935683458,0.1252935099088945,0.329,Low,0.3479015982588432,0.0,0.0,0.0,0.0,0.5886077340778684,0.022182161936377426,0.0,0.0,0.041308505726910985
JAMMU AND KASHMIR,SRINAGAR,JAMMU AND KASHMIR|SRINAGAR,22,0.9939655715548359,0.4855067500051179,9.318181818181818,9.318181818181818,2.7648102893718955,1.9990101849850213,0.33306615574702714,9555.727272727272,Rice,0.6534301180634173,0.9465812982219134,0.3743421338317822,0.5350822001735325,0.2335997335997336,0.381,Low,0.8788304015678365,0.0,0.0,0.0,0.0,0.07066680619904293,0.020183041108140762,0.011382987832142552,0.0,0.018936763292837232
JAMMU AND KASHMIR,UDHAMPUR,JAMMU AND KASHMIR|UDHAMPUR,22,1.07464604430764,0.5492562414518909,15.909090909090908,15.909090909090908,3.029480734795215,2.3883867327607957,0.22324108300953346,84536.45454545454,Maize,0.4697677494701049,0.9358420950187171,0.4047275930399893,0.6053411989267393,0.41869241869241863,0.4763,Low,0.9545349451178137,8.603066347923058e-06,0.00016023211073006697,0.0,0.0,0.023437978881622884,0.018398195076680206,0.0012694899779653963,0.000762446755084681,0.0014281090137552277
JHARKHAND,BOKARO,JHARKHAND|BOKARO,21,0.8704354740147823,0.3806063635680841,10.380952380952381,10.380952380952381,2.9315686738053195,2.172111797964079,0.3050080543847615,35612.43857142857,Rice,0.7049722100174175,0.8401766284950117,0.3278188722330371,0.4194703583748548,0.26344554915983487,0.3369,Low,0.843068194431424,0.0,5.348586003009837e-05,0.0,0.0,0.04341691956452722,0.09386245611000468,0.0,1.4708611508277052e-05,0.019584235422505737
JHARKHAND,CHATRA,JHARKHAND|CHATRA,21,1.4510380582516487,0.6350585905143274,12.047619047619047,12.047619047619047,4.60309143610012,3.161463389067136,0.41131048887466026,45029.339523809525,Rice,0.48145116771643903,0.7227711312411729,0.546482391887435,0.6999048887537129,0.3102505959648817,0.5189,Moderate,0.7294842887250664,0.0,7.402581002927689e-06,0.0,0.0,0.06655385626723605,0.17429160181521017,4.441548601756613e-05,0.004297261722893834,0.025321173402572988
JHARKHAND,DEOGHAR,JHARKHAND|DEOGHAR,21,0.8135979483815967,0.3650397306006949,9.523809523809524,9.523809523809524,2.5494441826375995,1.856262442093525,0.29928095471205296,52336.352380952376,Rice,0.7413191905034777,0.8908778601853177,0.3064130195192829,0.4023142051032542,0.23937438223152507,0.316,Low,0.892069065351462,0.0,6.0960996426593775e-05,0.0,0.0,0.029142022198173467,0.06151273893753536,1.8197312366147396e-06,0.0,0.01721339278516599
JHARKHAND,DHANBAD,JHARKHAND|DHANBAD,21,0.4792359400261071,0.2005354654021128,8.380952380952381,8.380952380952381,1.8146943450461162,1.3638166594990133,0.2482345770796336,23772.59380952381,Rice,0.8272613920547605,0.9057375733204744,0.18048734235092745,0.22101228878703477,0.2072794929937787,0.2029,Very Low,0.8948560554333405,0.0,0.0,0.0,0.0,0.04041486588187474,0.06164789959113984,0.0,2.0031069390488812e-06,0.0030791759867059404
JHARKHAND,DUMKA,JHARKHAND|DUMKA,21,0.9793007672895107,0.4348864459423555,12.0,12.0,2.9357089596081836,2.015736895661738,0.2795730650830495,101096.63,Rice,0.699736974417446,0.8614438247748478,0.3688191516702171,0.47929301975313543,0.3089133089133089,0.3857,Low,0.8661211225998994,9.420501478446436e-07,0.0006405941005343577,0.0,0.0,0.04405671324647754,0.07339034140382514,1.0833576700213403e-05,1.8369977882970552e-05,0.01576108304453255
JHARKHAND,EAST SINGHBUM,JHARKHAND|EAST SINGHBUM,21,0.3910848225754109,0.15720377764013227,10.142857142857142,10.142857142857142,1.8231459854603693,1.376042309172681,0.24005578913165043,105322.05047619047,Rice,0.906634112968683,0.9385930290381105,0.14728832786742713,0.17325597062118298,0.25675911390197104,0.1924,Very Low,0.9369294376405761,0.0,1.1755327896650919e-05,0.0,0.0,0.018229475267572286,0.0438458177342016,0.0,3.6170239682002826e-06,0.0009798970057850593
JHARKHAND,GARHWA,JHARKHAND|GARHWA,21,1.6911942209790574,0.7429018249598703,12.285714285714286,12.285714285714286,5.749931139402591,4.276207769431599,0.5073893699975363,62823.16523809524,Rice,0.36248557904182854,0.6694806852676962,0.6369287543983634,0.8187600749284527,0.3169370312227455,0.5909,Moderate,0.6881495722456701,0.0,0.0006170001879879811,0.0,0.0,0.07550241154220282,0.21560496258253906,0.000455549278846163,0.0008688711861041067,0.01880163297664987
JHARKHAND,GIRIDIH,JHARKHAND|GIRIDIH,21,1.0386819526263966,0.46748799395893653,11.19047619047619,11.19047619047619,2.9844141661014922,2.0268044017884135,0.31076260721077575,78168.94952380953,Rice,0.6896969454331014,0.8535572467045952,0.39118298424612646,0.5152235357379108,0.28617942903657184,0.3975,Low,0.8814579426781773,0.0,3.6550866738622327e-06,0.0,0.0,0.02653932239103538,0.058651141190552133,3.0459055615518607e-06,3.411414228938084e-05,0.03331077860571041
JHARKHAND,GODDA,JHARKHAND|GODDA,21,1.3602702632717172,0.600309959468088,12.19047619047619,12.19047619047619,4.2160032946455335,2.9848400947496856,0.3732542672651365,63116.934761904755,Rice,0.5488311894680321,0.7810861688369002,0.5122978979488351,0.6616080495170923,0.31426245711959994,0.4961,Low,0.7861226935223777,0.0,0.00013504790047177967,0.0,0.0,0.08060431264681414,0.11719863455557544,1.0562405623491147e-05,0.00039320063848534865,0.015535548330652156
JHARKHAND,GUMLA,JHARKHAND|GUMLA,21,0.8357261702489771,0.34606341907574967,11.761904761904763,11.761904761904763,2.4755616567194374,1.6903844661314618,0.2478259362049503,147781.4119047619,Rice,0.791280996371201,0.8623574525522275,0.3147468351249689,0.3814002084969475,0.3022268736554451,0.3328,Low,0.8852298696693168,0.0,0.00029225919304594545,0.0,7.733429584457212e-06,0.03449850392776861,0.05834851998994074,0.0001901134772845731,5.800072188342909e-06,0.021427200240870557
JHARKHAND,HAZARIBAGH,JHARKHAND|HAZARIBAGH,21,1.3109855086289275,0.5756678431185828,12.666666666666666,12.666666666666666,3.867832673263994,2.556205917146896,0.3400376433667719,67027.5280952381,Rice,0.608983626620673,0.7754740342683225,0.4937365304866826,0.6344497086019837,0.3276353276353276,0.4853,Low,0.7918764279713959,0.0,6.607093465059548e-05,0.0,0.0,0.04054445746594422,0.08726224915876604,6.891269528072863e-05,0.0027907936532317015,0.07739108812073084
JHARKHAND,JAMTARA,JHARKHAND|JAMTARA,17,0.6619195338782814,0.2906452006999234,9.411764705882353,9.411764705882353,2.119543131326349,1.56924337724243,0.23496354158837343,44526.93764705882,Rice,0.7995812158334715,0.9246793157358254,0.24928868547160193,0.3203231952156248,0.23622782446311857,0.2686,Low,0.9254999689943143,0.0,0.0,0.0,0.0,0.04226329933206064,0.023091983155629492,0.0,0.0,0.009144748517995595
JHARKHAND,KHUNTI,JHARKHAND|KHUNTI,12,0.9497303581442414,0.3840301959201504,11.75,11.75,2.9512785545182787,1.9586596361934514,0.26451080752720746,71105.99250000001,Rice,0.7505555058058808,0.8315302211225962,0.3576824982744629,0.4232438007584049,0.3018925518925519,0.3609,Low,0.8316663910804236,0.0,0.0,0.0,0.0,0.05362309419045566,0.0961269075411143,0.0,0.0,0.01858360718800646
JHARKHAND,KODERMA,JHARKHAND|KODERMA,21,1.2789359277213173,0.5462371670427315,11.714285714285714,11.714285714285714,4.1016451805395935,2.957605740605704,0.3697867251999852,22307.29619047619,Rice,0.4902304439277843,0.673631766262595,0.4816661843411901,0.6020138446163747,0.30088958660387227,0.4615,Low,0.6997390475830223,0.0,1.280810920672079e-05,0.0,0.0,0.08403663016768248,0.18145841755554587,2.1346848677867984e-05,0.0025854662713173365,0.03214628346454743
JHARKHAND,LATEHAR,JHARKHAND|LATEHAR,17,1.6053285235400763,0.7074689022627991,11.294117647058824,11.294117647058824,5.226352137400289,3.8490823509739935,0.46839655742731395,49647.17941176471,Rice,0.37989016732838504,0.6972205576988824,0.6045904628899547,0.7797090705188793,0.28908999497234794,0.5578,Moderate,0.6547278528529641,0.0,0.0,0.0,0.0,0.08552659321147382,0.2315802076547089,0.0,1.3862525570879831e-06,0.028163960028296138
JHARKHAND,LOHARDAGA,JHARKHAND|LOHARDAGA,21,1.143379452673185,0.47606697613998133,11.904761904761905,11.904761904761905,3.3963508678270578,2.121732062149355,0.32598086498430556,43858.53952380952,Rice,0.6748299644268657,0.7923600435178323,0.430613611116894,0.524678524078721,0.3062387348101634,0.4205,Low,0.8266473229468164,1.0857417537398075e-06,9.445953257536326e-05,0.0,1.0857417537398075e-05,0.04825454364194894,0.09112411219303948,0.00020737667496430323,0.0006009689181125208,0.033059272933251754
JHARKHAND,PAKUR,JHARKHAND|PAKUR,21,0.8648937538780581,0.3628535949453453,10.80952380952381,10.80952380952381,2.7664223490481463,1.932589648627913,0.2750281985360384,69579.46714285715,Rice,0.7950253879289964,0.8787471791161487,0.32573177847401,0.3999048415334791,0.27548113262398977,0.3337,Low,0.8795866919716142,0.0,0.000789778697780991,0.0,0.0,0.03953154461324698,0.07788880327934185,7.528219822869065e-06,3.124895610110922e-05,0.0021644042620920716
JHARKHAND,PALAMU,JHARKHAND|PALAMU,21,1.7394507074534251,0.7476444857089194,13.142857142857142,13.142857142857142,6.015549659345986,4.487031124908114,0.49160875963729,98277.89,Rice,0.34910003906367176,0.6298206859674957,0.6551028608614088,0.8239870122434356,0.34100819815105526,0.6067,Moderate,0.6426195585366585,0.0,7.171113510494627e-05,0.0,0.0,0.07626940979976948,0.2567337906633449,0.00010853577205072949,0.001823531794820352,0.02237346229825108
JHARKHAND,RAMGARH,JHARKHAND|RAMGARH,12,1.254540619270083,0.5605681489318518,11.083333333333334,11.083333333333334,3.9775332763153233,2.7984075267689796,0.36033026559035064,29843.2975,Rice,0.53284912634068,0.7079574009317614,0.47247855040047493,0.6178081735722476,0.2831705331705332,0.4578,Low,0.6772815850303853,0.0,0.0,0.0,0.0,0.08709096796916181,0.18732288213123902,0.0,0.0,0.04830456486921394
JHARKHAND,RANCHI,JHARKHAND|RANCHI,21,0.8434881292109496,0.34165054367812,12.619047619047619,12.619047619047619,2.524093386747688,1.6621455505383618,0.2334951417796413,168087.84619047618,Rice,0.7989272202471385,0.868934355433426,0.31767010366031095,0.3765367311573833,0.32629804058375483,0.3402,Low,0.8976077948039625,7.082464422366086e-06,0.00019717580951867183,0.0,2.832985768946434e-07,0.01907955856087122,0.058194598738686175,0.00018074449205878252,1.983090038262504e-06,0.024730778741865182
JHARKHAND,SAHEBGANJ,JHARKHAND|SAHEBGANJ,21,1.0106868409220429,0.4325661761847073,10.571428571428571,10.571428571428571,3.0773310269540226,2.0988131113593127,0.30451160346543565,48416.66476190476,Rice,0.6641035422317598,0.8121297295157996,0.3806396111634213,0.47673582554954214,0.26879469736612593,0.3754,Low,0.8145980354894728,0.0,0.0005448733924710457,0.0,0.0,0.06560434976560019,0.11720627950651702,2.8522253396498783e-05,0.0001790017282125096,0.0018389378643299873
JHARKHAND,SARAIKELA KHARSAWAN,JHARKHAND|SARAIKELA KHARSAWAN,17,0.5230081512331822,0.20484754391864402,10.176470588235293,10.176470588235293,2.2191352528766997,1.6160809948480812,0.21814456517816494,74375.4005882353,Rice,0.8272439082305367,0.8803076580166872,0.19697260443114226,0.22576467680207724,0.25770308123249297,0.2268,Very Low,0.8648747564630023,0.0,0.0,0.0,0.0,0.03629520737885339,0.09716251770499611,0.0,5.536302361072405e-06,0.0016619821507871902
JHARKHAND,SIMDEGA,JHARKHAND|SIMDEGA,17,0.8347712421332937,0.3490312777136964,11.411764705882353,11.411764705882353,2.919525617610653,2.0378410395322186,0.250730639065222,93963.1211764706,Rice,0.7116681497057424,0.8185089587024836,0.31438719507433643,0.38467111735615456,0.29239388062917476,0.3305,Low,0.8049533651206062,0.0,0.0,0.0,0.0,0.04355040894454549,0.1432615872462504,0.0,3.048755561208726e-06,0.008231589933036682
JHARKHAND,WEST SINGHBHUM,JHARKHAND|WEST SINGHBHUM,21,0.4289101303892175,0.16631170994031869,10.857142857142858,10.857142857142858,1.7814793509066265,1.3541484780937856,0.19326146300913752,138729.44523809524,Rice,0.8964620533145647,0.924643975142641,0.1615338981820154,0.18329392056557398,0.27681841967556253,0.2072,Very Low,0.919846607220251,0.0,0.00013592747253316824,0.0,0.0,0.02887338076183813,0.050603697326795746,6.865023865311526e-07,0.0,0.000539700716195331
KARNATAKA,BAGALKOTE,KARNATAKA|BAGALKOTE,22,2.2568331986645735,0.8561803728090213,31.636363636363637,31.636363636363637,9.610203695602898,7.179415811234839,0.30576081676078776,529360.6363636364,Jowar,0.24240863807059185,0.486922388534917,0.849956758531344,0.9436055783430757,0.8603618603618604,0.8846,High,0.4569004083313541,8.586687851742934e-07,0.009002111810010257,0.0,0.000869573878746007,0.1879234417780489,0.19028589720669892,0.006348395929429104,0.12276336101509763,0.025905951381829915
KARNATAKA,BALLARI,KARNATAKA|BALLARI,23,2.330636281944266,0.8692552605807593,31.695652173913043,31.695652173913043,10.373344797416175,7.784892989911586,0.3346439156132569,531771.3913043478,Rice,0.18595887314113893,0.47834742977981215,0.8777520911554585,0.9580155524903967,0.862026862026862,0.8993,High,0.5325021163883598,0.0005439571859172567,0.08457614427644701,0.0,0.0017501799972560945,0.233200978321675,0.09165118518565758,0.03642640814433008,0.008624660711508754,0.010724369788848461
KARNATAKA,BANGALORE RURAL,KARNATAKA|BANGALORE RURAL,23,1.494437292488696,0.5894775087410385,30.130434782608695,30.130434782608695,4.66490784641526,2.569221965971184,0.19277302267678093,129302.82608695653,Ragi,0.5843609457407871,0.7226124046517024,0.5628271853248457,0.6496694893050254,0.818070818070818,0.6769,Moderate,0.7044316257925026,1.782132607478568e-05,4.707520095226407e-06,0.0,0.008348450637448658,0.14751888472123914,0.11064118104954161,0.01659266332993159,0.0032142274707335156,0.009230438152432864
KARNATAKA,BELAGAVI,KARNATAKA|BELAGAVI,23,2.4972002653927152,0.8862503546800575,36.608695652173914,36.608695652173914,12.249482225802858,8.922208385479527,0.34199113485960436,916161.5217391305,Jowar,0.18435561604738862,0.48277029183433806,0.9404825506079711,0.9767460281072916,1.0,0.9724,High,0.48530074557291614,0.015406102445861668,0.039157942293733566,0.0,0.0019803798599212262,0.16902368886443273,0.11341060753716534,0.009565002184207598,0.1525205708220712,0.013634960419690567
KARNATAKA,BENGALURU URBAN,KARNATAKA|BENGALURU URBAN,23,1.3527040595648174,0.5188301000976147,26.565217391304348,26.565217391304348,3.9097091182047414,2.105089768168345,0.14993541428003662,51545.0,Ragi,0.6924291564567895,0.7892850063473452,0.5094483537375439,0.571808221973349,0.717948717948718,0.5997,Moderate,0.7766645438557276,6.748008283180167e-06,1.5183018637155377e-05,0.0,0.005487817736296271,0.08448000269920332,0.11483001345384151,0.011264956327733892,0.0016794105614764642,0.0055713243388006255
KARNATAKA,BIDAR,KARNATAKA|BIDAR,23,2.194476159762911,0.8438065743811625,33.34782608695652,33.34782608695652,9.177537409724277,6.806617066639998,0.2780446624413824,412784.0,Jowar,0.18985748099437624,0.5010553998554039,0.8264721754935582,0.9299682822865066,0.9084249084249084,0.8883,High,0.24073607504166827,2.1065865377323355e-07,0.004848098257937197,0.0,0.00033779115132538,0.21040196620361085,0.4826594222560025,0.005549486245675177,0.0538498290294366,0.0016171211556902272
KARNATAKA,CHAMARAJANAGARA,KARNATAKA|CHAMARAJANAGARA,22,2.6552329586321513,0.9073498424123682,33.04545454545455,33.04545454545455,14.269533302065808,10.86729829189689,0.4341595743268552,185070.77272727274,Maize,0.14806252251902652,0.382519021592968,1.0,1.0,0.8999333999333999,0.9666,High,0.4349714372167699,0.0005182292670838208,0.042735248456548684,0.0,0.013736514065749295,0.19040627455295359,0.21929595975200641,0.03896470072751038,0.04204927009495385,0.017322365866424074
KARNATAKA,CHIKKABALLAPURA,KARNATAKA|CHIKKABALLAPURA,13,1.8332615913218864,0.7696422678330206,27.0,27.0,6.292634392559449,4.4082339387050995,0.24357496535948212,152878.15384615384,Maize,0.32200304314748396,0.7809547673964585,0.6904334270791422,0.8482310040268207,0.7301587301587301,0.7563,High,0.6492103314052016,4.025327359747531e-06,0.000708960781235534,0.0,0.019204836833355474,0.1969114669500497,0.10717283145551812,0.004969266625608327,0.0004805234535698616,0.021337757168101695
KARNATAKA,CHIKKAMAGALURU,KARNATAKA|CHIKKAMAGALURU,23,2.4366802413316937,0.8677880530825243,34.91304347826087,34.91304347826087,11.60533979822507,7.836674340147733,0.334145533379772,239156.5652173913,Ragi,0.21116874319733425,0.5336953180207036,0.9176898145264643,0.956398527358906,0.9523809523809523,0.9422,High,0.47405619858629994,0.0001936152067746779,0.0063776667313262675,0.0,0.004372431303415754,0.22839395186089664,0.10047829319014413,0.14740680154768543,0.004725847230148124,0.03399519434330903
KARNATAKA,CHITRADURGA,KARNATAKA|CHITRADURGA,23,2.3340943676941572,0.8560703570283523,31.130434782608695,31.130434782608695,10.39035198249869,7.0331097028055805,0.3399672310518466,476690.17391304346,Groundnut,0.2730382527197959,0.5449969600161403,0.8790544573898973,0.94348432877039,0.8461538461538461,0.8896,High,0.37202087510308857,0.0005128661639125003,0.029184757139675263,0.0,0.0017208333477747007,0.4292593110792773,0.09138029130944043,0.037226987468115744,0.0014558722582911842,0.037238206130424334
KARNATAKA,DAKSHINA KANNADA,KARNATAKA|DAKSHINA KANNADA,23,1.3786540111367314,0.6532503054186666,16.73913043478261,16.73913043478261,4.061198155976923,3.122485671443186,0.2451075233643924,128008.52173913043,Rice,0.4311825707255903,0.8086581192284753,0.5192214892688541,0.719954173003295,0.442002442002442,0.5604,Moderate,0.4312284236511428,6.793026007779373e-07,6.793026007779373e-07,0.0,0.1344336450426534,0.13485209544473262,0.021503663478925995,0.27077273388048895,0.001311393670801808,0.005896686226052885
KARNATAKA,DAVANGERE,KARNATAKA|DAVANGERE,22,1.9793870054198808,0.7771800907790983,35.22727272727273,35.22727272727273,7.367991310337714,4.669623687244958,0.21030630094557942,434930.04545454547,Maize,0.3624707254385005,0.6819213664559013,0.7454664190518207,0.8565385195999066,0.9612054612054611,0.8544,High,0.7334207664116518,0.0019157730799132693,0.026136491542370292,0.0,0.0017788649606242843,0.10038364581305186,0.03665458844426497,0.06860904799632878,0.015706496582888304,0.015394325168906473
KARNATAKA,DHARWAD,KARNATAKA|DHARWAD,23,2.486813662455317,0.8969580030109975,32.73913043478261,32.73913043478261,12.117571356687618,9.914820237530853,0.3744342095048503,484013.1304347826,Cotton(Lint),0.15181774623074365,0.3791613809973894,0.9365708023360798,0.9885470422590895,0.8913308913308913,0.9388,High,0.34274213904725187,1.8055564787947722e-05,0.15183634076761482,0.0,0.0003146698679212979,0.1547943992177,0.186927465676012,0.09167762426854752,0.008959153282043553,0.062730152308121
KARNATAKA,GADAG,KARNATAKA|GADAG,22,2.305976785035485,0.8777090829247246,32.72727272727273,32.72727272727273,10.059524726335885,8.27538991964215,0.3108912593936466,499611.8181818182,Jowar,0.14956884708673823,0.4155004885611192,0.868464959934594,0.9673326008314084,0.890997890997891,0.9089,High,0.29416528832384414,9.671144688694678e-05,0.10690708968599258,0.0,0.00023190731713530323,0.23039987408406162,0.27664277539107635,0.02746168388912847,0.002156219464930046,0.06193845039694454
KARNATAKA,HASSAN,KARNATAKA|HASSAN,23,2.3305358226567785,0.8486914856864576,34.130434782608695,34.130434782608695,10.528171418705725,7.019067302488765,0.30863617793672155,380815.0869565217,Ragi,0.2461986857252527,0.5366930909181415,0.8777142567021158,0.9353519954663179,0.9304029304029303,0.9145,High,0.5206184172233768,0.02220705769900649,0.0033022988333833597,0.0,0.003939832946424871,0.20101596723823625,0.10938779256895992,0.0684273675218613,0.008429402059449828,0.06267186390930118
KARNATAKA,HAVERI,KARNATAKA|HAVERI,22,2.107081785161721,0.8052459101779292,36.18181818181818,36.18181818181818,8.412991409233753,5.571103206407124,0.23533104159281473,419426.13636363635,Maize,0.32805982199704686,0.6366671995014834,0.7935581615585204,0.887470160392627,0.988011988011988,0.8897,High,0.5755929503244422,4.215716820872675e-05,0.18763516167924246,0.0,0.0015064956176594102,0.09629325783334913,0.05793673715439115,0.05362489332014793,0.011543694712743332,0.01582465218981563
KARNATAKA,KALABURAGI,KARNATAKA|KALABURAGI,23,2.019653744134446,0.8007584091528348,32.869565217391305,32.869565217391305,7.711305971686541,5.370890648810382,0.2374094268021051,1190506.2608695652,Arhar/Tur,0.30766333825682635,0.6500766718024673,0.7606314683495322,0.8825244373480696,0.894993894993895,0.846,High,0.30852113919821617,4.382497997563623e-07,0.030232991123542472,0.0,0.0007600347152274714,0.12326670378155527,0.521374757483517,0.002905267485034865,0.01101226792664458,0.0019264000364623834
KARNATAKA,KODAGU,KARNATAKA|KODAGU,23,1.4475939242760567,0.6301393690174176,17.26086956521739,17.26086956521739,4.3812889354889615,2.865827701217671,0.26035212356874027,66906.21739130435,Rice,0.5010212217880576,0.8143748257619523,0.5451852800975278,0.6944833619434684,0.45665445665445664,0.5654,Moderate,0.5467029450047861,0.0026571911494544928,1.2996777449031512e-06,0.0,0.021106766577227175,0.022021089870766543,0.005529478965690457,0.39994008485595994,4.54887210716103e-06,0.002036595026263238
KARNATAKA,KOLAR,KARNATAKA|KOLAR,23,1.6896600897571576,0.6855623354307167,22.782608695652176,22.782608695652176,5.519463443038083,3.368693674410249,0.24870772383267561,160443.26086956522,Ragi,0.4717135544327603,0.7228734524869281,0.6363509778921957,0.7555656080878509,0.6117216117216118,0.6679,Moderate,0.5832721577044031,3.2518606740294213e-06,1.9511164044176528e-05,0.0,0.005547132333115188,0.2163793512266967,0.1482287521391146,0.007977085221783673,0.003922014961268984,0.0346507433888995
KARNATAKA,KOPPAL,KARNATAKA|KOPPAL,22,2.471422491188221,0.8892149005013728,26.954545454545453,26.954545454545453,11.87048444332247,9.105397321510269,0.4460838579999877,454768.13636363635,Rice,0.15223472021056886,0.4239390122778851,0.9307742596195324,0.9800132858757322,0.7288822288822289,0.8799,High,0.5169042685988134,1.799118611792083e-06,0.033257507147248566,0.0,0.0012551850848269432,0.2552333611763597,0.1780741614682967,0.003917180973041307,0.0024080203108497148,0.008948516121951855
KARNATAKA,MANDYA,KARNATAKA|MANDYA,23,1.9020922992024327,0.7956048891323448,29.130434782608695,29.130434782608695,6.744297691462793,4.966405224784504,0.23879716490190447,239069.34782608695,Rice,0.2912036620263904,0.6800200778562524,0.716356089592342,0.8768446876202377,0.78998778998779,0.7944,High,0.5746389759565853,5.819668478947804e-06,4.0737679352634626e-05,0.0,0.0037780560306769273,0.13871998210451944,0.17562613722232678,0.00623086442991346,0.09878214343846019,0.002177283469686347
KARNATAKA,MYSURU,KARNATAKA|MYSURU,23,2.4285835942008456,0.8775886068339159,31.652173913043477,31.652173913043477,11.464234474974502,8.340590773760573,0.3635686742137211,472378.7826086957,Rice,0.22162621521859024,0.47429853639930813,0.9146404974770784,0.9671998228386461,0.8608058608058607,0.9142,High,0.4426618027242692,0.11875206632260478,0.09886529896052468,0.0,0.003250063140191843,0.0812582975048027,0.22380087019333783,0.013288801396668408,0.017810412277840408,0.000312387479760163
KARNATAKA,RAICHUR,KARNATAKA|RAICHUR,23,2.0056552190745545,0.8272744472354107,25.869565217391305,25.869565217391305,7.469512874457396,5.8632204526822305,0.30457664402047635,640692.6521739131,Rice,0.2277362047908612,0.5697751977801742,0.7553594167902209,0.9117480475181863,0.6984126984126984,0.7885,High,0.5196995697116117,0.0002611304301031268,0.07483741610896522,0.0,3.454142123765373e-05,0.22490747276164635,0.17321844137299502,0.004388049862611328,0.0002560408297242977,0.0023973375011052916
KARNATAKA,RAMANAGARA,KARNATAKA|RAMANAGARA,13,1.6885463066549091,0.6682965328198598,31.692307692307693,31.692307692307693,5.445171946576835,3.0260285498582036,0.1757637541842919,126914.92307692308,Ragi,0.5423802983706832,0.7491299441055002,0.6359315107043441,0.7365367817148256,0.8619329388560157,0.7448,Moderate,0.6110701657197372,1.3940289497385893e-05,1.5152488584115101e-05,0.0,0.008683588157784682,0.21119538588539627,0.14644698386684235,0.01785084375117432,0.004273001780720458,0.0004509380602632654
KARNATAKA,SHIVAMOGGA,KARNATAKA|SHIVAMOGGA,23,1.5109172266715907,0.66053417679431,31.391304347826086,31.391304347826086,4.543496161745976,2.9997393695856966,0.1485494494844339,259347.73913043478,Rice,0.5025679807436649,0.8543677634091411,0.5690337722570086,0.7279818058249174,0.8534798534798534,0.7168,Moderate,0.718532680145073,0.0003176866111271119,0.018124901299212508,0.0,0.011159936683968712,0.03717603928785894,0.014816601782599088,0.17919419252110394,0.020624315381161905,5.364628789481572e-05
KARNATAKA,TUMAKURU,KARNATAKA|TUMAKURU,23,1.9585514023598536,0.7950758563001052,35.04347826086956,35.04347826086956,7.146032801451595,4.949007181587194,0.20665921017537148,564578.7391304348,Ragi,0.2987837565076416,0.729632120478285,0.7376194228052989,0.8762616348576637,0.956043956043956,0.8566,High,0.3894280237107914,5.8835710596380784e-05,0.0017870962043188645,0.0,0.0034770826821167397,0.45081754299146165,0.1042980795762227,0.047032296723582515,0.0022040288445921703,0.000897013556317596
KARNATAKA,UDUPI,KARNATAKA|UDUPI,22,1.3189959357051408,0.6048989476392873,17.818181818181817,17.818181818181817,3.8343930131876274,2.723310825607751,0.23979125131557283,100622.90909090909,Rice,0.5639136939717324,0.8325178072587843,0.4967533757883995,0.6666656226346438,0.47230547230547226,0.5452,Moderate,0.5640677344396541,1.8069263099312283e-06,0.0,0.0,0.11169063253262405,0.18380777195144427,0.058659152262452434,0.07738478134384724,0.00141934061645098,0.0029687799272170084
KARNATAKA,UTTARA KANNADA,KARNATAKA|UTTARA KANNADA,23,1.3231248015180836,0.5443733011354804,27.043478260869566,27.043478260869566,3.8586914482290493,2.332420858023449,0.14336099476415579,119281.0,Rice,0.644303568154555,0.8299743790967838,0.49830836771463327,0.5999596579949327,0.7313797313797314,0.6099,Moderate,0.6767694698270034,0.00012794048981159943,0.032402113678952474,0.0,0.022669159379951544,0.08421509603009043,0.02230064702895574,0.1388792194390812,0.021897142407242234,0.0007392117189114634
KARNATAKA,VIJAYAPURA,KARNATAKA|VIJAYAPURA,23,2.0691108248932752,0.8093081895351585,28.47826086956522,28.47826086956522,8.096505551113069,5.712795844121161,0.2896428442493336,907475.1739130435,Jowar,0.25417209880313407,0.5286065317680987,0.7792577363754862,0.8919472420730833,0.7716727716727717,0.8143,High,0.4317295253352002,2.874674401201729e-07,0.011613684580854985,0.0,0.0008537303859168934,0.19966602032806838,0.3094821278857359,0.0023987241428427624,0.0314555976115097,0.012800302262431038
KARNATAKA,YADAGIRI,KARNATAKA|YADAGIRI,10,1.9930142515375593,0.8322747266375806,27.7,27.7,7.442736172822682,6.192128475736228,0.27707469687872127,401536.9,Cotton(Lint),0.2107915860285817,0.6155339646244218,0.7505986414707148,0.9172589091158206,0.7498168498168498,0.8059,High,0.3598237173221191,7.471293422846069e-07,0.2107955707184072,0.0,1.743301798664083e-06,0.1106931890942028,0.3122375552533279,0.0030024637835277404,0.0020033028097791263,0.0014417105874951965
KERALA,ALAPPUZHA,KERALA|ALAPPUZHA,23,1.1112038041979173,0.5789809055167724,12.217391304347826,12.217391304347826,3.048875966390065,2.3975711127130053,0.2552447232330533,88814.78,Coconut,0.5130270082250411,0.9188893129489601,0.41849578606103033,0.6381010702304611,0.315018315018315,0.4572,Low,0.37044191244432223,0.0,0.0,0.0,0.04026434711018574,0.5153818992739722,0.00011034199487968107,0.03752809572030006,0.0008048503717022344,0.03546855308463788
KERALA,ERNAKULAM,KERALA|ERNAKULAM,23,1.3070849803662727,0.5974261644418855,12.130434782608695,12.130434782608695,3.723478111725444,2.5398447514499547,0.3127613070878624,90060.09173913044,Coconut,0.5709499489690968,0.8196998573092823,0.4922675338587317,0.6584297880666518,0.3125763125763126,0.4878,Low,0.18863151231908631,0.0,0.0,0.0,0.06911123221007252,0.5719501651967053,0.0005486481680581861,0.10953183814067025,5.067630906593086e-05,0.06017592765634149
KERALA,IDUKKI,KERALA|IDUKKI,23,1.5032781762773006,0.6888598459707663,15.91304347826087,15.91304347826087,4.540421922955753,3.3057843077329196,0.2988863626113562,125092.1843478261,Black Pepper,0.46689616628604996,0.8489369634409162,0.5661567929059292,0.7591998298465528,0.41880341880341876,0.5814,Moderate,0.016827986306196224,0.0,1.0427092890632891e-06,0.0,0.029287479483304457,0.15783894384615638,0.0002199143404587081,0.7263114696937378,0.011514652581916423,0.0579985110389408
KERALA,KANNUR,KERALA|KANNUR,23,1.2810261849536573,0.5929610319271474,12.826086956521738,12.826086956521738,3.6234820912611445,2.501322128276277,0.29544377974213787,149322.7747826087,Coconut,0.5959199584167802,0.8377559470805207,0.48245340612734056,0.6535087175974416,0.3321123321123321,0.4894,Low,0.05046595559659262,0.0,0.0,0.0,0.16892700796606983,0.5959678121496375,0.0011170403540935144,0.16669617379954,3.5018974449111526e-05,0.016790991159617567
KERALA,KASARAGOD,KERALA|KASARAGOD,23,1.2298231189457216,0.5911070154822528,13.91304347826087,13.91304347826087,3.4602961650527804,2.5024261677745923,0.26072407815784776,99609.17000000001,Coconut,0.591219192404457,0.884420279779462,0.4631695742355004,0.6514653861741777,0.3626373626373626,0.4924,Low,0.04785087208510936,0.00038597808336058946,0.0,0.0,0.13236194060725795,0.5912567304186256,0.00023395349086312295,0.22082464461070592,1.2610153829428948e-05,0.007073270550248056
KERALA,KOLLAM,KERALA|KOLLAM,23,1.2618355476260033,0.5861841935905333,12.652173913043478,12.652173913043478,3.547857277291292,2.444248807736392,0.2913192276843818,103850.81130434784,Coconut,0.5944825718344642,0.8609043585123486,0.47522592830274313,0.6460398913301701,0.32722832722832723,0.4828,Low,0.056113898773167366,0.0,0.0,0.0,0.054145305582297985,0.5959902655676643,0.0001862077517168797,0.10028136264669907,1.2413291900095517e-05,0.1932705463865544
KERALA,KOTTAYAM,KERALA|KOTTAYAM,23,1.4045782744833537,0.6654566795727049,12.26086956521739,12.26086956521739,4.097274708582135,3.0338608145676713,0.34056189628538286,66414.9047826087,Coconut,0.5022674945522476,0.8251443702582713,0.5289849502346209,0.733406948970705,0.3162393162393162,0.5262,Moderate,0.22353438984796764,0.0,0.0,0.0,0.049695189884727355,0.5023685064512202,0.00012503741220843426,0.13036346915868105,0.00043977163559821933,0.0934736356095971
KERALA,KOZHIKODE,KERALA|KOZHIKODE,23,0.8031172567884398,0.3381218365003949,11.869565217391305,11.869565217391305,2.248111058904987,1.521442162663597,0.19732541775262066,154241.06782608695,Coconut,0.8042542670697279,0.9255628292939612,0.30246583606817207,0.3726477051028426,0.3052503052503053,0.3268,Low,0.024704777774517937,0.0,0.0,0.0,0.02896220421259487,0.8042608716379309,1.5503681227896966e-05,0.12566164637548627,9.138715371062177e-06,0.016385857602871097
KERALA,MALAPPURAM,KERALA|MALAPPURAM,23,1.2264578456363195,0.5426790939815767,13.26086956521739,13.26086956521739,3.445744445614313,2.226892660254844,0.26978695306024486,163475.03043478262,Coconut,0.6502163832652331,0.8372931784263715,0.461902162538737,0.5980924541065191,0.3443223443223443,0.4681,Low,0.0761487653865075,0.0,0.0,0.0,0.08241725627716526,0.6515145232790106,0.00015300568306442862,0.15125621764281139,1.1393842170870558e-05,0.038498837889269985
KERALA,PALAKKAD,KERALA|PALAKKAD,23,1.477493596977125,0.6578455594137702,18.782608695652176,18.782608695652176,4.408433834544969,2.944427634038138,0.2554884269683825,188740.05304347826,Rice,0.48264893991925706,0.8387959273785812,0.5564459390178175,0.7250186517526231,0.49938949938949945,0.5936,Moderate,0.49314105863781055,0.0,0.008959504694611929,0.0,0.08103593651633889,0.30563123807996495,0.0015546572241819175,0.08481667822853906,0.004270460580701792,0.02059046603785088
KERALA,PATHANAMTHITTA,KERALA|PATHANAMTHITTA,23,1.5621131759657423,0.6924289896029916,12.391304347826088,12.391304347826088,4.791182144733761,3.2780454678333264,0.395684428351311,37170.94434782609,Coconut,0.49891591342522645,0.7676153014886381,0.5883149238891898,0.7631334213516066,0.31990231990231993,0.5571,Moderate,0.09636847957869665,0.0,0.0,0.0,0.07567713126844797,0.4990157459592212,5.387564751954695e-05,0.15481198896211268,0.0017035863402050401,0.172369192243797
KERALA,THIRUVANANTHAPURAM,KERALA|THIRUVANANTHAPURAM,23,0.9742048542467473,0.4613428894764036,11.782608695652174,11.782608695652174,2.6578196992985728,1.8691775683202188,0.23504689902849443,110360.23826086956,Coconut,0.7036804622937841,0.9188125167071435,0.36689995545573933,0.5084509501316854,0.3028083028083028,0.3927,Low,0.03389239732009971,0.0,0.0,0.0,0.03631905501819283,0.7037018783245768,0.00020399202693307766,0.05161680237795789,5.700698410014937e-06,0.1742601742338297
KERALA,THRISSUR,KERALA|THRISSUR,23,1.0607231803973503,0.5145550640006001,11.652173913043478,11.652173913043478,2.903146262968017,2.0844130497341244,0.25536264032444767,127311.15913043478,Coconut,0.6514689278954084,0.9178892566492668,0.3994840365885576,0.5670966588064359,0.29914529914529914,0.4219,Low,0.21357053348368324,0.0,3.722478427776471e-05,0.0,0.04014030109987353,0.6518646819941663,6.8302356472962765e-06,0.08312836649935254,7.1375962514246084e-06,0.011244924306747988
KERALA,WAYANAD,KERALA|WAYANAD,23,1.8483409107434368,0.7947959656970397,13.826086956521738,13.826086956521738,6.47287046146234,5.308609777308053,0.47351105327979937,77756.80130434783,Black Pepper,0.32647464815925537,0.6055975262848948,0.6961125217787344,0.8759531644199311,0.36019536019536014,0.6441,Moderate,0.140135953324659,0.0,0.0,0.0,0.14099153624716057,0.13912906810562073,0.0030216845060213747,0.5512479173987314,2.4837754581322996e-05,0.02544900266322572
LADAKH,KARGIL,LADAKH|KARGIL,15,0.7161713758340503,0.4067012136272307,3.6666666666666665,3.6666666666666665,2.2101090074208027,1.8772615249236522,0.7196871771398267,4458.0,Wheat,0.2883804396590399,0.7458651114101988,0.2697207314732141,0.4482297727036966,0.07488807488807488,0.2643,Low,0.7794825781366831,0.0,0.0,0.0,0.0,0.0,0.21754149842978915,0.0,0.0,0.0029759234335277403
LADAKH,LEH LADAKH,LADAKH|LEH LADAKH,21,0.7743978075184815,0.3938247882834326,7.476190476190476,7.476190476190476,2.316922576212578,1.825922625973047,0.3976609620907708,5325.190476190476,Wheat,0.4126299975855995,0.7713294404850263,0.29164966674615783,0.4340385261283254,0.18187103901389615,0.3025,Low,0.8527036815137398,0.0,0.0,0.0,0.0,0.012125656135707196,0.12013878332096325,0.0,0.0,0.01503187902958982
MADHYA PRADESH,AGAR MALWA,MADHYA PRADESH|AGAR MALWA,7,1.7537670290949054,0.7371106518305754,22.142857142857142,22.142857142857142,5.880750027393857,3.932628730666778,0.2905671671098332,300954.12142857147,Soyabean,0.40356791923932783,0.7594816836937439,0.660494599313185,0.8123775608654118,0.5937554508983081,0.6889,Moderate,0.26614165704468906,0.0,1.1867019977914525e-05,0.0,0.0,0.4295552689485633,0.22551799957549296,0.06414919388401322,8.069573584981878e-06,0.014615943953678557
MADHYA PRADESH,ALIRAJPUR,MADHYA PRADESH|ALIRAJPUR,12,2.277600023348684,0.861538890292657,25.5,25.5,9.76904078329962,7.2294313945287705,0.39565787347438924,212354.16666666666,Urad,0.251571863043265,0.5346198371431375,0.857777851824344,0.949511257975299,0.688034188034188,0.8318,High,0.43672912783282647,0.0,0.047426665358579416,0.0,0.0,0.15825174139115078,0.3484748356715393,0.007905543019719415,0.0003998822721475522,0.0008122044540370842
MADHYA PRADESH,ANUPPUR,MADHYA PRADESH|ANUPPUR,18,1.778785542199093,0.6708792230556875,26.61111111111111,26.61111111111111,6.335399602698071,3.389545515566873,0.28711649799275124,191900.71166666667,Rice,0.5072437908074343,0.6461810903885797,0.6699169413426678,0.739383192344006,0.7192375525708858,0.7095,Moderate,0.7095767211864401,8.685046825473385e-07,0.0001557518397368227,0.0,3.0397663889156847e-06,0.13319648362950748,0.1486859751411784,0.004356627928781261,2.9239657645760395e-05,0.0039952923456386576
MADHYA PRADESH,ASHOKNAGAR,MADHYA PRADESH|ASHOKNAGAR,17,1.6963667055199583,0.7658323350572012,23.88235294117647,23.88235294117647,5.468923138449638,4.303145743363021,0.2352800273108437,458410.64705882355,Wheat,0.2919688884138175,0.7744329159791357,0.6388767885714424,0.8440320362221976,0.6426057602528191,0.7085,Moderate,0.31778827639898005,0.0,8.982442020582368e-07,0.0,0.0,0.2515599614576245,0.41394211021430694,0.013996184515270857,0.0010556935786190163,0.0016568755909965648
MADHYA PRADESH,BALAGHAT,MADHYA PRADESH|BALAGHAT,23,1.212114928149513,0.4741213482064616,29.043478260869566,29.043478260869566,3.440967505468194,2.023646787242452,0.13700517313478705,344893.52173913043,Rice,0.7103103402675885,0.8231775629302603,0.45650040769828965,0.5225342266505681,0.7875457875457875,0.5889,Moderate,0.8173848488336224,5.042514066408145e-07,0.0006039671223040356,0.0,0.00010740554961449349,0.06771453470642672,0.10648692961444559,0.0022914444546275215,0.003222670739841446,0.002187694727711174
MADHYA PRADESH,BARWANI,MADHYA PRADESH|BARWANI,22,2.231053795951082,0.8580222192195783,27.09090909090909,27.09090909090909,9.395435611607303,7.233579029993777,0.35953665176697447,288072.4909090909,Cotton(Lint),0.203889494481408,0.49866299435868,0.8402478542223332,0.9456354970408739,0.7327117327117326,0.8395,High,0.4754407776275,3.960493024893293e-05,0.2044747322754052,0.0,0.0017570545848087354,0.17980038736461978,0.10245653445688892,0.024002765213074206,0.006581992272525848,0.0054461512749284634
MADHYA PRADESH,BETUL,MADHYA PRADESH|BETUL,23,1.9988012977078566,0.7991980344689936,27.217391304347824,27.217391304347824,7.498534007806288,5.103668438502851,0.2854770675837551,552582.9347826086,Soyabean,0.34837343912373575,0.651434459080803,0.7527781286420696,0.8808047316613494,0.7362637362637362,0.7899,High,0.4636058761983987,0.0,0.0019941134155939213,0.0,3.2023522733062106e-05,0.3831902470669856,0.13469376916272455,0.0031048260904373392,0.010628111499296879,0.0027510330438299344
MADHYA PRADESH,BHIND,MADHYA PRADESH|BHIND,23,1.6928824170378547,0.7346377998068572,21.608695652173914,21.608695652173914,5.5277796880534265,3.9362064900707425,0.27120652820532903,365291.27826086956,Rapeseed &Mustard,0.41073083381202624,0.7696135855562746,0.6375645540005449,0.8096522041087019,0.5787545787545788,0.6753,Moderate,0.4197718618688024,0.0,6.367759360683625e-05,0.0,0.0,0.4428135098477815,0.134043357942561,0.0003440256384321486,0.00010926360921696389,0.0028543034995991406
MADHYA PRADESH,BHOPAL,MADHYA PRADESH|BHOPAL,23,1.3583692499493114,0.6654779818448572,22.0,22.0,3.944450694271315,3.04875622425401,0.19618993218352115,224022.54782608693,Soyabean,0.4305931083878086,0.9133997109685348,0.5115819482178612,0.7334304264334834,0.5897435897435898,0.6116,Moderate,0.3760842318938936,0.0,0.00010247415700740994,0.0,0.0,0.43460512689852304,0.17707747818707537,0.006179618643201016,0.001189515356625787,0.004761554863673855
MADHYA PRADESH,BURHANPUR,MADHYA PRADESH|BURHANPUR,17,2.028554728273005,0.8051633772431547,25.88235294117647,25.88235294117647,7.675865639189427,5.35539143427417,0.31685405397848837,124061.82352941176,Cotton(Lint),0.35103086648924087,0.5731155861095819,0.7639837106112224,0.8873791999593776,0.6987718164188752,0.7834,High,0.26749708755264806,0.0,0.3512148354876198,0.0,0.09727550448045116,0.13158382609050231,0.12249395581235352,0.005163459774087967,0.020792289992039074,0.003979040810298091
MADHYA PRADESH,CHHATARPUR,MADHYA PRADESH|CHHATARPUR,23,2.1735387282409504,0.8317662123262062,27.82608695652174,27.82608695652174,8.923067037273839,6.176819374690482,0.3354485108758947,516475.12608695653,Wheat,0.3016560947389873,0.5811599378425387,0.8185868291423489,0.9166984700353196,0.7533577533577533,0.8295,High,0.3751501850600507,5.7412588555234854e-05,0.0009937765511650255,0.0,9.84937369642592e-06,0.24974400257114113,0.36393242188127095,0.006230696963822804,0.0003439704352444129,0.0035376845750532755
MADHYA PRADESH,CHHINDWARA,MADHYA PRADESH|CHHINDWARA,23,2.2644327004232405,0.8473524207276846,30.043478260869566,30.043478260869566,9.90469886965137,7.205707924270183,0.3448326500887693,619874.7434782608,Maize,0.20895133014635475,0.5852934201833244,0.8528188432813698,0.9338761976029349,0.8156288156288156,0.8674,High,0.5492984904643183,0.0,0.04908109380947796,0.0,5.400810602753539e-06,0.2390273221467302,0.13402812914707293,0.010290234581823758,0.009609304589452437,0.008660024450521706
MADHYA PRADESH,DAKSHIN BASTAR DANTEWADA,MADHYA PRADESH|DAKSHIN BASTAR DANTEWADA,2,0.6858585747753353,0.31404568094757107,15.0,15.0,2.0042074119744075,1.4930506540986506,0.16774261535134674,256264.0,Rice,0.8040068054818469,0.9427016670308744,0.25830448230375114,0.3461131156562708,0.39316239316239315,0.3325,Low,0.9532727968032966,0.0,3.51200324665189e-05,0.0,0.0,0.02154418880529454,0.02487864077669903,3.902225829613211e-06,1.1706677488839634e-05,0.00025364467892485874
MADHYA PRADESH,DAMOH,MADHYA PRADESH|DAMOH,23,1.8621232371296583,0.7899040685576687,26.0,26.0,6.562055631157559,5.00151289946315,0.2609643552576752,449001.76086956525,Gram,0.2999191297836007,0.6489277349110814,0.701303149720217,0.8705617520774052,0.702075702075702,0.758,High,0.3358382297425869,0.0,3.834593269969262e-05,0.0,6.826738018505883e-06,0.17601063925332722,0.4810176739405641,0.0015544627717882968,0.0007303157182350548,0.004803505902780182
MADHYA PRADESH,DATIA,MADHYA PRADESH|DATIA,23,1.855860937436824,0.7478658363535323,23.956521739130434,23.956521739130434,6.467711944287886,4.121217529545576,0.2812839536613163,261405.91304347827,Wheat,0.42489741092314204,0.644590555151941,0.698944675043833,0.8242309651646423,0.6446886446886446,0.7226,Moderate,0.4996395743684318,3.193434299081089e-05,0.00016200026079713444,0.0,0.0,0.18060434413512486,0.30477771036083146,0.0012347945956446879,0.011477402460541127,0.002072239475638088
MADHYA PRADESH,DEWAS,MADHYA PRADESH|DEWAS,23,1.44502022988354,0.6675090196081012,24.26086956521739,24.26086956521739,4.263978449782292,3.035047149675603,0.18499308307933673,616494.547826087,Soyabean,0.4928459961837809,0.8775619060095923,0.5442159887273865,0.7356688549516877,0.6532356532356532,0.6444,Moderate,0.2503750059611233,0.0,0.03517834982651492,0.0,1.0508220863281235e-05,0.49784917876420304,0.1903022577596617,0.008805367198635122,0.001619958612278993,0.01585937365671967
MADHYA PRADESH,DHAR,MADHYA PRADESH|DHAR,23,1.8220035863752995,0.7762150907891506,28.869565217391305,28.869565217391305,6.228359590894457,4.517931080773664,0.23194450156073299,742749.3760869565,Soyabean,0.35368375896635246,0.7172482573580842,0.6861934959235774,0.8554749827535431,0.7826617826617827,0.7748,High,0.3560417431811286,1.873181442650181e-06,0.13164976741393836,0.0,0.0007866191320729103,0.360463856271865,0.12345173029325976,0.02177621134670703,0.0010644353547859654,0.004763763824799783
MADHYA PRADESH,DINDORI,MADHYA PRADESH|DINDORI,22,2.1360933961356947,0.841328962983641,23.227272727272727,23.227272727272727,8.53935112115943,6.463988129291606,0.37995289256454146,280023.63181818184,Rice,0.2897408058043932,0.5449874449719738,0.8044843632989956,0.9272376801728454,0.6242091242091242,0.7853,High,0.6187633611896943,0.0,4.999578038859999e-05,0.0,3.2464792460129866e-07,0.1772951013436382,0.20260124474234714,0.0007880666045734224,7.142254341228571e-06,0.0004947634370923792
MADHYA PRADESH,GUNA,MADHYA PRADESH|GUNA,23,1.6677983408007118,0.7533096894189603,23.91304347826087,23.91304347826087,5.354901671588163,4.161663947263758,0.2337229049260319,528657.1304347826,Soyabean,0.33526801377139814,0.7695669273271062,0.6281175199255893,0.8302306940574742,0.6434676434676435,0.7006,Moderate,0.3260665209652611,0.0,0.00043399543749651494,0.0,0.0,0.35425632163659293,0.23086303821150125,0.08650498712323941,0.0011041100527554885,0.0007710265731532742
MADHYA PRADESH,GWALIOR,MADHYA PRADESH|GWALIOR,23,1.8494198550497358,0.7699707279209317,22.17391304347826,22.17391304347826,6.433829507418933,4.461733384521345,0.298106221394467,262617.7826086957,Wheat,0.38553318270940623,0.7056815418141987,0.6965188681608067,0.8485930034151028,0.5946275946275946,0.7132,Moderate,0.5740326203944267,0.0,4.470044000133108e-06,0.0,0.0,0.2719137698712081,0.1396089108837128,0.0031498910054271302,0.005445010263717696,0.0058453275375073945
MADHYA PRADESH,HARDA,MADHYA PRADESH|HARDA,22,1.1656695892024764,0.6117097287876381,25.136363636363637,25.136363636363637,3.2662504011191413,2.647499173301235,0.144872058103352,333277.7727272727,Soyabean,0.4715130471974579,0.9308780240779225,0.43900840617878345,0.6741718576390417,0.6778221778221778,0.597,Moderate,0.3911349678148626,0.0,0.004892724619144473,0.0,8.8651140169591e-05,0.4730113878526934,0.12737273071834293,0.001608813614523839,0.0009967115882451862,0.0008940126520179522
MADHYA PRADESH,HOSHANGABAD,MADHYA PRADESH|HOSHANGABAD,23,1.387912795816196,0.6715346530244518,27.391304347826086,27.391304347826086,4.120659011901202,3.1719660367243945,0.161782766771666,550446.3478260869,Wheat,0.39950582396925943,0.8207388375568097,0.5227084845056994,0.740105548747377,0.7411477411477411,0.668,Moderate,0.49824758816283954,0.0,0.0008730464273025543,0.0,3.3253645697491665e-05,0.3399486235123338,0.15444572807553963,0.0014158075351655328,0.003453165991930975,0.0015827866491904673
MADHYA PRADESH,INDORE,MADHYA PRADESH|INDORE,23,1.2549112181839792,0.6216646186665604,21.82608695652174,21.82608695652174,3.55136647578515,2.7157453128941302,0.1905575055296682,424132.04347826086,Soyabean,0.5237900174033169,0.9034317348053114,0.4726181234321712,0.6851432486214387,0.5848595848595848,0.5809,Moderate,0.2812065192576922,0.0,0.0006097362829069742,0.0,0.0,0.525404157872492,0.12476067492106899,0.011522560088700843,0.00013931264432928342,0.056357038932809786
MADHYA PRADESH,JABALPUR,MADHYA PRADESH|JABALPUR,23,2.010940929317968,0.8114009684858473,26.52173913043478,26.52173913043478,7.6069962975643985,5.621735131879104,0.2966297940974453,387218.84521739127,Wheat,0.30025027617682065,0.6432127207463079,0.7573500934373414,0.8942537162166448,0.7167277167277166,0.7894,High,0.5432604798304014,0.0,0.0007464602558240563,0.0,0.00010018826068993516,0.06390218539309685,0.3820705393623584,0.004401409478651138,0.001943513924196539,0.0035752234947817583
MADHYA PRADESH,JHABUA,MADHYA PRADESH|JHABUA,23,2.047163890531016,0.8260668133259317,25.26086956521739,25.26086956521739,7.852407803206929,5.904354831197861,0.33125747486048124,310628.7826086957,Maize,0.2723715235660851,0.5336688752771027,0.7709921963252583,0.9104171012248929,0.6813186813186812,0.7876,High,0.5017043970560694,0.0,0.08132228850821797,0.0,5.598742074630672e-07,0.1857573040489263,0.2219776660579901,0.00803699424813233,3.3312515344052495e-05,0.0011674776911123608
MADHYA PRADESH,KABIRDHAM,MADHYA PRADESH|KABIRDHAM,1,1.5093316939005967,0.6760729463391961,12.0,12.0,4.523706563182671,3.0871147954413756,0.3769755469318892,175880.0,Rice,0.4957925858539914,0.8267000227427792,0.5684366371672834,0.7451072505195164,0.3089133089133089,0.5408,Moderate,0.5498066863770753,0.0,0.0,0.0,0.0,0.14498521719354104,0.29338185126222427,0.0,0.011826245167159426,0.0
MADHYA PRADESH,KATNI,MADHYA PRADESH|KATNI,22,1.742395090038209,0.732647016378928,26.5,26.5,5.824602187523382,3.8676850094932402,0.22774168461177613,279718.10454545455,Rice,0.3838042595578734,0.7913122534419108,0.6562117588868012,0.8074581403255019,0.7161172161172161,0.7266,Moderate,0.7334928413237074,0.0,0.00044444095608398476,0.0,0.00028696910654351477,0.04568966779427919,0.20612505287994246,0.005313385068210637,0.0001057883226364439,0.008541854548596434
MADHYA PRADESH,KHANDWA,MADHYA PRADESH|KHANDWA,23,1.8938169628022985,0.7762955628332588,28.73913043478261,28.73913043478261,6.71767161535548,4.57599844637996,0.25773166587239976,440277.82608695654,Soyabean,0.35126506089534376,0.7256349004926731,0.7132394755215385,0.8555636718570693,0.778998778998779,0.7826,High,0.31848378346083844,0.0,0.17658346162847768,0.0,0.0033719815254992153,0.36890135576449257,0.09717707889978561,0.020947938998991743,0.002103118682965993,0.012431281038948727
MADHYA PRADESH,KHARGONE,MADHYA PRADESH|KHARGONE,23,1.8746987054034812,0.7734777624492615,27.08695652173913,27.08695652173913,6.5640061751063845,4.477285645850685,0.2585046988120799,528261.9565217391,Cotton(Lint),0.3744816162929706,0.6591360100082099,0.7060392570485552,0.8524581438101302,0.7326007326007326,0.7637,High,0.36074164456451735,1.0699566461797404e-06,0.3749300104320773,0.0,0.0006496282929458993,0.12560558517369305,0.09344960195555153,0.03918749138376258,0.003023615177746548,0.002411353063059541
MADHYA PRADESH,KOREA,MADHYA PRADESH|KOREA,2,1.2950982863861729,0.5336746047707996,14.5,14.5,3.65178256783949,2.1446698714158137,0.2602479140441356,102937.0,Rice,0.6689188532791902,0.7971526273351662,0.4877531676366903,0.5881685099012314,0.3791208791208791,0.485,Low,0.8235279831353157,0.0,0.0,0.0,0.0,0.08922933444728329,0.08309451412028716,0.00030601241536085176,4.857339926362727e-06,0.003837298541826554
MADHYA PRADESH,MANDLA,MADHYA PRADESH|MANDLA,23,1.928408137850237,0.7684465039119222,26.08695652173913,26.08695652173913,6.978666788499738,4.416731139573663,0.2846966948031323,288673.72695652174,Rice,0.40433793667691376,0.6495655968281879,0.726267023607473,0.8469131397751234,0.7045177045177045,0.7592,High,0.7182852736291846,0.0,0.0005815200676113999,0.0,2.3827110773406748e-05,0.10715271611019278,0.1666310284179233,0.0013816711971613412,0.004291892216175719,0.0016520712509774764
MADHYA PRADESH,MANDSAUR,MADHYA PRADESH|MANDSAUR,23,1.6509182230802018,0.6973481874697387,24.130434782608695,24.130434782608695,5.274160718790107,3.3955682781870187,0.23119941389214912,508857.54347826086,Soyabean,0.49236373364425434,0.7216283774988362,0.6217602179549157,0.7685549221187952,0.6495726495726496,0.68,Moderate,0.24560918582876637,1.794300762488109e-06,0.0009198781909022372,0.0,8.544289345181472e-08,0.5661519601005611,0.13219519411920488,0.05283203247240077,1.6063263968941166e-05,0.002273806280539693
MADHYA PRADESH,MORENA,MADHYA PRADESH|MORENA,23,1.4773666998717203,0.7094304204745008,21.391304347826086,21.391304347826086,4.413404482069221,3.4780444824533356,0.21861614225903242,373383.152173913,Rapeseed &Mustard,0.38287340344237836,0.8937179287507733,0.5563981476912627,0.7818708807931684,0.5726495726495726,0.637,Moderate,0.5213347403660711,0.0,0.00014031512681489028,0.0,0.0,0.40919780211782686,0.060870914449983625,0.00041401695717040865,0.003154936137695135,0.004887274844437976
MADHYA PRADESH,NARSINGHPUR,MADHYA PRADESH|NARSINGHPUR,23,1.9730636844078189,0.8107213388477461,25.956521739130434,25.956521739130434,7.381780155638813,5.6694426864626895,0.29665655148093506,420849.8708695652,Gram,0.2611989995155796,0.6291578501685321,0.7430849628441818,0.8935046890979601,0.7008547008547008,0.7791,High,0.2576089554884884,0.0,6.0333401779029324e-05,0.0,8.161538939286501e-06,0.18327996077725553,0.491740882630951,0.0033422865656555422,0.05990941499666437,0.00405000460026692
MADHYA PRADESH,NEEMUCH,MADHYA PRADESH|NEEMUCH,22,1.7371373774045358,0.7318942196014984,23.136363636363637,23.136363636363637,5.724327228379937,3.804611772292651,0.26399471312241973,267355.2727272727,Soyabean,0.45103519049218815,0.7031219609725976,0.6542316265535607,0.806628474917253,0.6216561216561216,0.6942,Moderate,0.2652197892623639,0.0,0.0010095521519204273,0.0,0.0,0.5413421637127037,0.12337873201065794,0.0648109359422328,2.04018622819891e-05,0.00421842505783928
MADHYA PRADESH,NIWARI,MADHYA PRADESH|NIWARI,1,0.2517534571616834,0.09123949534410214,7.0,7.0,1.2862788753446506,1.1003999347205895,0.1837541250492358,81651.0,Wheat,0.9529460753695607,0.9866137585577641,0.09481407510524979,0.10055602710143641,0.16849816849816848,0.1213,Very Low,0.9605516160242985,0.0,0.0,0.0,0.0,0.016778728980661597,0.022669654995039864,0.0,0.0,0.0
MADHYA PRADESH,PANNA,MADHYA PRADESH|PANNA,23,2.014658749918453,0.8108311848373263,26.0,26.0,7.687960431555089,5.6862948497225725,0.30655415693212423,326265.56956521736,Gram,0.2467028693256698,0.6573375455505499,0.7587502796576872,0.8936257515420645,0.702075702075702,0.7848,High,0.4496399778675896,2.6652068085213215e-07,0.00017763603378794608,0.0,3.4008038876732065e-05,0.10387710166382064,0.43878872160703547,0.0027147396770576906,0.0006464459114068465,0.004121102679744179
MADHYA PRADESH,RAISEN,MADHYA PRADESH|RAISEN,23,1.692604996076305,0.761299521327081,25.391304347826086,25.391304347826086,5.510046310994102,4.29455285254771,0.2273367742109777,583949.9565217391,Wheat,0.34512732590471384,0.7482671423079807,0.6374600731636948,0.8390363735590854,0.684981684981685,0.7205,Moderate,0.4397330354916506,0.0,3.5738619353102695e-05,0.0,1.2657427687557206e-06,0.2001052204518121,0.3557575548649233,0.0021564534006748197,0.0010551827364003571,0.0011555486924169872
MADHYA PRADESH,RAJGARH,MADHYA PRADESH|RAJGARH,23,1.5633100367510833,0.6835552730046995,23.17391304347826,23.17391304347826,4.880618339203389,3.3285708067631026,0.21465238906847334,620276.2608695652,Soyabean,0.4538929848509297,0.7431676656838881,0.5887656793611156,0.7533536030461341,0.6227106227106227,0.6549,Moderate,0.31541408547692,0.0,6.105273989415937e-05,0.0,7.009499413795565e-08,0.4652461308614661,0.1659848059286907,0.046849251041997136,0.0002068503277011071,0.0062377535283366725
MADHYA PRADESH,RATLAM,MADHYA PRADESH|RATLAM,23,1.668852226005738,0.7268030661821752,26.434782608695652,26.434782608695652,5.374724783743617,3.7573731842107523,0.21672950339041347,463627.73913043475,Soyabean,0.43924895516811746,0.7507152946357452,0.6285144286795274,0.801017460089954,0.7142857142857143,0.7146,Moderate,0.30445424824526574,0.0,0.051312437883541874,0.0,3.0946867229874643e-06,0.4569602223973169,0.15219894371777656,0.02926091941454529,0.00016580018564369203,0.0056443334691869546
MADHYA PRADESH,REWA,MADHYA PRADESH|REWA,23,1.9368626758160028,0.7816786891728901,27.695652173913043,27.695652173913043,7.085377647551512,4.8133401407847485,0.2696557619589774,517522.9847826087,Wheat,0.34208394516466195,0.706063998258124,0.7294511276380742,0.8614964731736146,0.7496947496947497,0.7802,High,0.6549181917662611,6.5529540668626385e-06,0.0003424338561093861,0.0,3.19918578033499e-05,0.09806983032003372,0.2323732960182365,0.00588833750307742,5.586813403158531e-05,0.008313497590380076
MADHYA PRADESH,SAGAR,MADHYA PRADESH|SAGAR,23,1.6880123481298857,0.7521017380894144,28.304347826086957,28.304347826086957,5.48994970838302,4.139637986752758,0.20325725758407795,763517.0130434782,Soyabean,0.3147676223017222,0.7931674857528445,0.6357304140272003,0.8288993979321183,0.7667887667887667,0.7438,Moderate,0.2852795404524826,4.213909119749519e-06,5.0566909436994235e-05,0.0,1.3666732280268711e-06,0.3276096242335946,0.37462671385022467,0.003560331815276369,0.00038511712671440544,0.008482525029922599
MADHYA PRADESH,SATNA,MADHYA PRADESH|SATNA,23,1.9445588907001072,0.7946022618131583,26.608695652173914,26.608695652173914,7.154840743670043,5.209753070303245,0.27974652978573966,512859.12739130436,Wheat,0.32349742811356114,0.6795240872624304,0.7323496359814133,0.8757396812904621,0.7191697191697192,0.7758,High,0.5515310618906433,1.085135682309533e-05,7.214456762854786e-05,0.0,3.391049007217291e-07,0.10967457863479933,0.32652970413581484,0.002501826942488478,0.0006314133251438596,0.009048080041757852
MADHYA PRADESH,SEHORE,MADHYA PRADESH|SEHORE,23,1.3919005168878562,0.6718783019701806,23.347826086956523,23.347826086956523,4.05268349004069,3.0850622014463465,0.18333387342255855,602119.0304347826,Soyabean,0.43198796378387616,0.8993397282699636,0.524210319235001,0.7404842879388835,0.6275946275946276,0.6308,Moderate,0.36471973904163124,0.0,0.00045549277751141175,0.0,2.1662624168266255e-07,0.44173874417449616,0.18358777926742018,0.004250315174934681,0.0024163935172228732,0.0028313194205418445
MADHYA PRADESH,SEONI,MADHYA PRADESH|SEONI,23,2.0331396979391285,0.8158250650705227,28.0,28.0,7.763672444041523,5.583463156999231,0.2908446925796383,501409.8043478261,Rice,0.24645119103522498,0.6483979454278721,0.7657104779938047,0.8991295605468902,0.7582417582417582,0.8077,High,0.6189998799471976,0.0,0.00044864803158711064,0.0,2.514648804798262e-06,0.2029248747368886,0.17158532695485437,0.002040334012996659,0.001435257483345546,0.002563164184325318
MADHYA PRADESH,SHAHDOL,MADHYA PRADESH|SHAHDOL,23,1.7980114604915685,0.7012767955275343,27.695652173913043,27.695652173913043,6.175217457649365,3.528022452703954,0.24366778069761705,261739.98695652175,Rice,0.4877030551909988,0.7033599906658113,0.677157706500381,0.772884683225438,0.7496947496947497,0.7332,Moderate,0.7746022824476804,1.4617892363375489e-05,0.00015747456773272686,0.0,2.325573785082464e-05,0.1081376859946156,0.11057455509655557,0.002291271571752498,5.614599566841949e-05,0.004142710695780614
MADHYA PRADESH,SHAJAPUR,MADHYA PRADESH|SHAJAPUR,23,1.4506349464135533,0.6511474144299852,23.73913043478261,23.73913043478261,4.309250163067805,2.921417946660526,0.19291272484068933,582340.8695652174,Soyabean,0.5245919766101432,0.8469306039194138,0.5463305740076573,0.7176365542741283,0.6385836385836385,0.6342,Moderate,0.24186558895731172,1.0452566254337815e-06,0.0005669770581102955,0.0,0.0,0.5326930887631927,0.18704979303918817,0.019997625774236513,0.0006299164391989153,0.017195964712136327
MADHYA PRADESH,SHEOPUR,MADHYA PRADESH|SHEOPUR,22,1.8907135133582178,0.7791223975983717,22.227272727272727,22.227272727272727,6.805417077705912,4.926168472109488,0.3151813153188164,230068.81818181818,Wheat,0.2700768979400235,0.6595417892749087,0.7120706705645228,0.8586791567924026,0.5961260961260961,0.7223,Moderate,0.42110167036977475,0.0,0.0014995513200200573,0.0,0.0,0.46244898265617757,0.09028859744337367,0.023062467080008076,0.0005658386008613233,0.0010328925297845664
MADHYA PRADESH,SHIVPURI,MADHYA PRADESH|SHIVPURI,23,2.0781792615703902,0.8348680177914692,26.391304347826086,26.391304347826086,8.036947990391655,6.15087751161141,0.31899449021517495,563187.7391304348,Wheat,0.26012230997494235,0.6011698315443194,0.782673043739623,0.9201170031305768,0.713064713064713,0.8053,High,0.34309873346736336,0.0,0.0001205096640104103,0.0,2.856410998324908e-06,0.4413492357710974,0.20700757906198242,0.003917915085540245,0.001312096252095409,0.0031910742869124343
MADHYA PRADESH,SIDHI,MADHYA PRADESH|SIDHI,23,2.195812127940282,0.8388519544135068,27.391304347826086,27.391304347826086,9.108669592553827,6.470210237724422,0.3614207660186223,350288.8356521739,Rice,0.25612527992768686,0.558591199474761,0.8269753208665575,0.9245077424417177,0.7411477411477411,0.8309,High,0.6942581230499121,3.4753928199888687e-06,0.000534714009589716,0.0,8.800191104900386e-05,0.09400540390319034,0.20271891846291787,0.0021203619837096375,4.567659134842514e-05,0.006225324695462933
MADHYA PRADESH,SINGRAULI,MADHYA PRADESH|SINGRAULI,12,2.360050192668225,0.8700142704073275,27.833333333333332,27.833333333333332,10.788888275763524,8.326815510655004,0.4037656498165312,246478.08333333334,Rice,0.21138728696973397,0.5015949693972115,0.8888298049313195,0.9588520653667866,0.7535612535612535,0.8671,High,0.6726439842352447,3.3809632161344973e-07,0.001143441759696687,0.0,5.9843048925580604e-05,0.11050610652671282,0.19999208854607425,0.0035276970197147344,3.313343951811808e-05,0.012093367327791484
MADHYA PRADESH,TIKAMGARH,MADHYA PRADESH|TIKAMGARH,23,2.066441686237384,0.8093416268204348,25.52173913043478,25.52173913043478,8.166013296937896,5.708317461988123,0.3318440021914537,384943.17391304346,Wheat,0.31493874928800897,0.6163048571934897,0.7782524992842496,0.8919840936640719,0.6886446886446886,0.7863,High,0.3949876057369507,0.0,6.415402024895148e-05,0.0,4.856730406170623e-06,0.25531888218848336,0.331884898200107,0.010728291572793409,0.001317190465040972,0.005694121085969436
MADHYA PRADESH,UJJAIN,MADHYA PRADESH|UJJAIN,23,1.167746701387006,0.5808576091598987,24.130434782608695,24.130434782608695,3.2682229057996324,2.479156418430614,0.14758391038276,781631.457826087,Soyabean,0.5603236721225975,0.9417219213618797,0.4397906773455287,0.6401694054584001,0.6495726495726496,0.5765,Moderate,0.23860121739470752,1.5741878992829217e-05,4.6836261879725096e-05,0.0,2.7812507054468583e-07,0.5646622007230381,0.17240283372890125,0.012123049631185769,0.0005402857620401067,0.011607556494184157
MADHYA PRADESH,UMARIA,MADHYA PRADESH|UMARIA,22,2.1076160523701235,0.8139209756707597,25.772727272727273,25.772727272727273,8.45650734540844,5.856138907275355,0.338655553463868,155031.27272727274,Rice,0.28937680608721755,0.6241629254860016,0.7937593744903898,0.8970310431826279,0.6956931956931957,0.7955,High,0.6996213080762591,0.0,7.007383847481798e-05,0.0,3.75290850409067e-05,0.11682804173234257,0.17722142863844478,0.0024461340351272236,6.45031149140584e-06,0.003769034282819185
MADHYA PRADESH,VIDISHA,MADHYA PRADESH|VIDISHA,23,1.5486454486497687,0.7363599605869717,24.217391304347824,24.217391304347824,4.771116524129824,3.9161726533930175,0.20519139976623071,760913.9882608696,Wheat,0.3144516408757124,0.8229433242352758,0.5832427786101136,0.8115502159885913,0.6520146520146519,0.6823,Moderate,0.3318933082657226,0.0,4.5768756382202375e-05,0.0,0.0,0.27432729780400084,0.3892136759263369,0.0034393409098406966,0.00016444754165790068,0.0009161607960588481
MAHARASHTRA,AHMEDNAGAR,MAHARASHTRA|AHMEDNAGAR,23,1.9454842896295335,0.7698799621592617,23.17391304347826,23.17391304347826,7.087613227781004,4.525910808274051,0.30685433604321927,1244780.3043478262,Jowar,0.3994249797249013,0.6356092451026891,0.7326981549037994,0.8484929694949682,0.6227106227106227,0.7346,Moderate,0.7032167750782075,0.0,0.05092150537337704,0.0,3.4928461446331003e-06,0.0606688164668974,0.11734799928201055,0.0,0.06679345232458865,0.001047958628774269
MAHARASHTRA,AKOLA,MAHARASHTRA|AKOLA,23,1.8413628446153956,0.7851346967461444,17.17391304347826,17.17391304347826,6.368873677165633,4.769721762610572,0.37299406463764795,591690.2652173913,Cotton(Lint),0.31061404108161433,0.6134199428856583,0.6934844788775059,0.8653053762137758,0.4542124542124542,0.671,Moderate,0.14888298527458857,0.0,0.3106140410816144,0.0,3.6740726884860093e-05,0.21632183130831797,0.3236342933565249,0.0,0.0004818178923680553,2.8290359701342275e-05
MAHARASHTRA,AMRAVATI,MAHARASHTRA|AMRAVATI,23,1.8367227524253698,0.7851066013587189,19.47826086956522,19.47826086956522,6.304541111613711,4.695381356833257,0.32770459653290307,836441.0,Soyabean,0.29686690654082365,0.6852549125973333,0.6917369515372246,0.8652744119857435,0.518925518925519,0.692,Moderate,0.13677084113575827,0.0,0.2664824250448705,0.0,2.0792027588109725e-05,0.3115785655611355,0.2839083793066722,0.0,0.0012256900263190682,1.3306897656390225e-05
MAHARASHTRA,AURANGABAD,MAHARASHTRA|AURANGABAD,23,1.9577441658646155,0.7857440900747884,20.608695652173914,20.608695652173914,7.260570198717209,5.037794160735497,0.3544909760362401,860923.8695652174,Cotton(Lint),0.33907366146448636,0.6377780007715674,0.7373154056031119,0.8659769951419544,0.5506715506715507,0.718,Moderate,0.4756564598526083,0.0,0.3390736614644864,0.0,1.0100372961321784e-05,0.043958590692940634,0.12301597742647447,0.0,0.01827712989215983,8.080298369057426e-06
MAHARASHTRA,BEED,MAHARASHTRA|BEED,23,2.049546457654388,0.8061119005648006,22.434782608695652,22.434782608695652,7.868131963589727,5.3235063619612735,0.3510081247619071,1026076.4782608695,Jowar,0.2850076985955662,0.6414864660270472,0.7718895063392917,0.8884245776927602,0.6019536019536019,0.7541,High,0.4966828262949634,0.0,0.21321446545280398,0.0,8.474662813293983e-06,0.12370122084721288,0.13138316370095135,0.0,0.03498124705426017,2.8601986994867193e-05
MAHARASHTRA,BHANDARA,MAHARASHTRA|BHANDARA,23,1.0539750524543614,0.43374386424508277,14.826086956521738,14.826086956521738,2.895469566408974,1.7864327057618048,0.1989937336466295,252654.52173913043,Rice,0.7444024784488321,0.863056856811174,0.39694259180833563,0.47803376820112664,0.38827838827838823,0.4211,Low,0.7953772241662184,0.0,2.5640787368350046e-05,0.0,1.7208582126409426e-05,0.05204494743982761,0.14383707327448686,0.0,0.008663144414077032,3.476133589534704e-05
MAHARASHTRA,BULDHANA,MAHARASHTRA|BULDHANA,23,1.9982176304859236,0.8135982705642858,19.52173913043478,19.52173913043478,7.477806667779525,5.589148193699853,0.3929479478716516,841758.1869565218,Soyabean,0.2509975200303188,0.5978948834025106,0.7525583109345364,0.8966753864211566,0.5201465201465201,0.7231,Moderate,0.21552519810463175,0.0,0.24474265130660808,0.0,6.198206783366057e-05,0.26713289853567,0.27152375987272975,0.0,0.0009710523960606821,4.2457716466057486e-05
MAHARASHTRA,CHANDRAPUR,MAHARASHTRA|CHANDRAPUR,23,1.8518969225593014,0.7953745325882793,17.217391304347824,17.217391304347824,6.436797506912405,4.988153952509758,0.3781016321179634,511724.52173913043,Rice,0.2798700115823187,0.6923954668544489,0.6974517684178303,0.876590809200583,0.45543345543345537,0.6765,Moderate,0.38947628411482266,0.0,0.16619089550899668,0.0,0.0,0.27492110225066746,0.16937832719778576,0.0,2.8887825514815038e-05,4.50310221260352e-06
MAHARASHTRA,DHULE,MAHARASHTRA|DHULE,23,2.186291210893292,0.8335811923954775,20.47826086956522,20.47826086956522,8.95676987109851,6.1038299594175225,0.4394978274318763,509349.04347826086,Cotton(Lint),0.24983149848212055,0.5661420527548034,0.8233896027034722,0.9186987790500275,0.5470085470085471,0.763,High,0.49205644237470025,0.0,0.24983149848212058,0.0,3.414417788843526e-05,0.0924928220402034,0.1540499945881478,0.0,0.011176499108666237,0.00035859922827329136
MAHARASHTRA,GADCHIROLI,MAHARASHTRA|GADCHIROLI,23,0.96207212613668,0.3796723783928787,15.91304347826087,15.91304347826087,2.6331037320683413,1.6201692858074674,0.16855736008770436,193266.8260869565,Rice,0.7799930575818024,0.8729895164086057,0.3623305906206789,0.41844100328870387,0.41880341880341876,0.3999,Low,0.8301462924539783,0.0,0.012250016141234792,0.0,0.0,0.038749536853419815,0.11878576520813644,0.0,5.151697236778079e-05,1.6872370862810304e-05
MAHARASHTRA,GONDIA,MAHARASHTRA|GONDIA,21,0.7210573820156457,0.2877016821898329,14.142857142857142,14.142857142857142,2.092580616778205,1.4483813250324455,0.15025194132552627,214229.7619047619,Rice,0.818054492006246,0.8914805532555722,0.2715608736594999,0.31707911187257315,0.36909122623408336,0.3192,Low,0.8661519396731369,0.0,4.4456052413685797e-07,0.0,0.0,0.03393197112579396,0.09713625224364139,0.0,0.0027682783838002146,1.1114013103421448e-05
MAHARASHTRA,HINGOLI,MAHARASHTRA|HINGOLI,21,2.1294468689838295,0.8367609298355645,20.761904761904763,20.761904761904763,8.530696238035645,6.368266675962748,0.4144073389573496,494889.3333333333,Soyabean,0.2605561839895711,0.5709996154984529,0.8019811828792673,0.9222032018111899,0.5549741264026978,0.7597,High,0.23065079677265027,0.0,0.17051104065978773,0.0,0.0002982869859504905,0.3284078133485543,0.247277409591139,0.0,0.022854652641918213,0.0
MAHARASHTRA,JALGAON,MAHARASHTRA|JALGAON,23,1.8446550381607907,0.7360813027470263,18.347826086956523,18.347826086956523,6.378065861230601,3.8934776624881464,0.3512521864592897,960113.1739130435,Cotton(Lint),0.4526359958561045,0.682251499064671,0.6947243676543803,0.8112431041923248,0.4871794871794872,0.6644,Moderate,0.32522261981524553,0.0,0.4526359958561045,0.0,0.0016257141424858292,0.04235487999308777,0.16538177134280774,0.0,0.012538693921183114,0.00024032492908557926
MAHARASHTRA,JALNA,MAHARASHTRA|JALNA,23,2.073106688253693,0.8125258570864328,20.652173913043477,20.652173913043477,8.070454272591029,5.556118223011512,0.392646615594764,731997.2608695652,Cotton(Lint),0.31819304146837807,0.5834693370496694,0.7807626376111488,0.8954934680168929,0.5518925518925518,0.7427,Moderate,0.37543975128916196,0.0,0.318193041468378,0.0,1.7819026051237898e-05,0.10338693949733835,0.18015653064037956,0.0,0.022794038727990015,1.1879350700825264e-05
MAHARASHTRA,KOLHAPUR,MAHARASHTRA|KOLHAPUR,23,1.9828047243817009,0.8138161362546401,18.956521739130434,18.956521739130434,7.308735894416439,5.452136650928211,0.3891637460648588,418233.9130434783,Sugarcane,0.2693312874634332,0.6541945530793045,0.7467535825568943,0.8969154985368706,0.5042735042735043,0.716,Moderate,0.4048845143865821,0.000692872097785928,0.00013659924028367734,0.0,5.197840193442821e-05,0.27234198046027913,0.05254725356519859,0.0,0.2693312874634332,1.3514384502951334e-05
MAHARASHTRA,LATUR,MAHARASHTRA|LATUR,23,2.130140632497495,0.8184254638351058,22.217391304347824,22.217391304347824,8.721867938198601,5.978736736482347,0.39420408749185715,758947.4347826086,Soyabean,0.26250778323365576,0.5838991197820825,0.802242464478462,0.9019954879356794,0.5958485958485957,0.7667,High,0.28010286099323717,0.0,0.010227379555587026,0.0,5.728757866085817e-06,0.3611857520521413,0.30348106253105345,0.0,0.04499721611011497,0.0
MAHARASHTRA,MUMBAI,MAHARASHTRA|MUMBAI,1,0.0,0.0,1.0,1.0,1.0,1.0,1.0,3.0,Maize,1.0,1.0,0.0,0.0,0.0,0.0,Very Low,1.0,0.0,0.0,0.0,0.0,0.0,0.0,0.0,0.0,0.0
MAHARASHTRA,MUMBAI SUBURBAN,MAHARASHTRA|MUMBAI SUBURBAN,2,0.0,0.0,1.0,1.0,1.0,1.0,1.0,573.0,Linseed,0.912739965095986,1.0,0.0,0.0,0.0,0.0,Very Low,0.08726003490401396,0.0,0.0,0.0,0.0,0.912739965095986,0.0,0.0,0.0,0.0
MAHARASHTRA,NAGPUR,MAHARASHTRA|NAGPUR,23,1.85237499318276,0.7883595819164455,19.0,19.0,6.393914541758815,4.799756592752104,0.3397729440518367,600514.0434782609,Soyabean,0.3552573038331001,0.6172360448001687,0.6976318168847282,0.8688595567729823,0.5054945054945055,0.6907,Moderate,0.27816357044251144,0.0,0.1438233750895881,0.0,0.0,0.37453672842462576,0.2009731083290019,0.0,0.002445296323302145,5.792139097061988e-05
MAHARASHTRA,NANDED,MAHARASHTRA|NANDED,23,2.0015931818643553,0.80478037188672,21.217391304347824,21.217391304347824,7.481194475883472,5.267163245335951,0.35415786270939814,893729.7391304348,Cotton(Lint),0.2934928193446672,0.6600319404017867,0.753829593504097,0.8869570856452159,0.5677655677655677,0.7362,Moderate,0.24627073333714736,0.0,0.2934928193446672,0.0,0.0003210775127818039,0.21271930080604076,0.22834473255799925,0.0,0.018851336441363657,0.0
MAHARASHTRA,NANDURBAR,MAHARASHTRA|NANDURBAR,21,2.409168622973922,0.8738558925174538,21.38095238095238,21.38095238095238,11.4059073962734,8.889822873663624,0.5345781808740516,328302.28571428574,Cotton(Lint),0.19885216121959612,0.44191749531645347,0.907328532188381,0.963085958326874,0.5723588580731437,0.8143,High,0.44750279504312807,0.0,0.19885216121959612,0.0,0.0004496436791412328,0.10012854007369515,0.2211753743791291,0.0,0.031663762838777504,0.0002277227665328179
MAHARASHTRA,NASHIK,MAHARASHTRA|NASHIK,23,2.289010127790771,0.8360239846674903,22.26086956521739,22.26086956521739,9.989510380974465,6.647819631121606,0.4502721870772284,757639.5652173914,Bajra,0.30340416545437743,0.5234844950363572,0.8620750658992872,0.9213910066317486,0.5970695970695971,0.7935,High,0.6951504988892848,0.0,0.04195255171812225,0.0,0.0,0.1129746219809695,0.11662204868553419,0.0,0.029822027337767013,0.0034782513883221977
MAHARASHTRA,OSMANABAD,MAHARASHTRA|OSMANABAD,23,2.1858698150800135,0.8101818168521784,22.043478260869566,22.043478260869566,9.015474314888449,5.521453545284952,0.4092781644321456,789258.7826086957,Jowar,0.3526493101507677,0.5504949277671202,0.823230898808242,0.8929100761159009,0.590964590964591,0.769,High,0.46698972156153995,0.0,0.013684551140773138,0.0,5.5087459053491684e-06,0.20789009963778893,0.27113055771865646,0.0,0.04026926309285674,3.0298102479420427e-05
MAHARASHTRA,PALGHAR,MAHARASHTRA|PALGHAR,8,0.801796341041896,0.34271508359242925,10.625,10.625,2.443348435598179,1.6372700098630018,0.40881165158384414,80422.75,Rice,0.7226002592549994,0.8737282050166153,0.3019683596632301,0.37770997202275775,0.2702991452991453,0.3167,Low,0.8876794812413155,0.0,0.0,0.0,0.0,0.015637677149811464,0.09668284160887311,0.0,0.0,0.0
MAHARASHTRA,PARBHANI,MAHARASHTRA|PARBHANI,23,2.0193089434844653,0.8072879220247837,22.17391304347826,22.17391304347826,7.619016139623925,5.310273208977144,0.34517854269986536,867694.0869565217,Jowar,0.2824721235153804,0.6441595525251236,0.7605016113255526,0.8897206835661644,0.5946275946275946,0.7483,Moderate,0.35304683618209665,0.0,0.24350181721027306,0.0,0.00011524799062622951,0.17213189340823584,0.21098670118360688,0.0,0.020191397849893402,2.6106175267941555e-05
MAHARASHTRA,PUNE,MAHARASHTRA|PUNE,23,1.9693780336590663,0.7707269124199728,22.217391304347824,22.217391304347824,7.27224497398019,4.66120458628121,0.3304611109565955,857083.0,Jowar,0.4159359737317308,0.6137772461689951,0.7416968922657526,0.8494264024677004,0.5958485958485957,0.729,Moderate,0.7268801372745138,0.0,0.00012255928336096921,0.0,4.565536217916899e-05,0.0697020921671175,0.10048019802658248,0.0,0.10162564033547763,0.0011437175507683823
MAHARASHTRA,RAIGAD,MAHARASHTRA|RAIGAD,23,0.7273405077800205,0.31226933232979304,11.869565217391305,11.869565217391305,2.0794305200172927,1.457343629087934,0.18062347636765727,153904.30434782608,Rice,0.8222215442176236,0.9505322194847786,0.27392719174241925,0.34415538277888885,0.3052503052503053,0.3078,Low,0.9089756226271605,0.0,0.0,0.0,2.8250191606924573e-05,0.004722584530929581,0.08627354265030303,0.0,0.0,0.0
MAHARASHTRA,RATNAGIRI,MAHARASHTRA|RATNAGIRI,23,0.9418957070638957,0.4467043418346714,11.695652173913043,11.695652173913043,2.610077605570659,1.8360172066165033,0.2299355122470562,107147.17391304347,Rice,0.7170141840662072,0.9213852543332313,0.3547318528123104,0.49231764965872477,0.30036630036630035,0.3825,Low,0.921887610904952,0.0,0.0,0.0,4.0578075260156184e-05,0.017273680857495886,0.0607417266376804,0.0,5.6403524611617096e-05,0.0
MAHARASHTRA,SANGLI,MAHARASHTRA|SANGLI,23,2.0673156352832756,0.7926950757265228,21.304347826086957,21.304347826086957,7.998042942681169,5.009650306752691,0.3753029451694558,616472.7826086957,Jowar,0.38930482067899047,0.5825169897130055,0.778581641419613,0.8736377510343606,0.5702075702075702,0.7408,Moderate,0.6343383825824251,4.2316477316887083e-07,0.0030791584719632886,0.0,7.05274621948118e-06,0.15371502701836548,0.11485044581114127,0.0,0.09399752053653908,1.1989668573118007e-05
MAHARASHTRA,SATARA,MAHARASHTRA|SATARA,23,2.2256007405886655,0.8411977253909118,22.391304347826086,22.391304347826086,9.349338800423173,6.538089981297082,0.4173838309901148,589542.4782608695,Jowar,0.31244575288560167,0.5108709576335428,0.8381941529285583,0.9270930418133121,0.6007326007326007,0.7887,High,0.6273525888940997,0.0,0.003087508463637646,0.0,2.2124747141796104e-05,0.15649113900189512,0.12344008548412302,0.0,0.08943324288982532,0.00017331051927740282
MAHARASHTRA,SINDHUDURG,MAHARASHTRA|SINDHUDURG,23,0.6615835637371924,0.27312558833032524,11.0,11.0,1.9591462874309746,1.389977701051081,0.18229211537700704,89074.17391304347,Rice,0.8427109599913312,0.9285070673879025,0.24916215414786375,0.3010146423833249,0.28083028083028083,0.277,Low,0.8839316134184212,0.0,0.0,0.0,4.881129844887456e-05,0.04807131916438962,0.06560189700230291,0.0,0.0023463591164374,0.0
MAHARASHTRA,SOLAPUR,MAHARASHTRA|SOLAPUR,23,1.432639977565473,0.5762086817602815,21.869565217391305,21.869565217391305,4.290855155880726,2.474470769002309,0.19676528822928419,1026824.5217391305,Jowar,0.6068671654832518,0.767350790728224,0.5395534026150008,0.6350457726738755,0.5860805860805861,0.5869,Moderate,0.7581917387857304,0.0,0.0016567751892241527,0.0,8.468489006461627e-06,0.050659686825114354,0.08423470518903277,0.0,0.10519781458785303,5.081093403876976e-05
MAHARASHTRA,THANE,MAHARASHTRA|THANE,23,0.9546679738942888,0.38892061776487574,13.08695652173913,13.08695652173913,2.6632782021694688,1.6700109824107796,0.2074997403787658,157389.71739130435,Rice,0.7532874295555743,0.8790353825390781,0.3595420773874726,0.4286335871628673,0.33943833943833945,0.3759,Low,0.8880480424733564,0.0,0.0,0.0,0.0001381229396373748,0.016638841800476718,0.09517499278652948,0.0,0.0,0.0
MAHARASHTRA,WARDHA,MAHARASHTRA|WARDHA,23,1.5088561561500777,0.7093966325178023,15.826086956521738,15.826086956521738,4.560178671673157,3.5009956079423525,0.2982747999053028,450875.47826086957,Soyabean,0.34795454948710414,0.8270701560712415,0.5682575426177928,0.7818336427234414,0.4163614163614163,0.5888,Moderate,0.09164711051041183,0.0,0.3373652958842584,0.0,9.643075076353868e-06,0.3576455506465875,0.20729168836358558,0.0,0.006012457310106637,2.8254209973716834e-05
MAHARASHTRA,WASHIM,MAHARASHTRA|WASHIM,21,1.767345843751303,0.740449305272025,18.476190476190474,18.476190476190474,6.089437550073024,4.473992535625857,0.33028282236581985,495679.0,Soyabean,0.42200083598650007,0.6376371267157441,0.6656085817275162,0.8160571266573373,0.490784347927205,0.6575,Moderate,0.11548670275184814,0.0,0.11281984625418581,0.0,9.606831763913263e-06,0.4348287423725358,0.3355736465006779,0.0,0.0012577264145315244,2.3728874456865758e-05
MAHARASHTRA,YAVATMAL,MAHARASHTRA|YAVATMAL,23,1.6494862101581138,0.7296787585829884,17.695652173913043,17.695652173913043,5.231127869543663,3.7284594457293863,0.3044181911278844,961411.3152173914,Cotton(Lint),0.42243517430404426,0.7580589771778109,0.6212209007106668,0.8041867915499866,0.46886446886446886,0.6314,Moderate,0.13000657626959441,0.0,0.42243517430404426,0.0,4.522337128904506e-06,0.22214411894759653,0.21814506144787757,0.0,0.007253466967792515,1.1079725965816038e-05
MANIPUR,BISHNUPUR,MANIPUR|BISHNUPUR,22,1.077591450399948,0.42389454206567106,15.090909090909092,15.090909090909092,3.4359041967697848,2.0879079942392598,0.2361907427231907,32407.81818181818,Rice,0.6700641820436146,0.8099560712061624,0.4058368765334517,0.4671787245134291,0.3957153957153957,0.4229,Low,0.6991677092508541,0.0,5.6103184977811193e-05,0.0,0.013605022357119214,0.10736747025128617,0.08566114798337102,0.025653181331104166,0.026490521366897998,0.041998844274389456
MANIPUR,CHANDEL,MANIPUR|CHANDEL,22,1.4942555919027476,0.601862139671595,15.363636363636363,15.363636363636363,5.070374970002973,3.2296148095354478,0.3313690557302561,16070.954545454546,Rice,0.5014608511685396,0.7004137899824925,0.562758754197039,0.663318723979084,0.40337440337440333,0.5432,Moderate,0.6168355672712771,0.0,0.0,0.0,0.04832546576121235,0.11005173081872718,0.09878917640803143,0.05943246002811396,0.01066294076552561,0.05590265894711238
MANIPUR,CHURACHANDPUR,MANIPUR|CHURACHANDPUR,22,1.2670326632504,0.5307315527403531,15.136363636363637,15.136363636363637,3.760358866437316,2.284843219599189,0.2733405254682098,33694.954545454544,Rice,0.6365587510404174,0.7933208235924181,0.47718323890613146,0.584924940670402,0.39699189699189696,0.4864,Low,0.7434684718105894,0.0,0.0009173210448286701,0.0,0.025881943479533622,0.06186521046447472,0.04749834410061393,0.08826247253095622,0.00544996620751151,0.026656270361491943
MANIPUR,IMPHAL EAST,MANIPUR|IMPHAL EAST,22,0.8338885343910156,0.3234168181887311,14.181818181818182,14.181818181818182,2.622889361796499,1.6821513736892442,0.21297407817404518,37264.454545454544,Rice,0.7902070947454192,0.8831752901253693,0.314054754284383,0.356441146591114,0.3701853701853702,0.3469,Low,0.8115167024876253,0.0,0.0,0.0,0.012202708406012066,0.06042804622489382,0.06631471863267213,0.02392970147032634,0.007709028101359082,0.01789909467711126
MANIPUR,IMPHAL WEST,MANIPUR|IMPHAL WEST,22,0.7481569908207949,0.2784557711485463,14.136363636363637,14.136363636363637,2.3836477936865155,1.511970084861442,0.20704497409381445,34338.36363636364,Rice,0.7878360275546565,0.8755539788521717,0.2817669871069277,0.3068890940766759,0.3689088689088689,0.3192,Low,0.8107099930636817,0.0,1.3237248558463632e-05,0.0,0.012085607933877297,0.06022948094100952,0.061725290028115914,0.02241728043375816,0.012615097876215842,0.020204012474783043
MANIPUR,SENAPATI,MANIPUR|SENAPATI,22,1.3657708488449254,0.5453475594747093,15.590909090909092,15.590909090909092,4.536928010283238,2.8280909417038993,0.2888270584686949,27065.5,Rice,0.6194786721102511,0.7971805770848833,0.5143694998229101,0.6010333985674097,0.40975690975690976,0.5084,Moderate,0.7504924921192864,0.0,0.0,0.0,0.020354661502986864,0.07176193779064592,0.07819414517979112,0.03451727375172351,0.004148185966367785,0.040531303689198425
MANIPUR,TAMENGLONG,MANIPUR|TAMENGLONG,22,1.0266645916885584,0.4273931185181862,13.5,13.5,3.0367408706091186,1.9014336909951275,0.25945833255604644,24236.045454545456,Rice,0.696312592250836,0.8072892929952193,0.38665706839427255,0.4710345431723198,0.351037851037851,0.4029,Low,0.7520935196073467,0.0,0.0,0.0,0.03514487249457514,0.07208459225833798,0.06232264864692522,0.031031915272706132,0.004351144895000497,0.04297130682510836
MANIPUR,THOUBAL,MANIPUR|THOUBAL,22,1.076495341354395,0.42757546182618267,14.363636363636363,14.363636363636363,3.3579827424692046,2.0014814659213083,0.24231263164254055,36235.954545454544,Rice,0.6980986990570641,0.8054468753410412,0.40542406565673006,0.47123550568917183,0.3752913752913753,0.4173,Low,0.7330840413401556,0.0,0.0,0.0,0.00987592684814555,0.07661902856404551,0.07252590658951243,0.04671277021441537,0.01959379872577588,0.04158852771794965
MANIPUR,UKHRUL,MANIPUR|UKHRUL,22,1.335823591718209,0.5513229632327907,14.272727272727273,14.272727272727273,4.423664488132087,2.848990324703247,0.32561500619213574,19033.18181818182,Rice,0.5835383182480357,0.772586153368519,0.5030909199042036,0.6076189551838023,0.37273837273837274,0.4945,Low,0.6689632937692547,0.0,0.0,0.0,0.029618131015212667,0.12552241301077066,0.10199651326630525,0.03452821627301603,0.004298712774341461,0.03507271989109927
MEGHALAYA,EAST GARO HILLS,MEGHALAYA|EAST GARO HILLS,23,1.8834376128424433,0.7087701911586152,25.52173913043478,25.52173913043478,6.724863727228066,3.6004411619233436,0.26157831880585,29231.434782608696,Rice,0.508420803691083,0.7206253541824391,0.7093304588282529,0.781143234977823,0.6886446886446886,0.7264,Moderate,0.5581632637883874,0.006479028681154742,0.09279022136681327,0.0,0.04297190487310415,0.03368767690529701,0.02111931318726267,0.18255957330033332,0.0008686301078499471,0.061360387789797466
MEGHALAYA,EAST JAINTIA HILLS,MEGHALAYA|EAST JAINTIA HILLS,23,1.228832466149515,0.5099319735513059,16.652173913043477,16.652173913043477,3.5352776362893095,2.156445946156691,0.21477857591087743,18121.217391304348,Rice,0.6425904776529074,0.8338123938309164,0.46279647974185684,0.562001501202173,0.4395604395604395,0.4881,Low,0.7727597723542904,0.00019914200984673264,0.0020849928500820563,0.0,0.01352726086163709,0.01758208009827538,0.0038004932963521024,0.10581878556964212,0.0003670931024885553,0.08386037985738552
MEGHALAYA,EAST KHASI HILLS,MEGHALAYA|EAST KHASI HILLS,23,1.7050743779933073,0.7336336517981741,16.17391304347826,16.17391304347826,5.583619698821229,3.8558940273265447,0.34985458469688974,26645.347826086956,Potato,0.41159644476644097,0.7877939374358522,0.6421562268011617,0.8085455218107104,0.4261294261294261,0.6256,Moderate,0.29979945924160023,0.0,0.0008468726900690715,0.0,0.025360492002029885,0.013295411712298255,0.013706610012678614,0.1910717753160271,0.0,0.45591937902529683
MEGHALAYA,NORTH GARO HILLS,MEGHALAYA|NORTH GARO HILLS,7,2.077147081081324,0.7386537322830051,29.285714285714285,29.285714285714285,8.23700623291701,4.420353922457349,0.2828906896037113,15846.42857142857,Rice,0.4785665990534145,0.6431913455037187,0.7822843093027027,0.8140782063940727,0.7943485086342229,0.7969,High,0.5061798512508452,0.008591390579220193,0.08345278341221546,0.0,0.07257155735857561,0.04796934865900383,0.04456164074825333,0.17791300428217263,0.001235068740139734,0.05752535496957404
MEGHALAYA,RI BHOI,MEGHALAYA|RI BHOI,23,1.143479075051602,0.48114528810240265,16.17391304347826,16.17391304347826,3.2033070442802507,1.9599829753714293,0.20019955068396297,14612.391304347826,Rice,0.7039736971301903,0.874484133478138,0.43065113037790387,0.5302753861985396,0.4261294261294261,0.4624,Low,0.8145379889016171,0.0,0.00045524197747593613,0.0,0.05518841959623309,0.022315783209604714,0.003427704300995284,0.08805510510733892,0.0,0.016019756906734902
MEGHALAYA,SOUTH GARO HILLS,MEGHALAYA|SOUTH GARO HILLS,23,1.7402928821685448,0.6489333232404537,23.608695652173914,23.608695652173914,5.834566504597779,3.0136232399956553,0.24543099725143347,16065.91304347826,Rice,0.5398385996817459,0.7273758105197069,0.6554200363138986,0.7151963806100817,0.6349206349206349,0.6685,Moderate,0.6109803093776724,0.007055174877407203,0.09513255177042401,0.0,0.14924928825815392,0.027121964948743763,0.02504898299397049,0.05409779278840429,0.0004573550265753039,0.03085657995864861
MEGHALAYA,SOUTH WEST GARO HILLS,MEGHALAYA|SOUTH WEST GARO HILLS,7,2.072465125067025,0.7233886717881903,30.285714285714285,30.285714285714285,8.181209759159273,4.099203607433112,0.2715824875624075,31305.428571428572,Rice,0.508022342085809,0.6516898027726821,0.7805210154270832,0.797254419381304,0.822431536717251,0.8001,High,0.5696227947685933,0.004951217953983335,0.11150051565680073,0.0,0.06455749345161496,0.1080688880979109,0.04848999260739808,0.06425631337330814,0.00041526344130182806,0.028137520649088702
MEGHALAYA,SOUTH WEST KHASI HILLS,MEGHALAYA|SOUTH WEST KHASI HILLS,7,1.8365081798708254,0.7893561964089324,18.285714285714285,18.285714285714285,6.280479273315154,4.77210504530206,0.34348847298453905,6735.857142857143,Potato,0.3029840300311764,0.7394328858348709,0.6916561403399069,0.8699579363019159,0.485435199720914,0.6823,Moderate,0.4419842633242137,0.0,0.0,0.0,0.0419927467073869,0.0026086403257619137,0.0013361328497804924,0.12311509830120251,0.0,0.3889631184916545
MEGHALAYA,WEST GARO HILLS,MEGHALAYA|WEST GARO HILLS,23,2.067193662185476,0.7341067631324979,26.347826086956523,26.347826086956523,8.061908112898832,3.8954128557395165,0.3045844066067582,78379.65217391304,Rice,0.49284863196526163,0.6218594888203016,0.7785357045471426,0.8090669428902203,0.7118437118437119,0.7665,High,0.5699554897788468,0.0038829953648129617,0.13903730560061062,0.0,0.04549206426690157,0.09082936343283417,0.0317390493983576,0.09302658409569475,0.00044432561245931175,0.02559282244948223
MEGHALAYA,WEST JAINTIA HILLS,MEGHALAYA|WEST JAINTIA HILLS,7,1.785034955777445,0.7353242671654756,19.285714285714285,19.285714285714285,5.986689494627346,3.854966430664322,0.31165051042739567,15795.714285714286,Rice,0.4404268789002442,0.7208374785203944,0.6722705629177673,0.8104087671525586,0.5135182278039421,0.6654,Moderate,0.6346115582888667,0.0,0.0,0.0,0.016279280094058064,0.04554580808537578,0.00874559102830786,0.2151939947544542,0.00043411413584154833,0.07918965361309578
MEGHALAYA,WEST KHASI HILLS,MEGHALAYA|WEST KHASI HILLS,23,1.6896381624653742,0.7499657035306447,18.347826086956523,18.347826086956523,5.530435728246476,4.1336998347141805,0.3009248472836678,20900.217391304348,Rice,0.3719141677328091,0.8059620765334249,0.6363427197498313,0.826545251318624,0.4871794871794872,0.65,Moderate,0.5708927512715699,0.0015394056645967901,0.0003973330836999823,0.0,0.028576777857521767,0.00409606723458254,0.001755754568810393,0.05909653529711569,0.0003536472472722356,0.33329172777483074
MIZORAM,AIZAWL,MIZORAM|AIZAWL,23,1.195316674789172,0.5143717398696183,11.391304347826088,11.391304347826088,3.3800203771690405,2.130611580542151,0.3095193909400594,16166.66391304348,Rice,0.7171897232326737,0.8617276232436114,0.4501739370563334,0.5668946153140444,0.29181929181929184,0.4363,Low,0.8267549592859186,0.004141641225380396,0.005373376083318203,0.0,0.0,0.05936800652615082,0.06516703037358652,0.0,0.033560740812676605,0.005634245692968787
MIZORAM,CHAMPHAI,MIZORAM|CHAMPHAI,23,0.8488423716133412,0.36302791993878203,11.347826086956522,11.347826086956522,2.3735911686775784,1.5971692351946374,0.21998013387740875,11377.713043478261,Rice,0.7830426684662694,0.9156237556718436,0.3196865905320127,0.4000969669797934,0.29059829059829057,0.3368,Low,0.895710683815881,0.010287082985271739,0.003068546670569542,0.0,0.0,0.02846258551233265,0.04226034574075786,0.0,0.009645477772334472,0.01056527750285264
MIZORAM,KOLASIB,MIZORAM|KOLASIB,23,1.088082017523048,0.4698023013165028,12.173913043478262,12.173913043478262,2.9938019853111464,1.906949269050144,0.2515757556027451,12228.008695652174,Rice,0.6973797148527863,0.8253332868731159,0.40978777925518656,0.5177741587163788,0.3137973137973138,0.4138,Low,0.773531329712755,0.0005368999609591949,0.002570719680619191,0.0,0.0,0.15836415470967935,0.04340711737344272,0.0,0.015143423402153714,0.006446355160390863
MIZORAM,LAWNGTLAI,MIZORAM|LAWNGTLAI,16,0.7923929233293519,0.3387341538272583,11.75,11.75,2.2733702185384748,1.5704704075459635,0.2043315367880525,7049.6625,Rice,0.7788848047690226,0.9221806717697477,0.2984268934871744,0.37332254660084235,0.3018925518925519,0.3245,Low,0.8740578006393923,0.0037634780388422846,0.0020701345631794427,0.0,0.0,0.07409042631473492,0.029405663037060284,0.0,0.0059577320190860195,0.01065476538770473
MIZORAM,LUNGLEI,MIZORAM|LUNGLEI,23,1.0312542171391328,0.43842718156897753,12.565217391304348,12.565217391304348,2.841506537129223,1.820452041112721,0.235570920150532,9428.473913043477,Rice,0.7226938381378516,0.8754383691583635,0.38838558921413263,0.483195302490308,0.3247863247863248,0.3988,Low,0.8310354066244295,0.008789287214630613,0.004887138819551691,0.0,0.0,0.08796803761409126,0.04483274300004289,0.0,0.013870565064473988,0.008616821662780043
MIZORAM,MAMIT,MIZORAM|MAMIT,17,1.0957103258031948,0.49308572074076135,11.470588235294118,11.470588235294118,3.045358793955364,2.0369242391060944,0.27042167997124794,7207.470588235294,Rice,0.6594383278787533,0.8609775804516556,0.41266071296721635,0.543435065167142,0.2940458234575882,0.4167,Low,0.7919968659968823,0.0015588400923878002,0.0028973205905637126,0.0,0.0,0.11899418087441951,0.06876851632701364,0.0,0.009263264423351588,0.006521011695381426
MIZORAM,SAIHA,MIZORAM|SAIHA,17,0.7937102240576565,0.3886653059229467,9.0,9.0,2.2468456888873334,1.671633428829163,0.259332351004513,3598.4058823529413,Rice,0.7471445689185897,0.9187270833980405,0.2989230084227856,0.42835220524158957,0.22466422466422467,0.3173,Low,0.9012977969002613,0.002680925704029072,0.00031059505107653877,0.0,0.0,0.03505964242336067,0.03854974997098388,0.0,0.0036454050731614816,0.018455884877126964
MIZORAM,SERCHHIP,MIZORAM|SERCHHIP,16,1.201699302253574,0.5672085785533947,8.625,8.625,3.4852071317629103,2.462632551510365,0.4034702325014831,7151.7,Rice,0.5869330019435938,0.8501553826362962,0.4525777289509964,0.6251266623305505,0.21413308913308912,0.4306,Low,0.8051590880489953,0.0,0.0,0.0,0.0,0.06589342394116084,0.0829199700770446,0.0,0.044996294587300915,0.001031223345498273
NAGALAND,DIMAPUR,NAGALAND|DIMAPUR,20,1.6766612435769503,0.6320948088026257,25.55,25.55,5.570794268758084,2.9482155656350355,0.22390500520081943,72530.66,Rice,0.552662832518,0.7268670931713568,0.6314554201830509,0.6966384731186784,0.6894383394383394,0.6725,Moderate,0.6718407084672882,0.0,0.015481866565118808,0.0,0.0,0.20081714408775544,0.07840339519866496,0.004873111591704804,0.015903619241848896,0.012680154847618924
NAGALAND,KIPHIRE,NAGALAND|KIPHIRE,12,1.7211536718270517,0.723984956444033,24.333333333333332,24.333333333333332,5.723920175577582,3.7468910633900023,0.2332185592497347,25736.416666666668,Rice,0.4045823525031003,0.7519986271075033,0.6482119266528341,0.7979115911004917,0.6552706552706552,0.7005,Moderate,0.7068971658188624,0.0,0.0021402875950744245,0.0,0.0,0.1199370541742084,0.14257359059957195,0.007586526225808436,0.005996690811010339,0.01486868477546408
NAGALAND,KOHIMA,NAGALAND|KOHIMA,23,1.7967440499453735,0.6838348542144602,23.695652173913043,23.695652173913043,6.450581672892238,3.5221109044051455,0.29365416906352354,36911.260869565216,Rice,0.5150425403346923,0.6898531024466436,0.6766803809451695,0.7536617324981847,0.6373626373626373,0.6892,Moderate,0.7013377560047069,0.0,0.025928225037958254,0.0,0.0,0.13158468194577122,0.09299035642475079,0.007523331515420651,0.0052888302026364055,0.035346818868755736
NAGALAND,LONGLENG,NAGALAND|LONGLENG,12,1.8866301717800946,0.7452937367327026,23.333333333333332,23.333333333333332,6.743723404590374,4.06354519021332,0.2877719897757957,17603.333333333332,Rice,0.43268320393864795,0.6802783563718992,0.7105328237383721,0.8213962265659214,0.6271876271876271,0.7197,Moderate,0.6307612194660103,0.0,0.004075932588524901,0.0,0.0,0.1616644574891119,0.16318405604999053,0.010807612194660102,0.006864230259420565,0.022642491952281765
NAGALAND,MOKOKCHUNG,NAGALAND|MOKOKCHUNG,23,1.8268902232398843,0.6804705442105526,23.695652173913043,23.695652173913043,6.764160652776306,3.5519335319333654,0.30655565796317286,34062.565217391304,Rice,0.5054509668270281,0.7026558545081366,0.6880338756344041,0.7499538903333997,0.6373626373626373,0.6918,Moderate,0.6747034548956587,0.0,0.012243454819073341,0.0,0.0,0.16155437755843147,0.1114228421102345,0.005469474968695712,0.006818654675092764,0.027787740972813453
NAGALAND,MON,NAGALAND|MON,23,1.835346146298571,0.7144387263680673,24.26086956521739,24.26086956521739,6.6339714854102,3.8271066189713996,0.308786096491905,37910.086956521736,Rice,0.4568360835477996,0.6681381116876087,0.6912185013114832,0.78739058847312,0.6532356532356532,0.7106,Moderate,0.6465217471087195,0.0,0.02086515920966314,0.0,0.0,0.1979947977594583,0.10649569003087397,0.006120890161159356,0.007202396517159595,0.014799319212966148
NAGALAND,PEREN,NAGALAND|PEREN,12,1.7616886163280288,0.679573594069137,24.666666666666668,24.666666666666668,5.851318584536433,3.16788290565459,0.2386663144885958,28935.333333333332,Rice,0.5290532912471488,0.728382830679907,0.6634779862161572,0.7489653519554892,0.6646316646316647,0.6924,Moderate,0.6498427528051056,0.0,0.006577886321222036,0.0,0.0,0.18122019215261617,0.12353984747598093,0.008164758196438034,0.016306476510840266,0.014348086537796926
NAGALAND,PHEK,NAGALAND|PHEK,23,1.832272080536469,0.7156569450332348,23.434782608695652,23.434782608695652,6.705721714711892,3.9823605955569925,0.3074656756321376,40391.97826086957,Rice,0.45040152720810356,0.7047557333542873,0.6900607626836508,0.788733200339265,0.63003663003663,0.7029,Moderate,0.7116146070759852,0.0,0.003774425722713991,0.0,0.0,0.1465594492233983,0.10054514698624512,0.006583313195527954,0.00350909107544492,0.027413966720684423
NAGALAND,TUENSANG,NAGALAND|TUENSANG,23,1.7439683625366158,0.6985155781192126,22.217391304347824,22.217391304347824,6.166407807885626,3.7618575400062846,0.30547787520541453,40437.434782608696,Rice,0.44973394218228696,0.7180055931815225,0.6568042765765549,0.769841515883302,0.5958485958485957,0.6742,Moderate,0.7006712462945979,0.0,0.0023998425909698396,0.0,0.0,0.1472258271231672,0.1206673540767756,0.004682488567954145,0.004311545156715528,0.020041696189819807
NAGALAND,WOKHA,NAGALAND|WOKHA,23,1.8736959154370054,0.7075178503243448,24.565217391304348,24.565217391304348,6.972484814100669,3.789757403073577,0.31209871311131093,38854.52173913043,Rice,0.4797046731732863,0.6702739539016218,0.7056615915170937,0.7797630167028732,0.6617826617826618,0.7157,Moderate,0.663925859448959,0.0,0.027207397941485183,0.0,0.0,0.17390287516197545,0.10032853878570454,0.005857971877258984,0.012413081572957767,0.016364275211659098
NAGALAND,ZUNHEBOTO,NAGALAND|ZUNHEBOTO,23,1.8331737325783337,0.7506170176679541,22.73913043478261,22.73913043478261,6.6142943640820135,4.426067000565821,0.32329254020717074,36939.434782608696,Rice,0.34874948064222633,0.7294760989492789,0.6904003381769925,0.8272630716199729,0.6105006105006106,0.7094,Moderate,0.6137814307085512,0.0,0.003546345545646399,0.0,0.0,0.23740505904494666,0.12186693377055509,0.004560932289870493,0.006474758329439376,0.012364540310990846
ODISHA,ANUGUL,ODISHA|ANUGUL,23,1.0006866701598127,0.3796049806395657,16.130434782608695,16.130434782608695,3.071984201185141,1.8905106596618717,0.1962592820027421,130458.21739130435,Rice,0.7583430843591769,0.8320281789371844,0.37687339896357663,0.41836672350139076,0.4249084249084249,0.4067,Low,0.7672114910021166,0.0003412720181274098,0.0010598095875441046,0.0,0.0,0.07513350101431776,0.12050268301795111,0.019524158826130907,0.0013144305073188518,0.01491265402649324
ODISHA,BALANGIR,ODISHA|BALANGIR,23,0.9326772127586279,0.36163433185033556,17.217391304347824,17.217391304347824,2.767309777214066,1.7053622606601357,0.17583574616941283,279398.26086956525,Rice,0.793560695656504,0.8800311539083994,0.3512600315262351,0.3985610785899951,0.45543345543345537,0.4018,Low,0.8054580029130928,0.0001861142579705454,0.012050742589664746,0.0,0.0,0.03591880687689071,0.13321454803490732,0.004851886663263909,0.002904533967408219,0.005415364696801823
ODISHA,BALESHWAR,ODISHA|BALESHWAR,23,0.3419231633584657,0.12132895260343535,14.869565217391305,14.869565217391305,1.4968031228766774,1.2249943306023483,0.11275825890501452,246216.1739130435,Rice,0.9486255626904035,0.9686745758234369,0.12877331996308455,0.13371794090012562,0.3894993894993895,0.2173,Very Low,0.9492711600904966,0.0,0.002951983516782354,0.0,0.0,0.01824130509562823,0.016608593508850123,0.008957310754847455,0.0006010977981173136,0.0033685492352778716
ODISHA,BARGARH,ODISHA|BARGARH,23,0.6232669215608471,0.2534596133540123,16.0,16.0,1.9159798560711,1.3893597372536115,0.13570335938080128,362893.95652173914,Rice,0.8715885500627144,0.9552875729297371,0.23473154004608482,0.27934056028503845,0.42124542124542125,0.3118,Low,0.8726441944173176,0.0,0.0006972931726012666,0.0,0.0,0.0497277860905827,0.0679091664219551,0.004276132409503746,0.001980096952505349,0.0027653305355343355
ODISHA,BHADRAK,ODISHA|BHADRAK,23,0.27963541887725474,0.10598021920328415,14.478260869565217,14.478260869565217,1.3823058845491585,1.1819992205631211,0.11327528704288863,183317.8260869565,Rice,0.9584904810130185,0.9854175807756071,0.10531483422882394,0.1168019370803161,0.3785103785103785,0.2002,Very Low,0.9593554553626276,0.0,0.0009437161878514625,0.0,0.0,0.003614060635958931,0.028022844620058773,0.0056812710640346655,0.0010381115240577661,0.0013445406054108924
ODISHA,BOUDH,ODISHA|BOUDH,23,0.6795832813713051,0.2643725578258018,16.0,16.0,2.1372114090738203,1.4724108741149304,0.14501286876095268,81320.60869565218,Rice,0.8610871408605979,0.9343869194075622,0.25594111400356895,0.29136783351713086,0.42124542124542125,0.3229,Low,0.8666245360553557,1.0693048556064188e-05,0.0012671262538936064,0.0,0.0,0.018165885539469646,0.10205124750450979,0.007088956540242754,0.0007089491192670557,0.0040826059387053075
ODISHA,CUTTACK,ODISHA|CUTTACK,23,1.0018224250833287,0.45248491544077857,16.347826086956523,16.347826086956523,2.8425189437643295,1.9339008615689328,0.19332312889556458,203223.86956521738,Rice,0.7182225042462276,0.9190577792877378,0.3773011410642551,0.49868848187349474,0.43101343101343104,0.4357,Low,0.7192331695031545,0.0,0.011055488389437308,0.0,0.0,0.016658647381587535,0.227252276296712,0.009277624654241874,0.008816150276766958,0.007706643498099868
ODISHA,DEOGARH,ODISHA|DEOGARH,23,0.7338606862458926,0.2726974597156787,15.695652173913043,15.695652173913043,2.3119502371441425,1.5272383421507447,0.1571575505865226,59319.69565217391,Rice,0.8505467426685028,0.9121261139895612,0.2763827873784538,0.3005427972419754,0.4126984126984127,0.3299,Low,0.8562007046563462,0.0,0.0009968094767263311,0.0,0.0,0.0499247628729515,0.06680675748871442,0.013904759252187667,0.0007395446779535794,0.011426661575120222
ODISHA,DHENKANAL,ODISHA|DHENKANAL,23,0.729514486018867,0.27936447790556423,15.565217391304348,15.565217391304348,2.3025075412514933,1.5733911845545923,0.1550767608200698,131642.34782608695,Rice,0.8284211437181243,0.9040261921794691,0.27474594409775555,0.3078905895468266,0.409035409035409,0.3306,Low,0.8309721927726442,0.0,0.0010634875654523751,0.0,0.0,0.055364436051039474,0.0868106404242853,0.011926913963855954,0.0035554172801536706,0.01030691194256903
ODISHA,GAJAPATI,ODISHA|GAJAPATI,23,1.4064088788747704,0.5817095214426399,16.434782608695652,16.434782608695652,4.710874365729346,2.802109320531326,0.28581733313957325,64485.86956521739,Rice,0.5954718762115058,0.7848534394120721,0.5296743829209188,0.6411083071288695,0.43345543345543347,0.5347,Moderate,0.8019168338193403,0.0004490366949281103,0.0025620712323225514,0.0,0.0,0.05793449862625786,0.10819020007753637,0.016129586866013786,0.0021831543816474793,0.010634618301953579
ODISHA,GANJAM,ODISHA|GANJAM,23,0.9004232460655166,0.3914088175728305,16.869565217391305,16.869565217391305,2.606412245551638,1.7324318449018101,0.17059628684325476,360714.652173913,Rice,0.7530355500801126,0.9103288556280242,0.339112710671297,0.43137585887731367,0.44566544566544564,0.4054,Low,0.7735794293381605,0.0,0.0017790769700294234,0.0,0.0,0.02445567898605148,0.18438288629203115,0.005278410479100847,0.0041942101169453825,0.006330307817681253
ODISHA,JAGATSINGHAPUR,ODISHA|JAGATSINGHAPUR,23,0.843944725892831,0.44032511975931615,13.869565217391305,13.869565217391305,2.368438194335124,1.8201426564144239,0.19445351407078224,131722.39130434784,Rice,0.7092567867534323,0.9566816245628569,0.3178420647232365,0.48528704054064215,0.3614163614163614,0.3882,Low,0.7095891722215529,0.0,0.0001122254807954146,0.0,0.0,0.011683662775633208,0.2613236335309932,0.009847455864854115,0.0025874574822213384,0.004856392643949809
ODISHA,JAJAPUR,ODISHA|JAJAPUR,23,0.8850598471722202,0.38259495118943404,15.521739130434783,15.521739130434783,2.501624857695235,1.7131098928129054,0.18214992513188188,172230.78260869565,Rice,0.7750008330581717,0.9014779966617087,0.33332662744144326,0.421662002136056,0.4078144078144078,0.3876,Low,0.7763261528767771,0.0,0.010427363890916839,0.0,0.0,0.07347194411542854,0.1258516126491553,0.007535137383914606,0.002963919998142028,0.003423869085665644
ODISHA,JHARSUGUDA,ODISHA|JHARSUGUDA,23,0.4343631019058579,0.15692487882192338,14.956521739130435,14.956521739130435,1.6693004724769565,1.2555930514868907,0.12165908099964005,60032.30434782609,Rice,0.9212677522174655,0.9474312018963702,0.16358756789823103,0.17294859324018583,0.39194139194139194,0.2428,Very Low,0.9244529937866787,0.0,0.0008039149935940288,0.0,0.0,0.029371867175861113,0.02373432275231524,0.013547054013672349,0.0007763935793989178,0.007313453698479732
ODISHA,KALAHANDI,ODISHA|KALAHANDI,23,0.811661336151787,0.3003767674658193,17.695652173913043,17.695652173913043,2.6356348818513275,1.6996563675699339,0.1579020742043911,311632.47826086957,Rice,0.8245189044452726,0.8817366666727126,0.30568366271331465,0.3310484593982058,0.46886446886446886,0.3685,Low,0.8402510649738327,0.0003553516984262538,0.012149205299944319,0.0,0.0,0.031384935459788404,0.10648482667780204,0.004570601350782911,0.0013450905867795496,0.0034589239526437708
ODISHA,KANDHAMAL,ODISHA|KANDHAMAL,23,1.012259090984899,0.40103270165135063,16.434782608695652,16.434782608695652,3.3033798207686824,2.0659679879957995,0.1940787417415463,70688.43478260869,Rice,0.6924378503586467,0.8032111519380207,0.38123174378882607,0.44198244481436866,0.43345543345543347,0.4189,Low,0.7605198316679317,0.000270630334954245,0.0009349047934783009,0.0,0.0,0.09165142320802738,0.05676778810136828,0.07449407504087133,5.289592910469334e-05,0.0153084509242641
ODISHA,KENDRAPARA,ODISHA|KENDRAPARA,23,0.7723371345865064,0.34881627367329965,14.608695652173912,14.608695652173912,2.223202178601954,1.5916473929571568,0.1698550466078969,175147.1739130435,Rice,0.802826691093329,0.9504508630629893,0.29087358684504183,0.3844341590955732,0.38217338217338215,0.3525,Low,0.8032859322036002,0.0,0.009047049872343383,0.0,0.0,0.017517441853248883,0.15361888200854684,0.010409630658440045,0.0006776909356975562,0.005443372468123081
ODISHA,KENDUJHAR,ODISHA|KENDUJHAR,23,0.6012722670385693,0.21418746053905133,18.52173913043478,18.52173913043478,2.118885303392964,1.4041999300337493,0.11788769818612703,226944.52173913043,Rice,0.8685566516543787,0.9119750392932653,0.22644802787786875,0.2360582991556948,0.49206349206349204,0.3182,Low,0.8877394666844454,1.5326480863739156e-05,0.00669479842229206,0.0,0.0,0.041443570579593865,0.04767914931900614,0.009684994838807569,0.0003783724963235604,0.006364321178667684
ODISHA,KHORDHA,ODISHA|KHORDHA,23,0.6114332088348142,0.2767750135428205,15.434782608695652,15.434782608695652,1.8849979083189692,1.4041149775615402,0.13681369864438583,133825.21739130435,Rice,0.8394398274192815,0.9641066543642258,0.23027478882673832,0.3050367130796647,0.4053724053724054,0.3136,Low,0.8410720667450731,0.0,0.0004035113938362173,0.0,0.0,0.007493875853644273,0.14259416890298182,0.00409814228812403,0.0020032618795443767,0.0023349729367962103
ODISHA,KORAPUT,ODISHA|KORAPUT,23,1.1687832496406536,0.5033779644278102,18.17391304347826,18.17391304347826,3.5974067557604776,2.246912182786702,0.19983691607135196,207339.95652173914,Rice,0.638844334414873,0.8663648169494376,0.4401810567471845,0.5547782574023277,0.4822954822954823,0.4924,Low,0.8412189684699712,0.002077243862683822,0.0010738507794068092,0.0,0.0,0.07864148335258687,0.042174802608360686,0.013082274668004804,0.01007083724502859,0.011660539013957125
ODISHA,MALKANGIRI,ODISHA|MALKANGIRI,23,0.8902116386931098,0.35919060700845057,13.956521739130435,13.956521739130435,2.57740522049992,1.6392222215560546,0.20535907111929497,124005.21739130435,Rice,0.7881964994460261,0.9014133346423011,0.33526686831716046,0.3958678232130086,0.36385836385836384,0.365,Low,0.8437365889233273,0.0017800793795492477,0.0009144075284349887,0.0,0.0,0.10625324320154832,0.03576111804552403,0.007781930634054668,6.62664965008485e-05,0.0037063657910606845
ODISHA,MAYURBHANJ,ODISHA|MAYURBHANJ,23,0.44088149544537236,0.15231795231005793,17.52173913043478,17.52173913043478,1.7499888668816042,1.3309025563375425,0.1135573941157681,354409.1304347826,Rice,0.929839500160095,0.943809966619272,0.16604249130460227,0.16787125008485224,0.46398046398046394,0.266,Low,0.9384285663461904,0.0,0.001564514605448628,0.0,0.0,0.023021415926815114,0.028083607621258163,0.005398697893983986,3.520863261693376e-05,0.003467988973686761
ODISHA,NABARANGPUR,ODISHA|NABARANGPUR,23,1.0388360594411417,0.466833014050186,17.17391304347826,17.17391304347826,2.9697002260190017,1.9658662153620239,0.20230177111997943,222816.86956521738,Rice,0.7112526410848605,0.9069940063862154,0.3912410231516184,0.5145016753505115,0.4542124542124542,0.4533,Low,0.8981579335574467,0.00023981479819262767,0.0023083881713741134,0.0,0.0,0.017853226318825285,0.06791754117438614,0.0031013965846001827,0.00783173860069919,0.002589960794475791
ODISHA,NAYAGARH,ODISHA|NAYAGARH,23,0.9282110788197894,0.42698318230394117,16.608695652173914,16.608695652173914,2.6114342170909635,1.798875844656216,0.1788829650239342,138542.26086956522,Rice,0.7272224579409454,0.9286662490679348,0.34957801943598926,0.47058274807071365,0.43833943833943834,0.4195,Low,0.733150330522283,0.0,0.0005680263313156368,0.0,0.0,0.013723327868564356,0.23242727379998945,0.005899628178123015,0.012427223587717074,0.0018041897120075119
ODISHA,NUAPADA,ODISHA|NUAPADA,23,0.8540409560869567,0.3258054619686845,17.217391304347824,17.217391304347824,2.7017316447284356,1.7040280323178378,0.16465718515331687,131049.34782608696,Rice,0.805962573010167,0.8777284361848424,0.32164445432573935,0.3590736965385551,0.45543345543345537,0.3787,Low,0.8232759979231189,0.0002156505929561881,0.0054244418382056545,0.0,0.0,0.034856434764866204,0.12398781076494583,0.007447244400134698,0.0001549366567854459,0.004637483058987073
ODISHA,PURI,ODISHA|PURI,23,0.6695517361254669,0.2968971622169086,13.782608695652174,13.782608695652174,2.0112388555710594,1.487106287218586,0.16845373394473045,182047.52173913043,Rice,0.8374215714816938,0.9562792132871183,0.25216308570920565,0.3272135491064274,0.358974358974359,0.3128,Low,0.8379133207693261,0.0,4.633286148647761e-05,0.0,0.0,0.02639444597958536,0.13033720531165657,0.0015055791691276023,0.0006412563561401669,0.003161859552677717
ODISHA,RAYAGADA,ODISHA|RAYAGADA,23,1.392681658907832,0.5705355705288236,17.0,17.0,4.540383111168378,2.7862873217764026,0.2701637221376082,109051.69565217392,Rice,0.5852473637353485,0.7455718049955565,0.5245045088718975,0.628793375895611,0.44932844932844934,0.5342,Moderate,0.7457771324250285,0.0031676241303984667,0.021968041483317245,0.0,0.0,0.10429357596257698,0.1069436952318984,0.010655895548541199,0.0006315313558906446,0.006562503862348491
ODISHA,SAMBALPUR,ODISHA|SAMBALPUR,23,0.4238189731192933,0.15223702972010536,16.0,16.0,1.6706330316951623,1.2702066512592471,0.11378341266539044,167145.21739130435,Rice,0.9264393888157654,0.9526987727412246,0.15961649306192122,0.1677820644299152,0.42124542124542125,0.2495,Very Low,0.9287849149658979,0.0,0.0007569569809121982,0.0,0.0,0.025205106728333083,0.025308635552526573,0.012835493218601893,0.00021850304603651083,0.006890389507691827
ODISHA,SONEPUR,ODISHA|SONEPUR,23,0.3393347329538039,0.12346830859482817,15.217391304347826,15.217391304347826,1.4809451317813207,1.186256780117557,0.11395727224298975,146392.47826086957,Rice,0.9488382481043365,0.9729785356636581,0.12779847879284117,0.13607574810016318,0.39926739926739924,0.221,Very Low,0.9496009387510109,0.0,0.0016037887430068128,0.0,0.0,0.006607015625357326,0.03571340532760801,0.0030002729410842266,0.0006715122866552599,0.002803066325277463
ODISHA,SUNDARGARH,ODISHA|SUNDARGARH,23,0.5887083310474531,0.2035918498809507,18.0,18.0,2.0182335027913147,1.3800876764511123,0.12224568856106312,251405.52173913043,Rice,0.894464460415331,0.926067999959186,0.2217162637777468,0.22438076292564474,0.4774114774114774,0.3078,Low,0.9078964230144715,0.0,0.000897562521109581,0.0,0.0,0.024468176912167024,0.051812704470017,0.006944781919113187,0.00029157811379397947,0.0076887730493277184
PUDUCHERRY,KARAIKAL,PUDUCHERRY|KARAIKAL,22,0.8290108032095354,0.39854448251709335,9.772727272727273,9.772727272727273,2.343104795737386,1.7188198710291978,0.24498656982433492,8736.318181818182,Rice,0.7430891940124558,0.9444898256494569,0.31221772858551816,0.43924015180019693,0.24636474636474637,0.3326,Low,0.7447125115115063,0.0,0.01878781887522828,0.0,0.001992726288898485,0.03021347665700654,0.2014058345777033,0.0011654587172669993,0.00171697043168799,5.202940702084819e-06
PUDUCHERRY,MAHE,PUDUCHERRY|MAHE,19,0.6782536030405503,0.3212481708435984,5.947368421052632,5.947368421052632,2.00300467788732,1.5147897248868383,0.357051891871807,1387.6315789473683,Rice,0.33388962639863456,0.8072823819457615,0.25544033747982475,0.3540510570757327,0.13893708630550736,0.2495,Very Low,0.33388962639863456,0.0002655035084392187,0.0,0.0,0.01778873506542765,0.30802199886212783,0.28602313673430685,0.04733548264744927,0.0,0.0066755167836146405
PUDUCHERRY,PONDICHERRY,PUDUCHERRY|PONDICHERRY,22,1.0309956189919183,0.43260568122482396,17.90909090909091,17.90909090909091,2.81705285832373,1.770394205254265,0.16307507226213308,18809.454545454544,Rice,0.7426898464988593,0.9013697173568417,0.38828819732752856,0.4767793644782663,0.4748584748584749,0.4466,Low,0.7498066736264161,0.0004881490932993079,0.0039269419634226505,0.0,0.01900398252329583,0.08731102346982175,0.018305590998724044,0.0016819394501797935,0.10481189343850288,0.014663805436337626
PUDUCHERRY,YANAM,PUDUCHERRY|YANAM,22,0.9061246581374558,0.5235578661700611,5.181818181818182,5.181818181818182,2.573369713611446,2.264316688108241,0.536591483654733,962.2272727272727,Rice,0.5753696442911805,0.9636732958571497,0.34125994677478233,0.5770187437053821,0.11743811743811743,0.3452,Low,0.5755585998393877,0.0,0.0,0.0,0.0004723888705182106,0.2776701780906042,0.1445037554915206,0.0017005999338655581,0.0,9.447777410364212e-05
PUNJAB,AMRITSAR,PUNJAB|AMRITSAR,23,0.8660841010643798,0.5303627131210638,10.695652173913043,10.695652173913043,2.3847138243534896,2.1312704732241974,0.2257520410961471,502504.347826087,Wheat,0.49577767010451995,0.9754274243787637,0.3261800808282166,0.5845184385671904,0.27228327228327226,0.3943,Low,0.9697342008721533,0.0,0.001643939918322143,0.0,0.0,0.010002076555686301,0.007492905101405136,0.0,0.011126877552433032,0.0
PUNJAB,BARNALA,PUNJAB|BARNALA,13,0.8772671237226822,0.5410369742687953,8.076923076923077,8.076923076923077,2.407304147352125,2.1811655614521466,0.30416510211139747,232000.0,Wheat,0.4920424403183024,0.9887931034482759,0.3303917725451134,0.5962826563460263,0.19874142951066026,0.3751,Low,0.9590185676392573,0.0,0.03289124668435013,0.00029840848806366046,0.0,0.002420424403183024,0.0032824933687002652,0.0,0.0020888594164456234,0.0
PUNJAB,BATHINDA,PUNJAB|BATHINDA,23,1.1638796048520657,0.639229157909692,9.869565217391305,9.869565217391305,3.2082575451589643,2.775248783425218,0.33125351562462024,513700.0,Wheat,0.4837876954067253,0.970800077866459,0.4383342716006511,0.7045013158432645,0.2490842490842491,0.464,Low,0.7042598031332786,0.0,0.2720332455925045,0.011307564049394418,0.0,0.008522991764775584,0.003622483093668272,0.0,0.0002539123663786172,0.0
PUNJAB,FARIDKOT,PUNJAB|FARIDKOT,23,0.9675803417372405,0.5722327986826299,7.521739130434782,7.521739130434782,2.655924417144637,2.35744937209096,0.3786998655537202,228443.47826086957,Wheat,0.49389060180427086,0.9846027939553119,0.36440506607589396,0.6306639092604418,0.18315018315018314,0.3927,Low,0.910547752274371,0.0,0.07523505005519394,0.0017319477751132426,0.0,0.002721632218035096,0.00557649118800198,0.0,0.004187126489284763,0.0
PUNJAB,FATEHGARH SAHIB,PUNJAB|FATEHGARH SAHIB,23,0.8397751004454242,0.529293790559767,6.304347826086956,6.304347826086956,2.3198065887402617,2.125922067945998,0.4090167406519413,174895.65217391305,Wheat,0.48600407696514697,0.9853577288320988,0.31627172211587645,0.5833403675395317,0.14896214896214893,0.3495,Low,0.9766817481231045,0.0,0.0,0.0,0.0,0.006016009546064734,0.0014667130711480138,0.0,0.015835529259682794,0.0
PUNJAB,FAZILKA,PUNJAB|FAZILKA,9,1.1613360678566835,0.6118487773334667,9.11111111111111,9.11111111111111,3.2853347384197615,2.729500935756045,0.40631389009839597,387555.55555555556,Wheat,0.4773509174311927,0.9436353211009174,0.4373763379522632,0.6743251045338216,0.22778456111789444,0.4465,Low,0.7420584862385321,0.0,0.2073967889908257,0.02930045871559633,0.0,0.012672018348623854,0.005246559633027523,0.0,0.0033256880733944956,0.0
PUNJAB,FIROZEPUR,PUNJAB|FIROZEPUR,23,1.0380738961967315,0.5926975606658901,9.782608695652174,9.782608695652174,2.8853620957947514,2.5102442250806827,0.3011853891415888,647543.4782608695,Wheat,0.489810991372075,0.9680061771913921,0.39095398120227365,0.6532183430925462,0.24664224664224663,0.4303,Low,0.8405411756806661,0.0,0.1313996038540303,0.006418907577130963,0.0,0.01089065699801927,0.0064524792694799745,0.0,0.004297176620673448,0.0
PUNJAB,GURDASPUR,PUNJAB|GURDASPUR,23,0.9773444973758904,0.5659872225734164,9.217391304347826,9.217391304347826,2.6641512670873104,2.30734296902995,0.2914332473211337,422695.652173913,Wheat,0.48169101008023035,0.9661797983953917,0.36808239148981164,0.6237805927960796,0.23076923076923075,0.4075,Low,0.9466364945484468,0.0,0.0,0.0,0.0,0.008506480148117671,0.004618391277514915,0.0,0.040238634025920594,0.0
PUNJAB,HOSHIARPUR,PUNJAB|HOSHIARPUR,23,1.2910576505719398,0.6639465034067126,11.130434782608695,11.130434782608695,3.6456561977229534,2.9837511862588384,0.33013101110493875,297817.39130434784,Wheat,0.4880434465239861,0.9179538088703321,0.4862314044327887,0.7317425676092918,0.2844932844932845,0.5008,Moderate,0.9183917778621273,0.0,0.0,0.0,0.0,0.022073637186487197,0.0045986744138515,0.0,0.054935910537533945,0.0
PUNJAB,JALANDHAR,PUNJAB|JALANDHAR,23,0.968066779139142,0.5628891450281461,9.391304347826088,9.391304347826088,2.641134882426939,2.292494054111845,0.28455037199703725,344952.17391304346,Wheat,0.48677195326384254,0.9619607002861141,0.36458826559528834,0.6203661682814586,0.23565323565323568,0.4069,Low,0.961973304427835,0.0,0.0003781242516290853,0.0,0.0,0.006314675002205725,0.00283593188721814,0.0,0.028497964431112063,0.0
PUNJAB,KAPURTHALA,PUNJAB|KAPURTHALA,23,0.8535368286063229,0.5304170031767859,6.826086956521739,6.826086956521739,2.350521330650761,2.131102948922679,0.3594596497545463,234956.52173913043,Wheat,0.4920429311621022,0.9792561065877129,0.3214545924610789,0.5845782722203025,0.16361416361416362,0.3565,Low,0.9771095484826055,0.0,0.0,0.0,0.0,0.006680236861584012,0.0006846780162842339,0.0,0.015525536639526277,0.0
PUNJAB,LUDHIANA,PUNJAB|LUDHIANA,23,0.8468145876885587,0.5247329926900034,10.08695652173913,10.08695652173913,2.336082683987446,2.1055563559535715,0.23344572823808296,533843.4782608695,Wheat,0.4914321084180349,0.9778635652853791,0.3189228971173953,0.578313863255762,0.25518925518925517,0.3841,Low,0.9801439927026323,0.0,0.0018732082356007298,0.0,0.0,0.004487555381808704,0.007419533489705499,0.0,0.006075710190252802,0.0
PUNJAB,MANSA,PUNJAB|MANSA,23,1.174392155252755,0.6406232932568823,9.91304347826087,9.91304347826087,3.2410913942152546,2.7851887704720504,0.3309637891630002,340452.17391304346,Wheat,0.4900132815692685,0.9701036984062117,0.44229345354983296,0.7060378073727981,0.2503052503052503,0.4662,Low,0.7398217204740498,0.0,0.23770177768696363,0.009807928075194115,0.0,0.00901614221495709,0.0028861871679607683,0.0,0.0007662443808745403,0.0
PUNJAB,MOGA,PUNJAB|MOGA,23,0.8262145929058378,0.5249044649571872,8.043478260869565,8.043478260869565,2.2927721016464755,2.108506098329804,0.2941436019572297,339439.1304347826,Wheat,0.4923723277529429,0.9883695610405913,0.31116463443247705,0.5785028446818543,0.19780219780219777,0.3625,Low,0.9759065466050134,0.0,0.01476860806189238,5.1235413918100194e-05,0.0,0.0023824467471916587,0.005866454893622472,0.0,0.0010247082783620038,0.0
PUNJAB,MUKTSAR,PUNJAB|MUKTSAR,23,1.1190607593059851,0.622323233412351,9.826086956521738,9.826086956521738,3.0791581614966486,2.662104510768448,0.3168685113501086,405630.4347826087,Wheat,0.4935955839005306,0.976300980759955,0.42145483154987334,0.685869115001753,0.24786324786324784,0.4517,Low,0.7652500133983601,0.0,0.21698912053164693,0.0053057505761294815,0.0,0.005638029905139611,0.0036657913071440054,0.0,0.0031512942815799345,0.0
PUNJAB,PATHANKOT,PUNJAB|PATHANKOT,9,1.104313324459402,0.5673841190558773,7.333333333333333,7.333333333333333,3.191542958911811,2.5695775065184567,0.49401328945351164,75522.22222222222,Wheat,0.4855083124908048,0.9131969986758864,0.4159007294893971,0.6253201274024305,0.17785917785917785,0.4064,Low,0.9146682359864646,0.0,0.0,0.0,0.0,0.016772105340591436,0.01530086803001324,0.0,0.0532587906429307,0.0
PUNJAB,PATIALA,PUNJAB|PATIALA,23,0.8101278075990926,0.5185069985248189,10.08695652173913,10.08695652173913,2.250506730142494,2.0775420834778866,0.232263258151828,501447.82608695654,Wheat,0.5021979832311654,0.9848525573773333,0.30510611318128245,0.571452128262089,0.25518925518925517,0.3772,Low,0.9875144147815456,0.0,0.001682085786375105,8.670545290593325e-06,0.0,0.0030693730328700372,0.003251454483972497,0.0,0.004474001369946156,0.0
PUNJAB,RUPNAGAR,PUNJAB|RUPNAGAR,23,1.1954341803340367,0.6361023490478828,9.304347826086957,9.304347826086957,3.3122555695581233,2.7519919446576573,0.36420586798783083,147934.78260869565,Wheat,0.5046289493019839,0.9478030859662014,0.45021819138229857,0.7010552262363098,0.23321123321123322,0.4615,Low,0.9495077149155033,0.0,0.0,0.0,0.0,0.01357825128581925,0.007171197648787656,0.0,0.029742836149889786,0.0
PUNJAB,S.A.S NAGAR,PUNJAB|S.A.S NAGAR,14,1.031722859484702,0.5653986300404111,9.285714285714286,9.285714285714286,2.8114883077938666,2.3037691963257627,0.30939020732285943,90257.14285714286,Wheat,0.561886672997784,0.9690566635011079,0.38856208685214433,0.6231318986480315,0.23268794697366127,0.4148,Low,0.9716682494460273,0.0,0.0,0.0,0.0,0.009338398227287116,0.010921177587844255,0.0,0.008072174738841406,0.0
PUNJAB,SANGRUR,PUNJAB|SANGRUR,23,0.8954954413564967,0.5343005026420787,11.73913043478261,11.73913043478261,2.4526640591957243,2.152967556639441,0.21078637676529932,660591.304347826,Wheat,0.4850726621735467,0.9793926390058971,0.337256826541432,0.588858318662993,0.30158730158730157,0.4092,Low,0.9632279380791913,0.0,0.024121998736310026,0.00011188921651221567,0.0,0.003007845408593092,0.005607624262847515,0.0,0.003922704296545914,0.0
PUNJAB,SHAHID BHAGAT SINGH NAGAR,PUNJAB|SHAHID BHAGAT SINGH NAGAR,23,1.1115474400433845,0.6084582839373663,7.0,7.0,3.0568832979616536,2.592687402348601,0.450130501263063,157356.52173913043,Wheat,0.5172413793103448,0.9442418213969938,0.4186252044024041,0.6705884053714719,0.16849816849816848,0.4192,Low,0.9450707338638373,0.0,0.0,5.5260831122900086e-05,0.0,0.010941644562334218,0.0013815207780725023,0.0,0.04255083996463307,0.0
PUNJAB,TARN TARAN,PUNJAB|TARN TARAN,14,0.7797598316337148,0.513530219689129,8.857142857142858,8.857142857142858,2.1822578288244157,2.0559368576570938,0.25785971915319034,367585.71428571426,Wheat,0.5044498853522987,0.9891570479188526,0.29366908432599814,0.5659671668910063,0.22065236350950637,0.3601,Low,0.9879911390929229,0.0,0.0019431813765496873,0.0,0.0,0.004197271773347324,0.004993976137732696,0.0,0.0008744316194473592,0.0
RAJASTHAN,AJMER,RAJASTHAN|AJMER,23,2.1687721101703494,0.8465838982286936,28.91304347826087,28.91304347826087,8.813298222383384,6.694156260993535,0.31102723716676833,532715.0,Jowar,0.24852933434918498,0.5313257884446736,0.8167916502842737,0.9330292007081675,0.7838827838827839,0.8446,High,0.5553369960036548,0.0,0.021434170894054208,0.023486251111512844,0.0,0.09533256423513838,0.29971789304094,0.0022198834599951277,6.006964324263443e-05,0.002412171611462039
RAJASTHAN,ALWAR,RAJASTHAN|ALWAR,23,1.6900330827036851,0.7618638807950922,29.26086956521739,29.26086956521739,5.437769980044453,4.2257238726641555,0.1906607765561199,797481.0434782609,Rapeseed &Mustard,0.29701815455447106,0.8255375185693388,0.6364914525519859,0.8396583601861075,0.7936507936507936,0.7566,High,0.5878203238196094,0.00014404049620587956,0.025813561658055494,0.034781254715936,1.3629872843099882e-06,0.3032062258642212,0.038216854984259134,0.0005278577154675722,0.00012299597253613334,0.009365521786424908
RAJASTHAN,BANSWARA,RAJASTHAN|BANSWARA,23,1.7638952344976715,0.7546503358160944,29.304347826086957,29.304347826086957,5.85378228599362,4.105647151735224,0.20477398319878667,330476.7826086957,Maize,0.39493256515027164,0.7330495886970155,0.6643090312521376,0.8317082348410487,0.7948717948717948,0.7636,High,0.7507962803675217,1.3156222511717588e-07,0.03563376023521221,0.002086050641457941,3.0259311776950456e-06,0.08526192591836354,0.1238772808614063,0.0011427494873677898,0.0010109241378003797,0.00018787085746732718
RAJASTHAN,BARAN,RAJASTHAN|BARAN,23,1.7304224084422624,0.7672858296209004,28.73913043478261,28.73913043478261,5.699804496602152,4.404177907322555,0.20229267851618182,522736.82608695654,Soyabean,0.33410377671963454,0.7433656656724844,0.6517026699358587,0.8456339481813542,0.778998778998779,0.7588,High,0.2758347017582295,8.317428331007365e-08,3.5931290389951816e-05,0.00010538181695386331,6.653942664805892e-07,0.5404031141449762,0.06274642980626963,0.12053359297017611,0.00010405102842090213,0.000236048616033989
RAJASTHAN,BARMER,RAJASTHAN|BARMER,23,1.176087403140139,0.5757630530719952,19.695652173913043,19.695652173913043,3.315516934977205,2.4763801024658787,0.16834912827738135,1517958.1739130435,Bajra,0.5760236047060701,0.9208090398778819,0.4429319089749484,0.6345546405135375,0.525030525030525,0.5342,Moderate,0.587966592881433,0.0,1.0826900827135123e-05,0.21262721393652423,0.0,0.03368896169963782,0.16559086035423212,2.8470739212096066e-05,0.0,8.707348813357348e-05
RAJASTHAN,BHARATPUR,RAJASTHAN|BHARATPUR,23,1.5705159720302733,0.7393742243990431,29.695652173913043,29.695652173913043,4.8358775312169815,3.872471680636156,0.16670374205952673,543353.2608695652,Rapeseed &Mustard,0.3686530301969453,0.8360107624753693,0.591479541154584,0.8148722684882727,0.8058608058608058,0.7374,Moderate,0.5648643187933224,3.1207177650859696e-06,0.004242975884453424,0.01712001760404893,0.0,0.3741062044270182,0.03405863348570171,0.0008862838452844155,0.00022661212078778118,0.004491833121617972
RAJASTHAN,BHILWARA,RAJASTHAN|BHILWARA,23,2.1630889195506744,0.8271874278016322,31.565217391304348,31.565217391304348,8.76244209080292,5.984567293844499,0.28180793467494614,535754.1304347826,Maize,0.3142610436568689,0.5672102996629295,0.8146512766491849,0.9116521424662307,0.8583638583638583,0.8616,High,0.5939031896931956,1.7204517484293775e-05,0.04513077665006133,0.03670502651889718,1.6230676871975262e-07,0.1400321123941912,0.18057017556317406,0.0031690396592531696,0.00025060165090329804,0.00022171104607118206
RAJASTHAN,BIKANER,RAJASTHAN|BIKANER,23,1.6871346946395651,0.7431968778160254,23.391304347826086,23.391304347826086,5.475938243433736,4.108829527636616,0.24191029989933432,1422684.8260869565,Guar Seed,0.40102181573351625,0.7003349240081926,0.6353998767432806,0.8190852558480533,0.6288156288156288,0.6944,Moderate,0.17296201538847966,0.0,0.007576764458601253,0.4010218157335162,2.4448569393489973e-07,0.1195172287693284,0.29855544710917215,7.129814049376513e-05,8.465317152495904e-06,0.0002867205975621537
RAJASTHAN,BUNDI,RAJASTHAN|BUNDI,23,1.9425800468664036,0.8009796091347717,29.52173913043478,29.52173913043478,7.044577016166401,5.110164859051621,0.241479403028841,396549.6956521739,Wheat,0.3255809924804644,0.6308429131586446,0.7316043741288628,0.8827682242223239,0.8009768009768009,0.8051,High,0.5027920728834578,1.3156967112954646e-06,0.00018025044944747865,0.002791469855798544,0.0,0.330948157931409,0.14521300746010998,0.010290392903219652,0.0070692384297905315,0.0007140943900556134
RAJASTHAN,CHITTORGARH,RAJASTHAN|CHITTORGARH,23,1.991799611117695,0.8070249146469256,31.73913043478261,31.73913043478261,7.351874213917456,5.256974948567167,0.23714585282006428,520151.52173913043,Maize,0.27751930144100984,0.6836701011452766,0.7501411899254876,0.8894308203121423,0.8632478632478633,0.8343,High,0.5221053062715421,1.2120214134928076e-05,0.013760789602695202,0.012492430090395901,2.0061044085398192e-06,0.3613106047276358,0.07080236235511643,0.015670015885839286,0.0024535492793278883,0.0013908154689039188
RAJASTHAN,CHURU,RAJASTHAN|CHURU,23,1.6321320354719253,0.7547801407382168,19.52173913043478,19.52173913043478,5.243065509406645,4.34665327624486,0.2721171536142558,1339657.8695652173,Bajra,0.277226979205041,0.7049958991800989,0.6146850618759725,0.831851294238929,0.5201465201465201,0.6556,Moderate,0.2990238487561928,2.985836974404659e-06,0.0005201847285408465,0.24293386264001018,0.0,0.05405546276562306,0.40330381563027884,2.4990157285778124e-05,0.0,0.0001348494850940365
RAJASTHAN,DAUSA,RAJASTHAN|DAUSA,23,1.67376924713388,0.7531398266661303,25.652173913043477,25.652173913043477,5.347116076923711,4.083347516145835,0.21889035812066618,339939.652173913,Bajra,0.35595064699463275,0.8159921479669281,0.6303662515533573,0.8300434864944263,0.6923076923076923,0.7176,Moderate,0.6589896007117376,0.00023738228729088998,0.00013352753660112563,0.030397850667100504,0.0,0.266761798641498,0.043255631562226136,9.272745597300391e-05,1.0743594898941142e-05,0.00012073754267381473
RAJASTHAN,DHOLPUR,RAJASTHAN|DHOLPUR,23,1.4127820901531856,0.704240223534674,27.130434782608695,27.130434782608695,4.114468933465772,3.3854845859610077,0.15682693277153195,208392.60869565216,Bajra,0.3550342893743624,0.9263077844286391,0.5320746285406849,0.7761507090388783,0.7338217338217338,0.6807,Moderate,0.6193839804883341,3.5468169404322525e-06,0.0006659670396388089,0.0059025292977511095,0.0,0.32870146859084964,0.021533977463107888,0.002218429678095067,0.0004921730095576285,0.021097927615725334
RAJASTHAN,DUNGARPUR,RAJASTHAN|DUNGARPUR,23,1.7373725833274292,0.7421836911828277,27.695652173913043,27.695652173913043,5.7208135742669155,4.008850361830902,0.2122903177180552,175978.91304347827,Maize,0.4079846523113565,0.729329477469509,0.6543202085825419,0.8179686119849718,0.7496947496947497,0.7407,Moderate,0.7662286612897049,4.941303491154449e-07,0.003186646621445504,0.010119542484709754,3.953042792923559e-06,0.05801287950754969,0.1604112646895688,0.0009840605902634086,0.000885728650789435,0.00016676899282646264
RAJASTHAN,GANGANAGAR,RAJASTHAN|GANGANAGAR,23,1.7587682952491657,0.7850612500123202,27.52173913043478,27.52173913043478,5.877531375359621,4.78475754886842,0.217691966835121,1027126.7826086957,Rapeseed &Mustard,0.23788740190237723,0.6716614214171774,0.6623781501097361,0.8652244297801169,0.7448107448107447,0.7575,High,0.2661645088815927,0.0,0.1567557639470103,0.21014881698698895,0.0,0.24788481300052032,0.11622493070158224,0.00010459739189726208,0.002392787038355538,0.00032378205205267407
RAJASTHAN,HANUMANGARH,RAJASTHAN|HANUMANGARH,23,1.9140075944084884,0.8084653856443044,25.47826086956522,25.47826086956522,6.854240324776224,5.428116083259347,0.27195553397667915,1133166.8695652173,Guar Seed,0.26235224268362484,0.6005862063064659,0.7208435659801743,0.8910183788590738,0.6874236874236874,0.7664,High,0.2822454715023744,0.0,0.1465250637708756,0.26235224268362484,0.0,0.12094899258476763,0.18760754296980245,3.717937394231588e-05,4.063256656853716e-05,0.00024287454804423065
RAJASTHAN,JAIPUR,RAJASTHAN|JAIPUR,23,2.0843386835334434,0.8305503922458162,28.782608695652176,28.782608695652176,8.05822203484381,5.932949097820132,0.2870403916942973,918947.4347826086,Bajra,0.30705550598981607,0.5972286062064107,0.7849927731415306,0.9153585016752023,0.7802197802197802,0.8269,High,0.5732216504222624,1.7458537511087236e-05,0.0002575252565659833,0.05990256054291983,0.0,0.19033453727849597,0.1717315429547917,0.001169816639462417,7.976990309943924e-05,0.003285138464891141
RAJASTHAN,JAISALMER,RAJASTHAN|JAISALMER,23,1.2983099238445035,0.606877524716303,18.695652173913043,18.695652173913043,3.769071285388597,2.7088463949385115,0.2047250006667225,647686.7391304348,Guar Seed,0.555753771197093,0.8425130372002836,0.4889627177998463,0.66884623366749,0.4969474969474969,0.5516,Moderate,0.19723114938481734,5.370282668184667e-07,0.0003742415734391189,0.555753771197093,0.0,0.11236423673682829,0.1340765580784323,0.00015674512537763996,7.384138668753916e-07,4.202246187854502e-05
RAJASTHAN,JALORE,RAJASTHAN|JALORE,23,1.7046489578245079,0.7207505897328376,25.956521739130434,25.956521739130434,5.596079197443453,3.752861122401855,0.21742082961479667,710778.2173913043,Bajra,0.46236571439547064,0.6929528987180554,0.6419960072741269,0.7943469608332991,0.7008547008547008,0.7124,Moderate,0.5224580235050388,0.00020491929880408485,0.0010377480311078507,0.08368506558549206,0.0,0.23904276629064078,0.1521489091656365,0.0008838444622149917,0.0,0.0005387236610649479
RAJASTHAN,JHALAWAR,RAJASTHAN|JHALAWAR,23,1.8017879880182464,0.7587706245980183,29.26086956521739,29.26086956521739,6.100615550609878,4.2412880565724524,0.21129938990441072,521773.4347826087,Soyabean,0.4163307929170324,0.6929386892811797,0.6785800026173376,0.8362492493310818,0.7936507936507936,0.7695,High,0.24241172809554437,1.333245672430371e-06,8.899414863472727e-05,0.00012149201190021755,8.332785452689818e-08,0.5044343334425762,0.10228077503904118,0.1481625916429328,6.299585802233503e-05,0.002435673187821234
RAJASTHAN,JHUNJHUNU,RAJASTHAN|JHUNJHUNU,23,1.7671242987792497,0.7686360173218086,23.565217391304348,23.565217391304348,5.8976435039931925,4.388290065905387,0.2562019478371489,626112.1739130435,Bajra,0.39962945936899763,0.663194815764365,0.6655251446146508,0.8471220045382258,0.6336996336996337,0.7154,Moderate,0.5307894543136457,6.70806314745656e-05,0.0036408255778586696,0.1058926098809909,0.0,0.14570149257877113,0.20862847190877035,0.001144398350621989,6.249748274027851e-07,0.004135041783039294
RAJASTHAN,JODHPUR,RAJASTHAN|JODHPUR,23,1.9056636740265886,0.7637928156299449,22.782608695652176,22.782608695652176,6.966714029718551,4.747774591275011,0.30507725472037095,1264125.4782608696,Bajra,0.3975130289418847,0.6287036172729963,0.7177011221675612,0.8417842599710509,0.6117216117216118,0.7237,Moderate,0.47162042183071673,1.100606207020038e-06,0.01723281047430418,0.1264759903099878,3.4393943969376184e-08,0.1584532094124118,0.2101931199317514,0.006229603101453261,2.063636638162571e-07,0.009793503575560022
RAJASTHAN,KARAULI,RAJASTHAN|KARAULI,23,1.4725412972977794,0.7140414365648692,28.47826086956522,28.47826086956522,4.389633541877373,3.5344361904020722,0.17070820384548907,299023.6956521739,Bajra,0.38858371700948524,0.8662156336308959,0.5545808297198759,0.7869527311168639,0.7716727716727717,0.7044,Moderate,0.6284696065238395,0.0002018162004029054,0.00017520786850540418,0.010609745192506919,2.471812252773337e-06,0.3000512537540649,0.058482496297734145,0.0014684018788681135,0.0002493622360886043,0.00028963823573673454
RAJASTHAN,KOTA,RAJASTHAN|KOTA,23,1.778327256032476,0.7753714290739708,27.956521739130434,27.956521739130434,5.965562410029593,4.5284888811954485,0.21647054544343017,424313.4347826087,Soyabean,0.31782391380285024,0.7371097391192258,0.6697443439948053,0.8545451741221372,0.757020757020757,0.7604,High,0.3141196176862285,0.0,4.77497715234913e-05,0.0008225051845902675,2.0493464173172233e-07,0.5093136134291212,0.07373538162775282,0.10123863522135862,4.95941832990768e-05,0.0006726979614843785
RAJASTHAN,NAGAUR,RAJASTHAN|NAGAUR,23,1.9858474148774647,0.8015255163812577,24.91304347826087,24.91304347826087,7.367823165243259,5.244049031641245,0.29877644812995313,1362015.9130434783,Bajra,0.3053717434061774,0.622035348753826,0.7478995047954203,0.8833698744579537,0.6715506715506716,0.7676,High,0.4022877725427839,2.043007478109654e-06,0.020450217557951025,0.10073875150408446,3.192199184546334e-08,0.11410078653872588,0.3565723837868714,0.0005037609533132569,3.192199184546334e-07,0.0053439329668816355
RAJASTHAN,PALI,RAJASTHAN|PALI,23,2.144020766908608,0.8507595559818109,28.26086956521739,28.26086956521739,8.579754443110335,6.915431626459297,0.310705611999079,625674.695652174,Moong(Green Gram),0.17709800300447837,0.4841836131263656,0.8074699283685846,0.9376312379356336,0.7655677655677655,0.8369,High,0.4157053276330984,0.0,0.016273840872163183,0.059683258100924515,9.728628253687602e-07,0.26887371253765846,0.23804320317030978,0.0010512477730127575,5.559216144964344e-07,0.0003678811283930155
RAJASTHAN,PRATAPGARH,RAJASTHAN|PRATAPGARH,14,1.4540749983551557,0.633714014684599,25.785714285714285,25.785714285714285,4.823447757077015,3.4411249286754857,0.2994125643356043,242027.7142857143,Soyabean,0.417264787857825,0.8063309160580193,0.5476261484431956,0.6984230173003012,0.6960579103436246,0.6474,Moderate,0.39955636721650534,0.0,0.004752997590594702,0.00029748659244454884,1.47562793871304e-06,0.4594320367089011,0.11699280011616144,0.01759922417385494,1.0034269983248671e-05,0.0013575777036159968
RAJASTHAN,RAJSAMAND,RAJASTHAN|RAJSAMAND,23,1.6012024076586144,0.6540929469645062,29.17391304347826,29.17391304347826,5.0106043707521195,2.9956816100897092,0.17727164157953493,117571.34782608696,Maize,0.5263505120480034,0.7823978113567303,0.6030365066285849,0.7208828572951215,0.7912087912087912,0.705,Moderate,0.8333973709211169,0.00032320799839949177,0.028848347774764704,0.03610758462668921,9.245080045752052e-06,0.06075016058704039,0.031864092885689026,0.0044124918042365395,0.00400792710143443,0.00027957122058354204
RAJASTHAN,SAWAI MADHOPUR,RAJASTHAN|SAWAI MADHOPUR,23,1.6828954078250182,0.7332784224882375,29.52173913043478,29.52173913043478,5.467785461555621,3.9547590440749048,0.1877310666305205,364550.0,Rapeseed &Mustard,0.41743388215369753,0.7740428044104405,0.6338032986348456,0.8081540197755173,0.8009768009768009,0.7476,Moderate,0.3728601670910533,2.2183394655710138e-05,0.00019380653933080092,0.011523796461390757,0.0,0.5140451897216938,0.09411412521691424,0.006608385561710984,0.00019225608701615453,0.0004400899262342495
RAJASTHAN,SIKAR,RAJASTHAN|SIKAR,23,1.8743500259409305,0.7772704262315377,25.08695652173913,25.08695652173913,6.548498839957346,4.525051987270214,0.265071746252805,696124.7826086957,Bajra,0.4058763202749132,0.6549066977622078,0.7059079392063986,0.8566380792716196,0.6764346764346764,0.7463,Moderate,0.5717011630223717,1.2491513577962972e-05,0.000518522728621243,0.12064010263027555,0.0,0.11632547138287926,0.17919032507290358,0.0005185851861891328,2.673183905684076e-05,0.011066606624124736
RAJASTHAN,SIROHI,RAJASTHAN|SIROHI,23,2.334514462637165,0.8770666647706832,27.956521739130434,27.956521739130434,10.354517004858574,8.205750399232222,0.3762430519709492,181088.21739130435,Castor Seed,0.17095487210293134,0.4702317798987714,0.8792126713581452,0.9666245848887005,0.757020757020757,0.8676,High,0.44329511271109995,0.00013109152421267656,0.013013594863325081,0.06761033356550458,4.561792967107792e-06,0.3979943476984194,0.07534041179545209,0.0011646977728126263,8.403302834145932e-06,0.0014374449733723343
RAJASTHAN,TONK,RAJASTHAN|TONK,23,2.019379323564083,0.8064250019665774,30.26086956521739,30.26086956521739,7.611057587249394,5.461655028096318,0.25759633914378427,579370.304347826,Rapeseed &Mustard,0.34936040380271927,0.5752632336891694,0.7605281175043753,0.8887696501082072,0.8217338217338217,0.8237,High,0.34347815548169724,1.8760998166149951e-06,0.0010121183290674575,0.012439367268076729,7.504399266459981e-07,0.423377419427704,0.21755313508661614,0.0016959942342199556,0.00018798520162482252,0.00025319843125035975
RAJASTHAN,UDAIPUR,RAJASTHAN|UDAIPUR,23,1.6196263981064822,0.6470926137102954,31.869565217391305,31.869565217391305,5.086573443202182,2.9034612419129253,0.16542456918832743,319545.26086956525,Maize,0.5454939294848481,0.7673935011723861,0.6099752539004473,0.7131677148803732,0.8669108669108669,0.73,Moderate,0.7991371161818133,6.66708301919807e-06,0.003519539519542785,0.032383654979270135,1.9048808626280199e-06,0.07797099165784639,0.08203723198496342,0.0032589790301190236,0.0015497566446666534,0.00013415803789651625
SIKKIM,GANGTOK,SIKKIM|GANGTOK,23,1.6612213540268201,0.7317246847728923,9.521739130434783,9.521739130434783,5.307954364391226,3.8052512451433795,0.5585990827675676,21856.956521739132,Maize,0.42626166179308156,0.7453820294006486,0.6256405294406264,0.8064416287630118,0.23931623931623933,0.5571,Moderate,0.8117224642437986,0.0,0.0,0.0,0.0,0.12014481510214636,0.06069304370312904,0.0,0.0,0.007439676950925981
SIKKIM,GYALSHING,SIKKIM|GYALSHING,23,1.436563184122897,0.6209005171338967,9.347826086956522,9.347826086956522,4.345561670553705,2.841554728797764,0.4626486922072058,24431.782608695652,Maize,0.5578834412054149,0.7582443396075318,0.5410309402241472,0.6843011241211113,0.23443223443223443,0.4866,Low,0.8248610594539187,0.0,0.0,0.0,0.0,0.08931879536811459,0.07471557895898251,0.0,0.0,0.011104566218984181
SIKKIM,MANGAN,SIKKIM|MANGAN,23,1.6682102726937131,0.7361407304239529,9.130434782608695,9.130434782608695,5.371382957565242,3.96169452119872,0.5871606578235838,6167.173913043478,Maize,0.4397758116253658,0.7080757164510558,0.6282726595684829,0.8113086000729088,0.22832722832722832,0.556,Moderate,0.8306249779689098,0.0,0.0,0.0,0.0,0.13263773837639678,0.03222531636645634,0.0,0.0,0.00451196728823716
SIKKIM,NAMCHI,SIKKIM|NAMCHI,23,1.5136066052415174,0.6406085055038531,9.565217391304348,9.565217391304348,4.603273675589783,2.9084602148865657,0.4806266232495818,24036.217391304348,Maize,0.5755264247973619,0.7335488293933249,0.5700466319991956,0.7060215096314661,0.24053724053724052,0.5055,Moderate,0.7761765307063797,0.0,0.0,0.0,0.0,0.11387163935582717,0.10523069353674618,0.0,0.0,0.004721136401046971
TAMIL NADU,ARIYALUR,TAMIL NADU|ARIYALUR,12,1.9143649571124648,0.8118595229223677,22.75,22.75,6.81603793932928,5.351829744531838,0.31214910442177307,96942.33333333333,Cashewnut,0.26171486828939544,0.641456089015119,0.7209781540594667,0.894759093982845,0.6108058608058607,0.7422,Moderate,0.4027213773136607,0.0001702042795201271,0.08671134385734475,0.0,0.2630747832904098,0.12556691778961376,0.042510667854085075,0.006078355861044538,0.07062188173725273,0.0025444680170685664
TAMIL NADU,CHENGALPATTU,TAMIL NADU|CHENGALPATTU,1,0.059280036410791416,0.016569649516115503,5.0,5.0,1.0610723380283198,1.0168488287024726,0.21221446760566395,1921.0,Coconut,0.9916710046850599,0.9968766267568975,0.022325738394468275,0.018261588575429546,0.11233211233211234,0.051,Very Low,0.005726184279021343,0.0,0.0,0.0,0.0,0.9916710046850599,0.0026028110359187923,0.0,0.0,0.0
TAMIL NADU,CHENNAI,TAMIL NADU|CHENNAI,2,0.6900251153629421,0.3828810059606916,4.0,4.0,2.038412620480944,1.6491377047625615,0.6087553407365156,247.5,Rice,0.7373737373737373,0.9797979797979798,0.25987366310728904,0.4219772661697136,0.08424908424908424,0.2554,Low,0.7373737373737373,0.0,0.0,0.0,0.12121212121212122,0.13333333333333333,0.00404040404040404,0.00404040404040404,0.0,0.0
TAMIL NADU,COIMBATORE,TAMIL NADU|COIMBATORE,22,1.8398848191425685,0.7164577483799329,28.454545454545453,28.454545454545453,6.54473042739741,3.942081240026894,0.25409279547575486,185361.5,Coconut,0.35636433279147656,0.6961227851326389,0.6929278326261772,0.789615774302764,0.771006771006771,0.7512,High,0.36095879476786513,0.001028702390635694,0.020577726128770978,0.0029276943603812992,0.036271629417994763,0.43126539222006727,0.0813486570345465,0.026284265659756254,0.02726171684666302,0.012075421173319065
TAMIL NADU,CUDDALORE,TAMIL NADU|CUDDALORE,22,1.8747887479719092,0.763432294336457,24.09090909090909,24.09090909090909,6.599820596989747,4.309129550669115,0.2805732666942904,285731.45454545453,Rice,0.41739939536360593,0.6810387121282986,0.7060731684114491,0.8413869255839864,0.6484626484626484,0.732,Moderate,0.4817695954815806,0.00017244418312681393,0.015062299438188305,0.006124631965297358,0.10010082575947027,0.08973031256939924,0.17894424707751652,0.005829376980165101,0.10725757752193255,0.015008689023323234
TAMIL NADU,DHARMAPURI,TAMIL NADU|DHARMAPURI,22,2.5219901426747073,0.896878798984284,27.772727272727273,27.772727272727273,12.72270949515815,10.228166976545737,0.46800952217729874,223120.5909090909,Ragi,0.15153607313452389,0.375883770965273,0.9498187850055596,0.9884597506511438,0.7518592518592518,0.8967,High,0.42491840429543504,0.000609332132460779,0.04409600760127065,0.005261321181187589,0.00313752061920042,0.15132053538924017,0.20937291758044416,0.02395667406109171,0.06507447155054553,0.07225281558912394
TAMIL NADU,DINDIGUL,TAMIL NADU|DINDIGUL,22,2.2701252041316122,0.8403730328559516,30.863636363636363,30.863636363636363,9.888596418184198,6.637840487775904,0.3324388946438565,170761.5909090909,Jowar,0.23832323374827477,0.5405034398037668,0.8549627243633914,0.9261841393190243,0.8386613386613386,0.8733,High,0.543779671551645,0.004463426547645508,0.023458010969573475,0.0017714756485317782,0.019786757454239096,0.2103898178081882,0.1261104330732241,0.014527697441009594,0.027787811555451448,0.02792489795049185
TAMIL NADU,ERODE,TAMIL NADU|ERODE,22,2.3766825887096292,0.8712627035896436,29.772727272727273,29.772727272727273,11.038091591285635,8.143481656808211,0.3807633296935439,183098.27272727274,Rice,0.194148100299839,0.5055424781823572,0.895093811254129,0.9602279769765764,0.808025308025308,0.8878,High,0.3272346047651509,0.009342722561803622,0.019032998176339484,0.005708310638946498,0.04006169563190358,0.3001659317574616,0.06968215280318915,0.042537266376079214,0.14535810625292628,0.040876211036199636
TAMIL NADU,KALLAKURICHI,TAMIL NADU|KALLAKURICHI,1,0.8654068044244123,0.537990978862236,4.0,4.0,2.375972445507233,2.1644599006689424,0.5939931113768082,638.0,Small Millets,0.5579937304075235,0.9984326018808778,0.32592500089718246,0.5929256321154817,0.08424908424908424,0.3344,Low,0.5595611285266457,0.0,0.0,0.0,0.0,0.44043887147335425,0.0,0.0,0.0,0.0
TAMIL NADU,KANCHIPURAM,TAMIL NADU|KANCHIPURAM,22,0.8734206979521371,0.3994351266710873,21.045454545454547,21.045454545454547,2.428860139734527,1.689429767163851,0.11932435855379066,142040.31818181818,Rice,0.7445347623770076,0.9276783448489497,0.32894315171580335,0.4402217402816872,0.5629370629370629,0.444,Low,0.7522566416001603,9.600347148552892e-07,0.0004953779128653292,0.0026420155352817557,0.0033470010275571563,0.18029195935725037,0.028914965565154837,0.0015075745138944225,0.030296455519831598,0.00024704893328942777
TAMIL NADU,KANNIYAKUMARI,TAMIL NADU|KANNIYAKUMARI,22,1.1947602047425372,0.5852412827106416,12.954545454545455,12.954545454545455,3.5231505849041156,2.756319887216547,0.2708745085802313,49538.454545454544,Rice,0.38173191441726634,0.8359208548730739,0.44996436220723185,0.6450006991290839,0.3357198357198357,0.4769,Low,0.3818640431767424,0.0,3.761999401750339e-05,0.0,0.127515263624402,0.35694492616388,0.030343736638020417,0.010534515885730645,2.01863382532945e-05,0.09273970817895372
TAMIL NADU,KARUR,TAMIL NADU|KARUR,22,2.231569041517586,0.8408144472837393,24.863636363636363,24.863636363636363,9.474648752488697,6.572629211131622,0.39146215647266425,81392.09090909091,Jowar,0.29078992486426536,0.5295807164645213,0.8404419033225558,0.9266706268976348,0.6701631701631702,0.8124,High,0.5190123454032277,1.5078525610596517e-05,0.004166699243728171,0.006450816641777791,0.04019544003046979,0.2200621458640721,0.11076238142414999,0.012098562178813443,0.06645217929372187,0.02078435139442854
TAMIL NADU,KRISHNAGIRI,TAMIL NADU|KRISHNAGIRI,19,1.8683506495965925,0.7204389400700455,24.68421052631579,24.68421052631579,7.624090505452343,5.273179972789639,0.3586658988217991,120860.8947368421,Ragi,0.3133820220462236,0.5846799953143174,0.7036484853513859,0.7940034883949688,0.6651243493348756,0.7209,Moderate,0.5067892318136945,0.0022065384432821203,0.014625774650892697,0.0,0.008268313681191557,0.205986264330851,0.2315619914499357,0.011913652798759078,0.010472674762678451,0.008175558068714926
TAMIL NADU,MADURAI,TAMIL NADU|MADURAI,22,1.978078738514433,0.7482054887414944,25.636363636363637,25.636363636363637,7.495687001467206,4.471077304845078,0.29533617706068066,114654.13636363637,Rice,0.4586854298163925,0.6271565352080626,0.7449737063874969,0.8246052997069386,0.6918636918636919,0.7538,High,0.6401283544065928,5.1141952219144454e-05,0.08089269268721622,0.002763647666043845,0.020567390226178258,0.12292939516514291,0.08142115952681404,0.006377282506954711,0.03891149310317076,0.0059574427596673155
TAMIL NADU,NAGAPATTINAM,TAMIL NADU|NAGAPATTINAM,22,1.0711925204770483,0.5212900768905262,16.0,16.0,2.9293501959560277,2.1068485865248108,0.1950844277792047,244540.31818181818,Rice,0.6515949126812515,0.9447687284138124,0.40342694489182424,0.5745193887999958,0.42124542124542125,0.4664,Low,0.6516768846631908,0.000744625305327045,0.007622093177793512,0.0007160001687767792,0.0061722485992735535,0.026171553417385904,0.293176789772722,0.0002574403514423258,0.012969045632371088,0.0004933189117169189
TAMIL NADU,NAMAKKAL,TAMIL NADU|NAMAKKAL,22,2.1743477258257733,0.8211280489415369,27.90909090909091,27.90909090909091,8.907614047873086,5.796774269953288,0.33182361788246273,167279.31818181818,Jowar,0.24087529159856472,0.577698976534892,0.818891509596918,0.9049740359885955,0.7556887556887557,0.8265,High,0.3653125080669376,4.34765477990677e-06,0.01717242119536051,0.002768912637953124,0.01027568207230965,0.2942892195823806,0.09083201884708347,0.018589484925186372,0.08524011961485213,0.11551528540315667
TAMIL NADU,PERAMBALUR,TAMIL NADU|PERAMBALUR,22,1.8729055000811548,0.7682240818740251,25.545454545454547,25.545454545454547,6.90613187423815,5.025206227316992,0.27836695037202003,148653.04545454544,Maize,0.25569699058240253,0.547821085523429,0.705363909404765,0.8466680060598789,0.6893106893106893,0.7471,Moderate,0.5017430765415625,0.0,0.12659802401381864,0.0038053833101911803,0.0880745188536944,0.13256799619125315,0.015320604690543905,0.02358267436040053,0.05806932371810258,0.05023839832043315
TAMIL NADU,PUDUKKOTTAI,TAMIL NADU|PUDUKKOTTAI,22,1.3470925675047183,0.5732239803534991,23.40909090909091,23.40909090909091,3.9205618799844975,2.404110966439213,0.17037468886304483,140747.0,Rice,0.616880579401983,0.8119947010012163,0.507334982840329,0.6317563012183595,0.6293151293151293,0.5895,Moderate,0.6415651035998183,1.937712865832115e-06,0.0016987282790461543,0.0012417509948540804,0.07307276693125059,0.19754530534156386,0.03908108488667932,0.0014122697270473068,0.0435446064731236,0.000836446053750863
TAMIL NADU,RAMANATHAPURAM,TAMIL NADU|RAMANATHAPURAM,22,1.0358833484472976,0.4174571075303845,21.227272727272727,21.227272727272727,2.892146155778541,1.7597569554262373,0.13649626087014524,168154.68181818182,Rice,0.7455400236200274,0.8795632700735767,0.3901289885242066,0.460083958818456,0.568043068043068,0.4728,Low,0.7752807682753136,3.946582732403039e-05,0.017269543220892667,9.515048779492259e-05,0.001625397395201334,0.07650693909260495,0.019990252481278736,0.10644987853445542,0.0021965706358566504,0.0005460340492776807
TAMIL NADU,RANIPET,TAMIL NADU|RANIPET,1,0.35980727475175744,0.19002244562740267,3.0,3.0,1.4330532024104883,1.2346021128629825,0.4776844008034961,1023.0,Coconut,0.8944281524926686,1.0,0.13550874079881597,0.20942577685602567,0.05616605616605617,0.1337,Very Low,0.0,0.0,0.0,0.0,0.0,0.8944281524926686,0.10557184750733138,0.0,0.0,0.0
TAMIL NADU,SALEM,TAMIL NADU|SALEM,22,2.5467168490091177,0.8952257249240599,29.5,29.5,12.969189665856815,9.841827140282017,0.4565299790125347,218587.54545454544,Jowar,0.13826621578290038,0.3871249006534931,0.9591312282900647,0.9866378799867602,0.8003663003663003,0.9154,High,0.4271947624064084,0.0006693802316775097,0.06109243519239015,0.0018561317017562757,0.007005098435700611,0.19985980237583195,0.14851715331032334,0.03249540541900624,0.042608890217898966,0.07870094070900654
TAMIL NADU,SIVAGANGA,TAMIL NADU|SIVAGANGA,22,1.0594806781525,0.4278734115923555,22.681818181818183,22.681818181818183,2.9517278423449356,1.77910546831965,0.1331316333894418,102664.13636363637,Rice,0.7438908249362107,0.8397878164942967,0.39901609186799697,0.47156387932439575,0.6088911088911089,0.4932,Low,0.7510771000406887,7.083999856549003e-06,0.006746624363380856,0.002476743449845945,0.0419089431513439,0.10094566970585019,0.015732678181413266,0.03580076427503452,0.044780619593192454,0.0005237732393935919
TAMIL NADU,TENKASI,TAMIL NADU|TENKASI,1,0.06783077857822764,0.02403204930648295,4.0,4.0,1.0701841950640247,1.0246238099206084,0.2675460487660062,11761.0,Coconut,0.9878411699685401,0.9998299464331264,0.025546074350165798,0.02648597947908275,0.08424908424908424,0.0454,Very Low,0.011733696114275997,0.0,0.0,0.0,0.0,0.9880962503188504,0.00017005356687356519,0.0,0.0,0.0
TAMIL NADU,THANJAVUR,TAMIL NADU|THANJAVUR,22,1.210586403951973,0.5173929636731357,22.045454545454547,22.045454545454547,3.400369497791958,2.110217829543554,0.15877815511469429,251025.18181818182,Rice,0.6731302219951132,0.8472045723772009,0.4559247428804172,0.5702243384950006,0.591020091020091,0.5391,Moderate,0.676746121450329,0.0,0.0051907142963201446,0.002121844349552761,0.0189961021657733,0.14893706788561958,0.10564007160455108,0.00036034052360556365,0.04105727168987392,0.0009504660343746752
TAMIL NADU,THE NILGIRIS,TAMIL NADU|THE NILGIRIS,22,1.6877055669910064,0.7124985510853531,15.272727272727273,15.272727272727273,6.148800007027458,4.989754124787316,0.39623579741553905,5635.454545454545,Potato,0.22821422810130668,0.5883448943377965,0.6356148757133654,0.7852523004699438,0.40082140082140083,0.6072,Moderate,0.18355379899983867,0.0006452653653815131,0.0007178577189869334,0.0019357960961445394,0.09597515728343281,0.009170834005484756,0.00025004032908533633,0.44587030166155833,0.003669946765607356,0.25821100177447975
TAMIL NADU,THENI,TAMIL NADU|THENI,22,2.383930017353908,0.8721931543970044,27.045454545454547,27.045454545454547,11.11732686195458,8.269058675988749,0.41784762469238695,85608.22727272728,Rice,0.16908103033852415,0.4457998673661887,0.897823300062528,0.961253436797991,0.7314352314352315,0.8635,High,0.4458402203271669,0.00012371368299881968,0.036753583050906855,0.007175924573944411,0.08593853288315004,0.21933745747673997,0.09102619172647489,0.017688932828779733,0.08644188297535124,0.009673560474487105
TAMIL NADU,THIRUVALLUR,TAMIL NADU|THIRUVALLUR,22,1.098241948937161,0.4675044841554079,21.136363636363637,21.136363636363637,3.0394376314650717,1.9166132336744968,0.15030716073577846,130887.45454545454,Rice,0.7052870543881559,0.8822020583957627,0.41361415967920295,0.5152417097604329,0.5654900654900655,0.4981,Low,0.7174814309587279,6.2510331568689825e-06,2.3962293767997767e-05,0.003917314111637896,0.009217842949042966,0.13318937435492811,0.0822274792639339,0.003942318244265372,0.04932690264085314,0.0006671241496858509
TAMIL NADU,THIRUVARUR,TAMIL NADU|THIRUVARUR,22,1.0376450621761484,0.514329369909998,15.090909090909092,15.090909090909092,2.838199563347866,2.0939791528231173,0.2051325678720274,261016.13636363635,Rice,0.650114630669821,0.9517037870351102,0.3907924759681702,0.5668479189267859,0.3957153957153957,0.4511,Low,0.6508136470141606,1.2190120603828917e-06,0.010695611817799492,0.00037859031703891524,0.001306084350410241,0.029173744918243472,0.3016751837878362,6.408520546012917e-05,0.00549582880194624,0.0003960047750443851
TAMIL NADU,TIRUCHIRAPPALLI,TAMIL NADU|TIRUCHIRAPPALLI,22,2.123345633569898,0.8007568577876115,26.681818181818183,26.681818181818183,8.599658461618482,5.360322862978055,0.3251513638535451,167137.31818181818,Rice,0.3525633930293028,0.6211677877281636,0.7996833673922698,0.882522727571806,0.7212232212232212,0.8011,High,0.6018143491701571,0.0,0.058788894597012094,0.001697297894137673,0.04646234003014941,0.1322635905533311,0.06912443524255096,0.014887051229786286,0.028495349904175148,0.04646669137870031
TAMIL NADU,TIRUNELVELI,TAMIL NADU|TIRUNELVELI,22,1.8094361115090811,0.7024395152024869,27.772727272727273,27.772727272727273,6.288999755274674,3.557856869736784,0.23010302163202292,153681.68181818182,Rice,0.5000882875672471,0.6954992861573079,0.6814603990307562,0.7741661290587908,0.7518592518592518,0.7358,Moderate,0.5787647844703796,6.566110528935695e-05,0.034241083325421466,0.0017483008710152657,0.060641284212911165,0.10708350229237115,0.16938908848484632,0.012428582456594903,0.024868108430738035,0.010769604350432727
TAMIL NADU,TIRUPATHUR,TAMIL NADU|TIRUPATHUR,1,0.6409008956899696,0.32181204509358197,7.0,7.0,1.8981901805906998,1.4745174885006447,0.2711700257986714,13994.0,Coconut,0.8111333428612263,0.9854223238530799,0.2413727554888935,0.35467250893875873,0.16849816849816848,0.2548,Low,0.13698728026296986,0.0,0.0,0.0,0.0,0.8202086608546519,0.04280405888237816,0.0,0.0,0.0
TAMIL NADU,TIRUPPUR,TAMIL NADU|TIRUPPUR,12,2.0458170917754477,0.8006453266325945,25.666666666666668,25.666666666666668,7.807682740263673,5.104174668502157,0.3244750823690093,141895.25,Coconut,0.3282192321448392,0.6716527391391419,0.7704849719963384,0.8823998078887866,0.6927146927146928,0.7819,High,0.40555386220938805,0.0011064500044927507,0.004994881787797689,0.0,0.013738420889118322,0.3913837848694724,0.11494923191579703,0.014007398650295435,0.0339722436092822,0.02029372606435616
TAMIL NADU,TIRUVANNAMALAI,TAMIL NADU|TIRUVANNAMALAI,22,1.6517567921689627,0.7110316324891194,26.045454545454547,26.045454545454547,5.304278261798753,3.5518136889979557,0.21363318260560893,262623.54545454547,Rice,0.4111007148497036,0.8122357304389033,0.6220760354751956,0.7836355937404494,0.7033522033522034,0.703,Moderate,0.4746131604207751,0.0001857134598815657,0.005258304403226326,0.004630374829647276,0.00788910085262036,0.31756638174448804,0.08370640450087734,0.0038077317030703124,0.09550812275711622,0.006834705328297435
TAMIL NADU,TUTICORIN,TAMIL NADU|TUTICORIN,22,2.2750435900438077,0.8650698673161433,25.045454545454547,25.045454545454547,10.013715105044064,7.920689418925483,0.40409712095002737,157242.9090909091,Urad,0.18994150336017465,0.46142592352769773,0.8568150612350794,0.9534027856512156,0.6752691752691753,0.8285,High,0.3565852369697839,2.8907214778293223e-07,0.0431260955834401,3.786845135956413e-05,0.058104657992960516,0.06034438899398267,0.3562608980199714,0.11383921344624877,0.001216415597870579,0.010484935872234737
TAMIL NADU,VELLORE,TAMIL NADU|VELLORE,22,2.1910241055430304,0.8368129619680215,26.863636363636363,26.863636363636363,9.072297061833046,6.280010412698462,0.3520509035657877,182947.0,Groundnut,0.2584834554667348,0.5870540250852582,0.8251720808225207,0.9222605469828369,0.7263292263292263,0.8246,High,0.3602133653214021,3.080872403681742e-05,0.03061939945846214,0.007584909091902921,0.02022070972368053,0.34840741257900326,0.1418229919544508,0.006746613649159195,0.0831626844734466,0.001191105024455667
TAMIL NADU,VILLUPURAM,TAMIL NADU|VILLUPURAM,22,1.8873863800176223,0.7699464702094009,25.90909090909091,25.90909090909091,6.750154536625924,4.546243830819487,0.26580703222401286,378744.04545454547,Rice,0.37475608677436156,0.6698872793559671,0.7108176229440574,0.8485662687308642,0.6995226995226995,0.753,High,0.48135890285223804,1.2001388800712018e-06,0.020316911072949362,0.005146675573297342,0.012150446049616861,0.17855690260476942,0.12524973389920682,0.0057550259716054345,0.14432954181457877,0.027134660022857846
TAMIL NADU,VIRUDHUNAGAR,TAMIL NADU|VIRUDHUNAGAR,22,2.3505040536809845,0.8659331474422884,25.90909090909091,25.90909090909091,10.693735190872337,7.779513880198891,0.4225972619105025,118109.59090909091,Rice,0.22297011519732637,0.4909131003524847,0.8852345878125328,0.9543542159439128,0.6995226995226995,0.8464,High,0.5009815614235007,0.0,0.1367924473841898,0.0011745639931481202,0.006106424272372616,0.14946134387516063,0.12471121774038056,0.0456513615436511,0.0252473530938716,0.009873726673724827
TELANGANA,ADILABAD,TELANGANA|ADILABAD,23,1.8324189038549812,0.7388688996646318,25.956521739130434,25.956521739130434,6.554349606478451,4.32597332005075,0.2608535468059797,514654.6956521739,Cotton(Lint),0.41741055927917226,0.6509916568796065,0.6901160585167471,0.8143153446747765,0.7008547008547008,0.7351,Moderate,0.2830095957965231,8.895791504949963e-05,0.41741596602804515,0.0,0.00011092283234567237,0.12094365001844208,0.159252070911539,0.018325077058843505,0.00017681758423419063,0.0006769418549778163
TELANGANA,BHADRADRI,TELANGANA|BHADRADRI,4,1.3917746987383568,0.6584195683753937,18.75,18.75,4.0555113096773505,2.95311697507383,0.2161380933948565,131275.0,Rice,0.4607941344505808,0.8899371548276519,0.5241629342591968,0.7256512731901245,0.4984737484737485,0.5828,Moderate,0.5464997143401257,0.00603313654541992,0.3444410588459341,0.0,0.01473433631689202,0.014303942106265474,0.02291182631879642,0.04536278804037326,0.00570177109122072,1.1426394972386212e-05
TELANGANA,HANUMAKONDA,TELANGANA|HANUMAKONDA,4,1.227730402903648,0.6646835863270941,16.25,16.25,3.4158576648279197,2.98662821563096,0.21389372181379573,96605.5,Rice,0.40969717045095777,0.9696730517413605,0.4623814264252414,0.7325549146070296,0.42826617826617824,0.5411,Moderate,0.6355435249545833,5.175688754781042e-06,0.3342847974494206,0.0,8.53988644538872e-05,0.0065964153179684385,0.014372887672026956,0.0074167619856012335,0.0,0.0016950380671907914
TELANGANA,HYDERABAD,TELANGANA|HYDERABAD,4,0.09055263928386224,0.05190311418685123,1.25,1.25,1.1091253439335458,1.0655021834061136,0.9295626719667729,488.25,Dry Chillies,0.7680491551459293,1.0,0.034103463121560006,0.05720297922668569,0.007020757020757021,0.0328,Very Low,0.23195084485407066,0.0,0.0,0.0,0.0,0.0,0.0,0.7680491551459293,0.0,0.0
TELANGANA,JAGITIAL,TELANGANA|JAGITIAL,4,1.4069922826181518,0.5956574524830608,18.0,18.0,4.207344316714446,2.6071812604249716,0.23374135092858034,201496.25,Rice,0.6117719312394151,0.8370850574142198,0.529894101398533,0.6564804716330673,0.4774114774114774,0.5546,Moderate,0.7911834587492323,0.0,0.053900506833253724,0.0,0.0001836262461460201,0.051391775281177686,0.030325626407439344,0.06966506820846542,0.0016253404219681508,0.0017245978523173508
TELANGANA,JANGOAN,TELANGANA|JANGOAN,4,1.2618044820753656,0.6384615523677097,20.0,20.0,3.5806911063261624,2.8219867405328767,0.1799083631692214,149685.0,Cotton(Lint),0.4471289708387614,0.9196045027891906,0.47521422855694995,0.7036553295366581,0.5335775335775336,0.5708,Moderate,0.4730851454721582,0.0017536827337408557,0.4471289708387614,0.0,3.3403480642682967e-06,0.017951030497377826,0.05458963824030464,0.004609680328690249,1.6701740321341484e-05,0.0008618098005812205
TELANGANA,JAYASHANKAR,TELANGANA|JAYASHANKAR,4,1.1713220260102435,0.6159856670994092,18.0,18.0,3.2340148172852845,2.6099242226198527,0.1817159692107877,147005.5,Rice,0.45876514824275283,0.9342388550088262,0.44113719747349495,0.6788844151465216,0.4774114774114774,0.5325,Moderate,0.49951872548986265,0.0001360493314875974,0.3949342031420593,0.0,0.0006615398743584424,0.004106989194281847,0.015674583604014816,0.08486927359860685,1.7006166435949676e-06,9.693514868491316e-05
TELANGANA,JOGULAMBA,TELANGANA|JOGULAMBA,4,2.0252715138716795,0.8116830444877275,21.0,21.0,7.697406510328232,5.658004715087106,0.369704573306421,173684.0,Cotton(Lint),0.3360154072914028,0.6125621818935538,0.7627472035127955,0.8945645952058673,0.5616605616605617,0.7397,Moderate,0.2394967296930057,0.013700168121415906,0.3360154072914028,0.0,0.00010363648925635061,0.13895062297045208,0.18670113539531563,0.058810828861610744,0.007494933327191912,0.01872653785034891
TELANGANA,KAMAREDDY,TELANGANA|KAMAREDDY,4,1.810441327976036,0.7639838676391859,23.75,23.75,6.141430090668614,4.31638645326666,0.2628116795693303,251228.5,Rice,0.40917929295442196,0.7372780158302104,0.6818389784181832,0.8419948204410158,0.6388888888888888,0.7209,Moderate,0.5952559124462392,0.00025574327753419697,0.0628222912607447,0.0,8.259413243322314e-05,0.16637344091136158,0.15290661688462892,0.0015304792250879179,0.01908023970210386,0.0016926821598664164
TELANGANA,KARIMNAGAR,TELANGANA|KARIMNAGAR,7,1.222831631106517,0.6080697158090633,21.571428571428573,21.571428571428573,3.5058199718152045,2.678219932655964,0.1625329971255288,399521.85714285716,Rice,0.47773463493683344,0.9175274873214517,0.4605364765193564,0.6701601602667283,0.5777080062794349,0.5695,Moderate,0.6236672908651878,0.00013766455831309784,0.29599489103582033,0.0,4.970226910524831e-05,0.03225212423564883,0.02763732218476872,0.01787458079354142,0.0017195554829290585,0.0006668685746855259
TELANGANA,KHAMMAM,TELANGANA|KHAMMAM,7,1.491773457946881,0.6960133900142965,22.285714285714285,22.285714285714285,4.472352980383965,3.318351823196573,0.2010843727840254,337977.14285714284,Rice,0.39049682142494846,0.8367197274540967,0.5618239458414117,0.7670838275166367,0.5977673120530262,0.6422,Moderate,0.47166630034152773,0.0027465931762080276,0.36606490717884554,0.0,0.005571805363000034,0.017100902850573158,0.04614470970141683,0.07686149528285936,0.013821306597233964,2.1979508335305853e-05
TELANGANA,KOMARAM BHEEM ASIFABAD,TELANGANA|KOMARAM BHEEM ASIFABAD,4,1.2057352833545074,0.5329858760398133,21.5,21.5,3.436902470007658,2.263340369094726,0.16323017899038217,141727.5,Cotton(Lint),0.65468063713817,0.871790936833007,0.4540977391210316,0.5874094545746164,0.5757020757020757,0.5391,Moderate,0.16499444356247023,0.0,0.65468063713817,0.0,0.00011465664743962887,0.04601788643700058,0.1324372475348821,0.0006967596267485139,3.5278968442962728e-06,0.0010548411564445855
TELANGANA,MAHABUBABAD,TELANGANA|MAHABUBABAD,4,1.7405901369311003,0.7655568905418583,18.5,18.5,5.778535164869677,4.43524889835267,0.3123168458159918,162980.0,Rice,0.37949134863173395,0.7418103448275861,0.655531986853526,0.8437284658654643,0.49145299145299143,0.6636,Moderate,0.5191081727819364,0.0007148116333292429,0.23008804761320406,0.0,2.7610749785249724e-05,0.039705792121732725,0.0924668671002577,0.11686249846606946,0.00017486808197324826,0.0008513314517118665
TELANGANA,MAHABUBNAGAR,TELANGANA|MAHABUBNAGAR,23,2.171420720165784,0.8566297109055362,24.652173913043477,24.652173913043477,8.902258332161184,7.191538350426539,0.36732589090211376,741742.9130434783,Rice,0.16190732204355113,0.42499085731508873,0.8177891559783875,0.9441007986820359,0.6642246642246642,0.8087,High,0.4081027840010429,0.003279701914767492,0.13522351908287455,0.0,4.1617607225566905e-06,0.2716219442491706,0.16627406413578077,0.011040799498853669,0.0008314142829400577,0.003621611073847396
TELANGANA,MANCHERIAL,TELANGANA|MANCHERIAL,4,0.9720236330858135,0.5516433731506869,18.75,18.75,2.67407339917974,2.2478745916129483,0.1434345779514652,129856.0,Rice,0.4882273441350419,0.9683457060128142,0.3660784753088307,0.6079720823933076,0.4984737484737485,0.4908,Low,0.5008451669541646,0.0,0.4583827470428783,0.0,2.6952932479053722e-05,0.0037464576145884673,0.030327824667323804,0.005862262814194184,0.0,0.0008085879743716116
TELANGANA,MEDAK,TELANGANA|MEDAK,7,1.6328633121434777,0.6969741877916954,28.142857142857142,28.142857142857142,5.530075352541509,3.8358752363958315,0.1905562528203977,299826.14285714284,Rice,0.30685640201964665,0.7546297068348657,0.6149604714852028,0.7681427330594475,0.7622536193964765,0.7151,Moderate,0.5650393585234872,3.907026119422542e-05,0.21626818970803557,0.0,0.0010134444580502128,0.04906605399414804,0.1212259676202828,0.005695681735558178,0.03120141529638843,0.01045081840285537
TELANGANA,MEDCHAL MALKAJGIRI,TELANGANA|MEDCHAL MALKAJGIRI,4,0.6268171261638866,0.2952286136700156,12.75,12.75,1.874246556593805,1.4221512520608472,0.15143457895511464,9495.75,Rice,0.8312929468446411,0.9685648842903405,0.23606859960294888,0.3253746238441969,0.32997557997557997,0.2971,Low,0.9620619750941211,0.0,0.013506042176763289,0.0,0.00044756864913250667,0.0013427059473975198,0.021746570834320616,0.00021062054076823842,5.2655135192059604e-05,0.0006318616223047153
TELANGANA,MULUGU,TELANGANA|MULUGU,2,1.0890472107577391,0.5169852726020437,16.5,16.5,2.97146581455495,2.070882192602687,0.18023229298499033,77516.5,Rice,0.6688769487786471,0.9192107486793134,0.4101512853014464,0.5697750177897608,0.4352869352869353,0.4717,Low,0.7213625486186812,1.9350718879206362e-05,0.152690072436191,0.0,0.0019673230860526468,0.005198893138880109,0.018692794437313347,0.09964975198828636,0.0,0.00041926557571613784
TELANGANA,NAGARKURNOOL,TELANGANA|NAGARKURNOOL,4,1.4989001345911237,0.7143951739478995,21.0,21.0,4.481700910847387,3.5042037008103364,0.21359422837357908,284766.75,Cotton(Lint),0.3999852510870739,0.8115887827493905,0.5645079576608167,0.7873425888834006,0.5616605616605617,0.6378,Moderate,0.3847438298186147,0.0,0.3999852510870739,0.0,1.5802406706541406e-05,0.17585796094522974,0.03604177805168616,0.0029427592933514886,0.00013607627997299545,0.0002765421173644746
TELANGANA,NALGONDA,TELANGANA|NALGONDA,7,1.020181487181839,0.5619703040521673,20.857142857142858,20.857142857142858,2.8048961099799388,2.296212079988595,0.13465532592539156,561209.1428571428,Cotton(Lint),0.48990037836671024,0.9450701342814902,0.38421543535953534,0.6193535037798196,0.5576487005058434,0.5204,Moderate,0.4353431773843416,5.218324515637664e-05,0.48990037836671024,0.0,2.2146060139535453e-05,0.01959799046141189,0.047387223097882535,0.006645599908768414,0.0010482468466046781,3.0546289847635105e-06
TELANGANA,NARAYANAPET,TELANGANA|NARAYANAPET,2,1.5303353989929356,0.7326103206777292,21.0,21.0,4.638253211728112,3.74547438209562,0.22231243751022148,179727.5,Arhar/Tur,0.3330681170104742,0.8789639871472089,0.5763469431252055,0.8074176975993521,0.5616605616605617,0.6485,Moderate,0.2879525949006134,0.0,0.29407297158197826,0.0,3.060188340682422e-05,0.06406086992808557,0.3515794744822022,0.00017248334283846378,0.001146179633055598,0.0009848242478196158
TELANGANA,NIRMAL,TELANGANA|NIRMAL,4,2.0028371581141355,0.8240128453285468,23.25,23.25,7.417153365271945,5.68366486574403,0.31961624693608465,220517.75,Cotton(Lint),0.2523186908990319,0.6530642091169532,0.7542980933567129,0.9081534010495296,0.6248473748473748,0.7624,High,0.3768483489424321,3.854564995334843e-05,0.2523186908990319,0.0,0.00012924129690240356,0.2030278741733942,0.12410678958950017,0.04184583780670717,6.802173521179134e-06,0.0016778694685575198
TELANGANA,NIZAMABAD,TELANGANA|NIZAMABAD,7,1.5560599660083259,0.6489098532979909,25.0,25.0,4.956183859272154,3.1872776819871786,0.19584694718711912,383989.71428571426,Rice,0.4946788009202627,0.7824971502212856,0.5860351954993559,0.7151705141345882,0.6739926739926739,0.6584,Moderate,0.6294513841144554,0.0019375518987115726,0.019729323106868934,0.0,0.00015774232047882235,0.19677684818938604,0.10264932691649478,0.03795637383144192,0.007537404275709766,0.003804045346452732
TELANGANA,PEDDAPALLI,TELANGANA|PEDDAPALLI,4,0.8297227248696333,0.44363265952193504,15.75,15.75,2.3215101068663677,1.8254507628247663,0.1492910458488425,154070.0,Rice,0.7125786979944181,0.979467125332641,0.31248584881119684,0.4889323156131821,0.4142246642246642,0.4052,Low,0.7628853767767898,0.0,0.22089310053871616,0.0,0.00015901862789641073,0.0014522619588498735,0.008888816771597327,0.005675991432465762,0.0,4.5433893684688776e-05
TELANGANA,RAJANNA,TELANGANA|RAJANNA,4,0.9313183564144714,0.5382355859465423,18.25,18.25,2.5561911071651124,2.1817466926950724,0.14458826484026038,114005.5,Rice,0.5185298077724321,0.9731942757147682,0.35074826613113524,0.593195216208488,0.48443223443223443,0.4761,Low,0.5460679528619233,0.0,0.42726008832907186,0.0,0.0,0.00395375661700532,0.021080123327383328,0.0010547736731999773,0.0001644657494594559,0.0004188394419567477
TELANGANA,RANGAREDDI,TELANGANA|RANGAREDDI,7,1.6910745610183437,0.7432617668475047,27.571428571428573,27.571428571428573,5.691303497020381,4.220728965650564,0.2040525656567218,190940.14285714287,Cotton(Lint),0.3522659681680347,0.7682093341144307,0.6368836886875283,0.8191567707461072,0.7462061747776034,0.7341,Moderate,0.4629274245257115,0.0,0.3522659681680347,0.0,0.00018405169608127003,0.029287413183338683,0.13703621404164806,0.008500794190550366,0.002221339372623133,0.007576794822012283
TELANGANA,SANGAREDDY,TELANGANA|SANGAREDDY,4,2.0478618663706425,0.7935309922570926,27.5,27.5,7.859182599716331,5.173657516567572,0.28708113821641973,263143.0,Cotton(Lint),0.39455163162234985,0.5975429709321548,0.7712550643487052,0.8745590236146779,0.7442002442002442,0.7967,High,0.21356828796509883,3.800215092174217e-06,0.39455163162234985,0.0,0.0013205747445305404,0.0931879244365231,0.21979779055494542,0.011240086188878291,0.05543848781841052,0.010891416454171306
TELANGANA,SIDDIPET,TELANGANA|SIDDIPET,4,1.3603561190990878,0.6941832001523001,23.75,23.75,3.9046320148319147,3.2753212881804075,0.16430226250580354,253209.0,Rice,0.3258158280313891,0.9354475946747549,0.5123302325231297,0.7650667556261181,0.6388888888888888,0.6388,Moderate,0.6444379939101691,0.0,0.2913215959938233,0.0,1.6784553471638055e-05,0.01362510811227089,0.04657516123044599,0.0010445916219407683,0.0002922486957414626,0.002686515882136891
TELANGANA,SURYAPET,TELANGANA|SURYAPET,4,1.0673494086300395,0.5050072848830166,17.75,17.75,2.9694486968512246,2.0758626174241823,0.16978487791392158,275399.5,Rice,0.6824967002481849,0.9127531095735467,0.401979572135127,0.5565739489636713,0.4703907203907204,0.4763,Low,0.684256870473621,1.0893265964535157e-05,0.1785460757917135,0.0,2.2694304092781578e-05,0.021757483219831553,0.09231135132779834,0.019719534712299768,0.003283411916143639,9.168498853483758e-05
TELANGANA,VIKARABAD,TELANGANA|VIKARABAD,4,1.9207309245826374,0.7946164033464984,24.75,24.75,6.843662118751251,4.894589264657715,0.27750740222904935,196898.25,Arhar/Tur,0.2911008604698112,0.7216582676585496,0.7233756715539211,0.8757552668261387,0.6669719169719169,0.7554,High,0.28863765929864793,0.0,0.27304077105814806,0.0,0.0005789792443559046,0.031059189200513464,0.3765701320352009,0.011060281135053257,0.01005087653140645,0.009002111496674044
TELANGANA,WANAPARTHY,TELANGANA|WANAPARTHY,4,1.6849251840305337,0.7094837417800309,18.75,18.75,5.495965391341998,3.712376689219755,0.3004267807024188,137004.0,Rice,0.4785699687600362,0.7512663863828793,0.6345677423718507,0.7819296467762961,0.4984737484737485,0.6383,Moderate,0.6061228139324399,5.656769145426411e-05,0.0214938979883799,0.0,7.2990569618405305e-06,0.20702680213716387,0.1456289597384018,0.003178739306881551,0.011654769203818867,0.004830150944497971
TELANGANA,WARANGAL,TELANGANA|WARANGAL,7,1.5517086210259576,0.7277227992057043,22.142857142857142,22.142857142857142,4.730598017399593,3.676854719549373,0.21543009660860385,383690.71428571426,Cotton(Lint),0.368984691911454,0.8507142099198202,0.5843964146277106,0.8020311077267727,0.5937554508983081,0.6601,Moderate,0.48411425124774976,0.00037046207231643046,0.368984691911454,0.0,0.0007081596598450761,0.040180055736856506,0.04689863673680624,0.058101484268393254,3.3509132169325367e-06,0.0006389074533618037
TELANGANA,YADADRI,TELANGANA|YADADRI,4,1.0151814298698156,0.5610668559644147,20.25,20.25,2.7781271942247328,2.2931273575460356,0.13784988874987017,177519.5,Rice,0.5576556378313369,0.9695878480955614,0.382332339830848,0.618357803945508,0.5405982905982906,0.5138,Moderate,0.5796208303876476,6.90065035108819e-05,0.35479200876523426,0.0,1.8307847870233976e-05,0.0026419632772737645,0.0624100450936376,0.0003591154774545895,6.90065035108819e-05,1.9716143860251974e-05
THE DADRA AND NAGAR HAVELI AND DAMAN AND DIU,DADRA AND NAGAR HAVELI,THE DADRA AND NAGAR HAVELI AND DAMAN AND DIU|DADRA AND NAGAR HAVELI,22,1.323980715149382,0.5539061442736632,13.818181818181818,13.818181818181818,4.00383229319728,2.468971858091499,0.29729122229744154,22586.863636363636,Rice,0.6204893834107114,0.7861367528591638,0.4986307174461383,0.6104659067344903,0.35997335997335994,0.4897,Low,0.7256953458466405,0.0,0.001611958680729547,0.0,0.0013905910716405956,0.009667727218757484,0.22933684301615379,1.0062164049497798e-05,0.032287472002028535,0.0
THE DADRA AND NAGAR HAVELI AND DAMAN AND DIU,DAMAN,THE DADRA AND NAGAR HAVELI AND DAMAN AND DIU|DAMAN,7,0.0,0.0,1.0,1.0,1.0,1.0,1.0,1760.2142857142858,Rice,1.0,1.0,0.0,0.0,0.0,0.0,Very Low,1.0,0.0,0.0,0.0,0.0,0.0,0.0,0.0,0.0,0.0
THE DADRA AND NAGAR HAVELI AND DAMAN AND DIU,DIU,THE DADRA AND NAGAR HAVELI AND DAMAN AND DIU|DIU,7,0.0,0.0,1.0,1.0,1.0,1.0,1.0,457.4714285714286,Bajra,1.0,1.0,0.0,0.0,0.0,0.0,Very Low,1.0,0.0,0.0,0.0,0.0,0.0,0.0,0.0,0.0,0.0
TRIPURA,DHALAI,TRIPURA|DHALAI,22,0.7876262516234532,0.2834845733720093,16.09090909090909,16.09090909090909,2.2662656492264945,1.4205460420436125,0.16005156757812045,37340.681818181816,Rice,0.8354670448389827,0.8904655536552263,0.29663169442925286,0.3124313909817957,0.42379842379842375,0.3443,Low,0.882668792871533,0.0,0.018711008588001145,0.0,0.0,0.035743370318748136,0.054187791769882955,0.0,0.005476600587952452,0.003212435863882312
TRIPURA,GOMATI,TRIPURA|GOMATI,8,0.7136346828490054,0.24861164175625206,20.625,20.625,2.113062973985379,1.356382716612317,0.1008315848716633,43173.0,Rice,0.8558560906121881,0.9118748986635166,0.2687653753803342,0.27399755875337906,0.5511294261294262,0.3646,Low,0.8954120630949899,0.0,0.008164825237995969,0.0,0.0,0.04010029416533482,0.054658003844995716,0.0,0.0016648136566835754,0.0
TRIPURA,KHOWAI,TRIPURA|KHOWAI,8,0.8133427096643376,0.28983784408585234,20.125,20.125,2.3093292886253494,1.430169773237556,0.11402267383583915,29994.5,Rice,0.834161262898198,0.9010651952858024,0.3063168928436821,0.31943339882581717,0.5370879120879121,0.3876,Low,0.8770941339245528,0.0,0.004755038423711014,0.0,0.0,0.04940905832736001,0.06727483371951525,0.0,0.0014669356048608911,0.0
TRIPURA,NORTH TRIPURA,TRIPURA|NORTH TRIPURA,22,0.6339725593617074,0.22002868068103346,16.272727272727273,16.272727272727273,1.9679459146595433,1.3115072472534552,0.1356215203617834,43078.13636363636,Rice,0.8835941877286411,0.9196734475092301,0.23876344156570717,0.24249597056857794,0.4289044289044289,0.3034,Low,0.9105388833609962,0.0,0.009811980133351763,0.0,0.0,0.02584943427323922,0.04484557131385991,0.0,0.004182674400323302,0.004771456518229559
TRIPURA,SEPAHIJALA,TRIPURA|SEPAHIJALA,8,0.38398636551618665,0.12372907327750719,20.0,20.0,1.481697189566793,1.1446341719975892,0.07417896026764637,53300.0,Rice,0.9343034709193245,0.9589235459662289,0.14461494396107452,0.13636313965575736,0.5335775335775336,0.2715,Low,0.9497467166979362,0.0,0.0007786116322701689,0.0,0.0,0.020663696060037522,0.027938555347091932,0.0,0.0008724202626641651,0.0
TRIPURA,SOUTH TRIPURA,TRIPURA|SOUTH TRIPURA,22,0.4922089004639597,0.16418559777111935,16.09090909090909,16.09090909090909,1.657972393513264,1.202264807642506,0.12049138616619755,72477.77272727272,Rice,0.9190134153982004,0.9423817082478577,0.18537315110668184,0.18095070952412315,0.42379842379842375,0.2634,Low,0.9366733750974436,0.0,0.006470322249266389,0.0,0.0,0.016263293260441604,0.027869986472341676,0.0,0.0048572885354820385,0.007865734385024624
TRIPURA,UNAKOTI,TRIPURA|UNAKOTI,8,0.791487531627879,0.27153986618989867,20.625,20.625,2.2144996558989667,1.3759700868256488,0.10835910955291705,24118.625,Rice,0.8492140410160198,0.8949566984021685,0.298085909582719,0.29926700099264525,0.5511294261294262,0.3828,Low,0.8751483552648628,0.0,0.007317995947115559,0.0,0.0,0.038885923223235155,0.07598899190977927,0.0,0.002658733655007282,0.0
TRIPURA,WEST TRIPURA,TRIPURA|WEST TRIPURA,22,0.4598595268422413,0.15812854995870576,15.818181818181818,15.818181818181818,1.6629571390722895,1.2160678675604482,0.11888389487156013,77732.45454545454,Rice,0.9350499440388184,0.9573952379782867,0.17318989859147382,0.17427517211915736,0.41613941613941613,0.2545,Low,0.954653900266298,0.0,0.0036079466047292752,0.0,0.0,0.01334238536144374,0.022283894523990797,0.0,0.0013127779785441205,0.00479909526499403
UTTAR PRADESH,AGRA,UTTAR PRADESH|AGRA,23,1.5644769540306556,0.7436321424714557,23.17391304347826,23.17391304347826,4.789346361361647,3.9118356186256023,0.2081260383909755,381012.04347826086,Wheat,0.34668720388503066,0.8083099507182073,0.5892051576659395,0.8195649656965425,0.6227106227106227,0.6772,Moderate,0.6673802505615194,0.0,0.0012762349061886324,0.0003063922320383117,2.2822512628552083e-06,0.17836740753487537,0.03210933535479935,0.0005914454147689272,0.0007468667257693669,0.1192197850187778
UTTAR PRADESH,ALIGARH,UTTAR PRADESH|ALIGARH,23,1.6934527842072327,0.721799324417792,24.0,24.0,5.46475786207746,3.622806627815736,0.232966379003039,464449.17391304346,Wheat,0.46580114396380345,0.7672823468960099,0.6377793627115936,0.7955027825857626,0.645909645909646,0.6931,Moderate,0.8496437715700814,7.114552057973114e-06,0.0023556656314057296,0.00019995635783987597,9.174027653702174e-06,0.04905455560214339,0.0441164011862205,0.00037295230788111694,0.01901158089933742,0.03522882786537882
UTTAR PRADESH,ALLAHABAD,UTTAR PRADESH|ALLAHABAD,23,1.542979822521536,0.6835300670526834,23.869565217391305,23.869565217391305,4.710068194403546,3.1786635383394652,0.20051267106315496,487382.5652173913,Wheat,0.43862784693998524,0.8342844505954121,0.5811090200222603,0.753325823295879,0.6422466422466422,0.6589,Moderate,0.8603910739166688,1.8733609764100142e-06,8.242788296204062e-05,4.2819679460800325e-05,3.9965034163413636e-05,0.008345377111578896,0.10190334367279913,0.00024086069696700182,0.0018360721722129004,0.027116186472210608
UTTAR PRADESH,AMBEDKAR NAGAR,UTTAR PRADESH|AMBEDKAR NAGAR,23,1.2379654905965574,0.6128965655879046,22.434782608695652,22.434782608695652,3.455447046489695,2.5862476293306575,0.1551661998435243,265175.7826086957,Wheat,0.4402872712981364,0.9161768493844034,0.46623611181532554,0.6754798832150546,0.6019536019536019,0.5812,Moderate,0.8862505150398186,0.0007517572838886363,5.9025653696817684e-06,3.328391027903886e-05,6.148505593418508e-05,0.013629843239340992,0.04230909668943144,0.0005094241834333682,0.03961900252219897,0.01682968951030514
UTTAR PRADESH,AMETHI,UTTAR PRADESH|AMETHI,10,1.3538092058431261,0.6296690415198862,24.8,24.8,3.8745986506644123,2.7013160083526984,0.16084029990628396,268669.0,Wheat,0.43277676248469304,0.886651976967942,0.5098645681697713,0.6939650089603665,0.6683760683760683,0.6241,Moderate,0.8798558821449441,0.0,0.0,1.8238055004485074e-05,3.7220520417316476e-07,0.015028529528899872,0.08108862578116567,0.0002910644696634148,0.005427868492457261,0.01828941932266097
UTTAR PRADESH,AMROHA,UTTAR PRADESH|AMROHA,23,1.3333744347564938,0.6633434600676378,17.82608695652174,17.82608695652174,3.7970909119354705,2.973372992692343,0.21508552225615815,210987.5652173913,Wheat,0.4409851889066613,0.918205358898134,0.5021685311722646,0.7310779470727725,0.4725274725274725,0.5686,Moderate,0.6013074333249394,1.0921723390251312e-05,1.8546322738162603e-06,2.0607025264625114e-06,4.121405052925023e-06,0.01253463525771352,0.015092997444316726,0.000266654906924249,0.35276754410006445,0.018011776502798227
UTTAR PRADESH,AURAIYA,UTTAR PRADESH|AURAIYA,23,1.7768587610640802,0.7453017039177204,23.08695652173913,23.08695652173913,5.924469064308586,3.944519011362416,0.261918831697135,223667.86956521738,Wheat,0.42957599593030116,0.7669733908642881,0.6691912870723903,0.8214050072860422,0.6202686202686202,0.7036,Moderate,0.833707043498697,7.775504090789896e-07,7.775504090789895e-06,0.00012440806545263832,1.3023969352073076e-05,0.06933961283043706,0.06642632583522035,0.006236537443620306,0.004319292522433787,0.019825202780287
UTTAR PRADESH,AZAMGARH,UTTAR PRADESH|AZAMGARH,23,1.2075630999766986,0.6091087327808957,25.956521739130434,25.956521739130434,3.351689121147064,2.5617380792522613,0.13123356169089048,492614.47826086957,Wheat,0.45965903489394166,0.9230328540715277,0.4547861218922114,0.6713052720232587,0.7008547008547008,0.609,Moderate,0.901847754126099,0.00019629072315391179,9.982230570461971e-05,3.9628837543213305e-05,3.7069291243094853e-06,0.0035951034290594825,0.03880369277218546,0.00014042200563753313,0.04345430013928345,0.011819278732209056
UTTAR PRADESH,BAGHPAT,UTTAR PRADESH|BAGHPAT,23,1.0124316811543643,0.5612859571454792,18.47826086956522,18.47826086956522,2.7569000353545388,2.2819845804466143,0.15074004167931307,135227.8260869565,Sugarcane,0.5172497942280981,0.962713488348166,0.3812967437990528,0.6185992777087943,0.4908424908424909,0.4969,Low,0.4557551828797778,8.681002109161994e-06,0.0005314702402386954,0.0,2.700756211739287e-05,0.012003253768197953,0.011305236894902001,0.00012507073409125983,0.5172497942280981,0.0029943026904676166
UTTAR PRADESH,BAHRAICH,UTTAR PRADESH|BAHRAICH,23,1.6183930610818038,0.7463210539041539,26.565217391304348,26.565217391304348,5.073371462089884,3.9837406561441844,0.19382804046513472,467447.52173913043,Rice,0.32802547563348894,0.8123455476471528,0.6095107609373462,0.8225284438468766,0.717948717948718,0.7167,Moderate,0.8149132388076485,3.7204827363555247e-07,1.2742653372017672e-05,7.347953404302162e-05,0.0010240628731818583,0.021614051444789013,0.10534621277645395,0.0010387587799904625,0.050361477452060883,0.00561560363018662
UTTAR PRADESH,BALLIA,UTTAR PRADESH|BALLIA,23,1.5450609742982966,0.6949946550394938,23.043478260869566,23.043478260869566,4.706539132098774,3.2936747242059945,0.20570301410585282,332852.47826086957,Wheat,0.4129365574800274,0.8398219762325835,0.5818928125591805,0.7659610687667214,0.6190476190476191,0.6556,Moderate,0.8644661357355465,4.179942883692959e-06,0.0,5.2249286046161984e-05,0.00016693646891748754,0.0033767407339483336,0.08371419797280608,0.00041172437404375645,0.022302477125589127,0.025505358360218857
UTTAR PRADESH,BALRAMPUR,UTTAR PRADESH|BALRAMPUR,23,1.6569780957213456,0.7530511122517641,21.130434782608695,21.130434782608695,5.265809066195268,4.066837123569645,0.2517085764937834,297254.652173913,Rice,0.35121489304222686,0.792375648635038,0.6240424556099745,0.8299457133861725,0.5653235653235653,0.6731,Moderate,0.6683540404604046,0.00023534205849266702,0.0,5.002298570819896e-05,0.0001499226910845144,0.060618205119691695,0.11599365029866794,0.0002148648128811236,0.14815009294475517,0.006233858628314151
UTTAR PRADESH,BANDA,UTTAR PRADESH|BANDA,23,1.7952081244206084,0.77061101331786,25.217391304347824,25.217391304347824,6.094157431930241,4.457395324105233,0.24228462991098668,389373.17391304346,Wheat,0.360723137734305,0.7340129615235547,0.6761019286780071,0.8492986688233052,0.68009768009768,0.7352,Moderate,0.5781440471268035,1.786595021228657e-06,0.0007447867994746964,4.980133621674881e-05,8.48632635083612e-06,0.03778626137460844,0.3803944422155431,0.00016436674195303644,0.001537476677956086,0.0011685448060723685
UTTAR PRADESH,BARABANKI,UTTAR PRADESH|BARABANKI,23,1.5058186197534538,0.6780135852511286,25.73913043478261,25.73913043478261,4.539046373841421,3.1256295107694836,0.1787861108102944,415387.60869565216,Rice,0.41753689456102555,0.829334989896812,0.5671135614892259,0.7472460494934303,0.6947496947496947,0.6697,Moderate,0.8154942764301336,0.00010613450088262246,1.3606987292643906e-06,2.7841989383409838e-05,0.00024429775646946827,0.038204756898088374,0.07617578762214233,0.0019581501405444785,0.030295119854007492,0.03749227410961894
UTTAR PRADESH,BAREILLY,UTTAR PRADESH|BAREILLY,23,1.4239885914593622,0.6930398239088591,24.434782608695652,24.434782608695652,4.164578323114107,3.264756983555748,0.17168902256069438,489223.39130434784,Wheat,0.403436662436952,0.90718688306169,0.5362951626635928,0.7638066283962494,0.6581196581196581,0.6527,Moderate,0.7583751639021846,3.794834368366261e-05,3.4660079711073573e-06,2.7905807767377185e-05,6.843143942955552e-06,0.035520538407900794,0.028104170069723638,0.00044142722032026267,0.16880098697687498,0.008681550119630599
UTTAR PRADESH,BASTI,UTTAR PRADESH|BASTI,23,1.3595882343135182,0.6678775117906798,22.0,22.0,3.905297221633354,3.015957948052733,0.17904396479194198,283512.04347826086,Wheat,0.40112060265210725,0.9170796670396795,0.5120410357567695,0.7360749741411713,0.5897435897435898,0.6126,Moderate,0.8051782786008477,0.0010741051258155278,0.0,6.962360467165185e-05,8.281221701033481e-05,0.009811867512107835,0.04876780788547132,0.00014001398913043644,0.125090460845387,0.009785030219558191
UTTAR PRADESH,BIJNOR,UTTAR PRADESH|BIJNOR,23,1.1030543273131632,0.6035123710044438,20.17391304347826,20.17391304347826,3.017233071195916,2.526444089033102,0.15029183064938942,395695.60869565216,Sugarcane,0.5321720175993866,0.9757746374875989,0.41542657254503346,0.6651374616431159,0.5384615384615384,0.5397,Moderate,0.44386072342168154,5.274146277787746e-06,2.9667072812556074e-06,4.9225365259352295e-05,0.0,0.010914955599929195,0.010505879629258282,3.010658500237172e-05,0.5321720175993866,0.0024588509459236288
UTTAR PRADESH,BUDAUN,UTTAR PRADESH|BUDAUN,23,1.6766109373301605,0.7237878946292436,25.391304347826086,25.391304347826086,5.3709466365751295,3.6512882846541226,0.213391253689234,599396.6521739131,Wheat,0.45518301265700295,0.7964351543940236,0.6314364741065395,0.7976944071593279,0.684981684981685,0.7047,Moderate,0.8218905344163838,0.0008494048689395851,3.7719088970844088e-06,1.6248222941286682e-05,1.9657448290574514e-05,0.047369662957453665,0.054853637966236046,0.001187063251938199,0.043051915320935406,0.03075810363798437
UTTAR PRADESH,BULANDSHAHR,UTTAR PRADESH|BULANDSHAHR,23,1.659950796691351,0.7229034171134385,23.565217391304348,23.565217391304348,5.266584788389016,3.6138033385684407,0.2279063906730177,412729.26086956525,Wheat,0.4568965253883138,0.7558817639482163,0.625162018758037,0.7967196149959728,0.6336996336996337,0.6852,Moderate,0.8013697367460488,5.688538006755244e-06,0.0005808629364675632,9.817995226473866e-05,5.1618215246482775e-06,0.02148887369370362,0.03467216586765532,0.0009059523492239833,0.12160903879193151,0.019264339303173054
UTTAR PRADESH,CHANDAULI,UTTAR PRADESH|CHANDAULI,23,1.171276706646246,0.5973180839192306,21.869565217391305,21.869565217391305,3.2342504980365683,2.4880377037449395,0.14864476927356082,229745.4347826087,Rice,0.4750142170587673,0.9293677595902459,0.44112012953079327,0.6583106713625947,0.5860805860805861,0.5618,Moderate,0.9205733377869079,0.0,3.3496431305348355e-05,4.485115378173763e-05,0.0,0.006115653525783263,0.06463883939596661,2.535888019726938e-05,0.003913972837611383,0.00465448998844657
UTTAR PRADESH,CHITRAKOOT,UTTAR PRADESH|CHITRAKOOT,23,1.9874687961075992,0.8129479572928986,24.0,24.0,7.342875541403307,5.416833117382639,0.3072612351361952,176952.30434782608,Wheat,0.2933625199421214,0.6517612336215384,0.7485101409450144,0.8959586691848829,0.645909645909646,0.7635,High,0.5542539957340507,0.0,0.00044669369269980145,0.00016241173315432824,3.4398854223307043e-06,0.029030175903455194,0.4117235717902859,0.00014742366095703017,0.0017705581680939324,0.002461729431880809
UTTAR PRADESH,DEORIA,UTTAR PRADESH|DEORIA,23,1.1728883756861757,0.6000465194815388,22.82608695652174,22.82608695652174,3.2466680062360926,2.5095522715778804,0.14395421547902576,309452.73913043475,Wheat,0.474493330652584,0.9268242548240491,0.44172710792592434,0.6613177094803885,0.6129426129426129,0.572,Moderate,0.9149802041837393,0.0,5.620019521137806e-07,9.554033185934271e-06,1.5033552219043633e-05,0.012660358475755166,0.027632652482018398,3.681112786345263e-05,0.03796533937260631,0.006699484770660351
UTTAR PRADESH,ETAH,UTTAR PRADESH|ETAH,23,1.8102749800071742,0.7319313172396068,24.652173913043477,24.652173913043477,6.139819019089145,3.7761021564424397,0.25114352942334334,379527.3043478261,Wheat,0.4612961340468373,0.7291954018774843,0.6817763293130186,0.806669360622385,0.6642246642246642,0.7176,Moderate,0.8379079788954865,0.02405956242135526,0.0001600388950648908,8.981424032274473e-05,1.4319872500437616e-05,0.04295583705497273,0.046732846625688156,0.009375621482466519,0.012708371328728367,0.025995609183414425
UTTAR PRADESH,ETAWAH,UTTAR PRADESH|ETAWAH,23,1.7974859868822737,0.7616786290545329,22.304347826086957,22.304347826086957,6.056843410877435,4.220884473388443,0.2767317994809012,228303.1739130435,Wheat,0.4002675313699004,0.7632120751715921,0.6769598053679826,0.8394541922545116,0.5982905982905983,0.7049,Moderate,0.8051003118850545,3.808817908604748e-06,3.6183770131745107e-06,4.475361042610579e-05,5.14190417661641e-06,0.07083658590512654,0.05810923042262834,0.010026903585297429,0.0029710684096071337,0.05289857708276161
UTTAR PRADESH,FAIZABAD,UTTAR PRADESH|FAIZABAD,23,1.4365665826561795,0.6651183653730822,22.73913043478261,22.73913043478261,4.219370683415486,2.991707233293321,0.18833065209896313,238380.60869565216,Wheat,0.4163703131674338,0.8855091802404413,0.5410322201620418,0.7330340892601405,0.6105006105006106,0.6282,Moderate,0.8293642209736202,1.8239009081932183e-06,3.6478018163864366e-07,0.00012420765184795816,0.00036970471409076536,0.014881207509948468,0.05621718574278547,0.0005002960191173997,0.07866685246137252,0.019874136246127404
UTTAR PRADESH,FARRUKHABAD,UTTAR PRADESH|FARRUKHABAD,23,2.001732559629295,0.7903137669301235,24.08695652173913,24.08695652173913,7.414220705420987,4.778772738066876,0.3113853027847272,201466.69565217392,Wheat,0.37305054627650186,0.7146133118560539,0.7538820852316068,0.8710132850510215,0.6483516483516483,0.7577,High,0.6624532180742356,0.030457725885862243,2.9134171275260944e-05,4.4672395955400116e-05,0.0004913963555094013,0.056414330214034726,0.041015517938664585,0.004046412677119576,0.04051527342743455,0.16453231885990866
UTTAR PRADESH,FATEHPUR,UTTAR PRADESH|FATEHPUR,23,1.9087952683040343,0.7599082113014767,26.130434782608695,26.130434782608695,6.765785309058037,4.194440413518242,0.2612960778007326,384958.60869565216,Wheat,0.4159588924749448,0.7401991721752581,0.7188805268850512,0.8375029958467961,0.7057387057387057,0.754,High,0.6972794816563,4.969478367408896e-06,0.00016884932180173407,4.3821763785332994e-05,0.0029705056941186675,0.05919620042719443,0.18975603023611348,0.006470599662436888,0.02004156742768957,0.02406797433219246
UTTAR PRADESH,FIROZABAD,UTTAR PRADESH|FIROZABAD,23,1.7722793854080927,0.7620702372875868,24.47826086956522,24.47826086956522,5.893131167200945,4.217111758506115,0.24244946551663077,264937.52173913043,Wheat,0.3786989647928478,0.7669762337732456,0.667466626476754,0.839885787891331,0.6593406593406593,0.7222,Moderate,0.765458894902703,1.5590222009684645e-05,4.3488514027015066e-05,0.0002279454565415997,4.102690002548591e-06,0.052043935543129693,0.023835808376806805,0.013504086197188738,0.0005322009471306033,0.14433394715046025
UTTAR PRADESH,GAUTAM BUDDHA NAGAR,UTTAR PRADESH|GAUTAM BUDDHA NAGAR,23,1.267321973301757,0.5806682493439925,17.130434782608695,17.130434782608695,3.5960639582902716,2.4168139245710214,0.21084582039335356,96291.30434782608,Wheat,0.5984322933128641,0.8560012642795864,0.4772921973500286,0.6399607099728719,0.452991452991453,0.5234,Moderate,0.9317708944778074,1.8061136948570913e-06,0.00022034587077256513,5.192576872714137e-05,0.0,0.01129453199078882,0.026786020680001806,5.598952454056983e-05,0.02673906172393552,0.0030794238497313404
UTTAR PRADESH,GHAZIABAD,UTTAR PRADESH|GHAZIABAD,23,1.3356804256392116,0.6658823775479348,17.91304347826087,17.91304347826087,3.820633256505002,3.0039683305640104,0.2146756144471682,135494.52173913043,Wheat,0.43451877085356255,0.9096526925202174,0.5030370014415948,0.7338761152782651,0.474969474969475,0.5706,Moderate,0.5942826502852353,9.626572420383433e-07,2.6312631282381382e-05,3.2088574734611443e-07,4.717020485987882e-05,0.01581806291542671,0.016112315145743097,0.0006180259493886164,0.3470883148171561,0.0260058645079185
UTTAR PRADESH,GHAZIPUR,UTTAR PRADESH|GHAZIPUR,23,1.4382140376074504,0.6561122876000711,23.782608695652176,23.782608695652176,4.234407369765878,2.9205677968320662,0.18006682772631108,384404.04347826086,Wheat,0.4400400484408785,0.8547550680652706,0.5416526760606155,0.7231083942833643,0.6398046398046399,0.6349,Moderate,0.8827724632584849,2.4543921347250906e-05,2.8050195825429607e-05,4.026560368489089e-05,3.506274478178701e-06,0.0017505358096377985,0.06840470053418657,0.0008855039641826144,0.021277543906756624,0.02481288653141571
UTTAR PRADESH,GONDA,UTTAR PRADESH|GONDA,23,1.6451734284247461,0.7503788986243835,23.434782608695652,23.434782608695652,5.192390925994714,4.014307749327934,0.22306160196020866,438172.4347826087,Wheat,0.356842541441398,0.7812223220439521,0.6195966433289004,0.8270006380662981,0.63003663003663,0.6922,Moderate,0.7726558116985114,0.003203027277528025,3.5721493801427786e-05,3.0264043359542987e-05,7.045072388614924e-05,0.01813262715909143,0.06116045638574292,0.00018356878759067058,0.1356048432788918,0.008923229151596662
UTTAR PRADESH,GORAKHPUR,UTTAR PRADESH|GORAKHPUR,23,1.1353126865952767,0.581791056586317,23.82608695652174,23.82608695652174,3.1262535384380596,2.398533626918024,0.13278571779504347,371781.8695652174,Wheat,0.5017466412925858,0.9214780335781277,0.427575547713951,0.641198167885841,0.641025641025641,0.5699,Moderate,0.9236426969858319,0.0,3.508368570022885e-07,3.05228065591991e-05,0.007562639289541331,0.01703944447088715,0.0287750542832327,4.210042284027462e-05,0.010141991862222156,0.012765199042028268
UTTAR PRADESH,HAMIRPUR,UTTAR PRADESH|HAMIRPUR,23,1.9768000116245548,0.8068185660266135,25.130434782608695,25.130434782608695,7.33419025655266,5.366212339389635,0.29258409405552666,323553.26086956525,Wheat,0.29249952128034834,0.6342665175077016,0.7444921189298989,0.8892034012829357,0.6776556776556776,0.7705,High,0.37535396699018037,2.9697415585768083e-05,0.001064269373028431,1.4109631839392076e-05,1.4781519069839318e-06,0.10763136235214282,0.5043619590887866,0.00042906718536360857,0.010635437348195479,0.000478652462970615
UTTAR PRADESH,HAPUR,UTTAR PRADESH|HAPUR,8,1.4268814649874673,0.7015943490211096,16.625,16.625,4.166770166020731,3.351963883843418,0.25199561077363186,111195.5,Wheat,0.38411851199014346,0.9085282228147722,0.5373846616164814,0.773234662339041,0.4387973137973138,0.5831,Moderate,0.5841288541352843,0.0,0.0,0.0,0.0,0.021798319176585382,0.022207508397372195,0.00038333385793489844,0.3371539315889582,0.03432805284386509
UTTAR PRADESH,HARDOI,UTTAR PRADESH|HARDOI,23,1.6973291854560242,0.6985451859391405,25.782608695652176,25.782608695652176,5.497693942775014,3.35073218846444,0.21523593403565022,631672.0434782609,Wheat,0.491392375666597,0.7777559585302142,0.6392392727493135,0.7698741469794281,0.695970695970696,0.7017,Moderate,0.805257296077622,9.863401185686821e-05,5.712926018227538e-06,2.9734747468365015e-05,1.638164328118258e-05,0.06255419966483708,0.0614913889341449,0.0007317363433708067,0.050735325850501535,0.01907958980089902
UTTAR PRADESH,HATHRAS,UTTAR PRADESH|HATHRAS,23,1.7065017606699,0.7462529112631564,22.652173913043477,22.652173913043477,5.5299553915261574,3.973836114207169,0.248854180004749,205949.26086956522,Wheat,0.4106024003801696,0.7657878164588028,0.642693800226481,0.8224533431108514,0.608058608058608,0.6911,Moderate,0.7387982645788863,5.277787922859007e-05,0.005998733753121548,0.00015347807279673993,1.7733367420806265e-05,0.06291862094357137,0.03953780933378905,0.0014159249439446146,0.0023925268211904454,0.1487141303060505
UTTAR PRADESH,JALAUN,UTTAR PRADESH|JALAUN,23,1.9335410201749945,0.7897801024109145,24.0,24.0,7.006245169048609,4.9280257205151425,0.2933063679943348,370555.17391304346,Wheat,0.3605056056312215,0.6408599130165326,0.728200143000282,0.8704251276565261,0.645909645909646,0.7482,Moderate,0.44694816907509755,2.3466551774429178e-07,0.00014842593997326455,0.00019113506420272567,1.1733275887214589e-07,0.1126788723242411,0.4337415457347254,0.00018339110211716404,0.004551572382168283,0.0015565363791978874
UTTAR PRADESH,JAUNPUR,UTTAR PRADESH|JAUNPUR,23,1.555838682108119,0.6925059375086468,24.17391304347826,24.17391304347826,4.75313078070188,3.2617631183889246,0.19973363792413432,444641.39130434784,Wheat,0.44636508248171075,0.8555732064295682,0.5859518567100088,0.7632182264643188,0.6507936507936508,0.6667,Moderate,0.879286404911354,4.771798514327912e-05,0.000511990512725839,3.246387513846038e-05,1.417849968396613e-05,0.007263889844986952,0.06129394748205491,7.744394310138741e-05,0.024639298968039902,0.026832663977771242
UTTAR PRADESH,JHANSI,UTTAR PRADESH|JHANSI,23,1.9711204842244359,0.8036047165890122,25.0,25.0,7.339975103149454,5.403987776835743,0.29495019949940043,431086.7826086957,Wheat,0.3192230233880074,0.5585416272482611,0.7423531249174696,0.8856613833231853,0.6739926739926739,0.7673,High,0.35888809234012803,3.025719828833012e-06,2.6626334493730507e-05,1.9062034921647976e-05,0.0,0.19665756799095027,0.44271202933415205,0.00016893602377650985,0.00026152305053880003,0.0012631371712101549
UTTAR PRADESH,KANNAUJ,UTTAR PRADESH|KANNAUJ,23,1.8354927556545553,0.7768337247778255,24.0,24.0,6.28742217397688,4.491882865923981,0.2670758934940168,214874.08695652173,Wheat,0.3499331458828062,0.7673179277489912,0.6912737165631272,0.8561567859123226,0.645909645909646,0.7311,Moderate,0.694907270263839,7.608095661281106e-05,0.00010380194346375552,6.879660970307383e-06,7.082003940022306e-06,0.06894816458739031,0.03665523833573717,0.004788446378303654,0.001454036580371437,0.1930529992893715
UTTAR PRADESH,KANPUR DEHAT,UTTAR PRADESH|KANPUR DEHAT,21,1.8031912974151905,0.7056567526547746,23.61904761904762,23.61904761904762,6.745777973012459,4.230183254745666,0.3535156302544654,257664.90476190476,Wheat,0.4100284921556477,0.6524777567320271,0.6791085096895257,0.777711880985891,0.6352113494970638,0.6973,Moderate,0.7388122964433503,5.5442996006441e-07,0.00010552650239892603,0.00010534169241223789,4.4539206791840936e-05,0.09083743503697955,0.14384759237865793,0.0037828756175194694,0.008938704626145105,0.013525134065784592
UTTAR PRADESH,KANPUR NAGAR,UTTAR PRADESH|KANPUR NAGAR,23,2.059844012524554,0.787113035346394,26.347826086956523,26.347826086956523,7.869931410896982,4.7408348812116445,0.30075808448316294,298074.39130434784,Wheat,0.4043224692522774,0.6246288678154607,0.7757677177921468,0.8674857244188184,0.7118437118437119,0.785,High,0.7109838789878978,0.00043977933142164247,0.00011173166430148529,8.82475938673611e-05,0.0,0.08003283685674616,0.14909992559487995,0.0045330090489520344,0.014155789239073818,0.040554801682859735
UTTAR PRADESH,KASGANJ,UTTAR PRADESH|KASGANJ,11,1.9061061015267624,0.7681098837103243,24.727272727272727,24.727272727272727,6.731288429968254,4.322122646358388,0.27253627739499275,233311.45454545456,Wheat,0.41064577743523484,0.732998340883392,0.7178677469071102,0.8465421470379638,0.6663336663336663,0.7436,Moderate,0.8161852319139535,0.029985668786086175,2.727528477345538e-06,2.1430580893429227e-05,8.455338279771168e-05,0.04500928528623074,0.028335514057292125,0.015435473300223735,0.029899556815587123,0.03504055834845813
UTTAR PRADESH,KAUSHAMBI,UTTAR PRADESH|KAUSHAMBI,23,1.8078032637128978,0.7462647240999496,25.47826086956522,25.47826086956522,6.120743944053566,3.9957179993856817,0.24585279815601946,166422.39130434784,Wheat,0.4138782537362369,0.7395224043587362,0.680845444402811,0.8224663621650695,0.6874236874236874,0.7302,Moderate,0.7927426676228507,7.837574114060216e-05,6.792564232185521e-05,0.0002022094121427536,0.005976411514441384,0.020686231864180067,0.13728686696893577,0.00209210978351314,0.01159569090175209,0.029271510548721628
UTTAR PRADESH,KHERI,UTTAR PRADESH|KHERI,23,1.5328324427764597,0.7330118863013619,25.608695652173914,25.608695652173914,4.646866096555248,3.760313177033687,0.18413479842221908,681610.0,Sugarcane,0.3312946393545206,0.882517032881866,0.5772873667424275,0.807860267383202,0.6910866910866911,0.6921,Moderate,0.5686554149606143,4.4013438769971094e-06,5.996033687503309e-06,4.190844822010291e-05,0.00042890777143374736,0.06166053136340238,0.03514492222059918,0.0005508058605488412,0.3312946393545206,0.0022124726430963007
UTTAR PRADESH,KUSHI NAGAR,UTTAR PRADESH|KUSHI NAGAR,23,1.3915659809214362,0.7006361567759478,24.956521739130434,24.956521739130434,4.028255563594899,3.345270893937284,0.16349656386499486,331506.4347826087,Rice,0.3625927387074131,0.9241380061086099,0.5240843280426529,0.7721786283812743,0.6727716727716727,0.6563,Moderate,0.7226936902529796,0.0,0.0003594920054014297,1.1934977195012806e-05,0.006662340346728138,0.030523638599447477,0.014738778760671967,0.0016872910067454918,0.21819643346158407,0.005126400589246874
UTTAR PRADESH,LALITPUR,UTTAR PRADESH|LALITPUR,23,1.9449778244577327,0.7964287384143472,23.695652173913043,23.695652173913043,7.110560692498848,5.152311062177935,0.3033812219322262,406926.3043478261,Wheat,0.307659275982565,0.6488657010322882,0.7325074126300737,0.8777526607563899,0.6373626373626373,0.7492,Moderate,0.4122915109615511,0.0,1.709528645556481e-05,0.0,0.0,0.07878565769573702,0.506204039723035,0.001026251415035625,0.0003284431910275389,0.0013470017271581597
UTTAR PRADESH,LUCKNOW,UTTAR PRADESH|LUCKNOW,23,1.4470556932045753,0.6431514773427692,24.217391304347824,24.217391304347824,4.284376513802732,2.8252872210209854,0.1792983031650204,165083.95652173914,Wheat,0.5030412720167946,0.8500415203752715,0.544982574316202,0.7088241461891087,0.6520146520146519,0.6353,Moderate,0.8569370894546148,2.106964809210386e-06,3.2657954542760985e-05,1.7382459675985685e-05,0.001133020326152885,0.027428994627503107,0.08018844693253578,0.0011238023551125896,0.0020563976537893366,0.031080101271263556
UTTAR PRADESH,MAHARAJGANJ,UTTAR PRADESH|MAHARAJGANJ,23,1.149811461283572,0.6029219400238959,22.782608695652176,22.782608695652176,3.163891073040615,2.5217574464518218,0.1406385494928677,351123.82608695654,Rice,0.4702732146518855,0.9377648019130623,0.43303600068142406,0.6644867413222988,0.6117216117216118,0.5697,Moderate,0.8859057277947777,6.19130028202611e-07,5.943648270745066e-06,4.333910197418277e-06,0.002364333751700131,0.016215758394660225,0.0334088754518411,0.00014574320863889464,0.05345766785110369,0.008490996858781888
UTTAR PRADESH,MAHOBA,UTTAR PRADESH|MAHOBA,23,2.072675588699965,0.8279984055257406,24.52173913043478,24.52173913043478,8.112772915874176,6.1757019772309,0.33031731627922467,266246.73913043475,Wheat,0.23253634459699443,0.5688463218573814,0.7806002791437585,0.9125459297202761,0.6605616605616605,0.7846,High,0.26994672316868545,2.678130371059862e-05,0.00048026715983457644,2.2045585371529352e-05,0.0,0.1461870527093616,0.5751229449636044,0.00019612405949042037,0.007307050096551499,0.000711010953389917
UTTAR PRADESH,MAINPURI,UTTAR PRADESH|MAINPURI,23,1.668631702157117,0.7161589869706618,23.47826086956522,23.47826086956522,5.3138094407908225,3.5358146098235124,0.23029054582719458,304534.347826087,Wheat,0.4608549902988026,0.805694795618114,0.628431376136848,0.7892865061469699,0.6312576312576312,0.683,Moderate,0.8694941243152411,8.894548912166686e-05,1.3705885964173385e-05,9.851105536749621e-05,0.0005186821219566865,0.03261044302848683,0.0329325313486449,0.01743945496260149,0.0014890874021492543,0.045314514390466416
UTTAR PRADESH,MATHURA,UTTAR PRADESH|MATHURA,23,1.464895720564005,0.6573941006561256,21.434782608695652,21.434782608695652,4.3475937322284945,2.9437779101681967,0.20438373795786782,353371.2173913043,Wheat,0.5412624339621667,0.7862766067657881,0.5517013924528298,0.7245210942102706,0.5738705738705738,0.6167,Moderate,0.806164179115496,1.2303848963855967e-06,0.003283528172984242,0.00023660301557495026,4.060270158072469e-06,0.12405491060146381,0.02053598519010308,3.2851276733495434e-05,0.015610016218933704,0.030076635753656274
UTTAR PRADESH,MAU,UTTAR PRADESH|MAU,23,1.1227360148070331,0.5881050358645133,22.391304347826086,22.391304347826086,3.0804686112711277,2.4317058456477785,0.13926380995112214,199314.65217391305,Wheat,0.46501958777436686,0.9428382520362713,0.4228389871242834,0.6481568722169173,0.6007326007326007,0.5572,Moderate,0.9195366644438322,0.0,2.6176657096917108e-06,1.7451104731278073e-06,8.507413556498061e-06,0.003295859267311005,0.029778346974643762,9.358154912147867e-05,0.03889567664149999,0.008387000933852242
UTTAR PRADESH,MEERUT,UTTAR PRADESH|MEERUT,23,1.1656153665723035,0.5968050112999459,19.782608695652176,19.782608695652176,3.214842328252042,2.486283130851092,0.16355447311307944,239250.65217391305,Sugarcane,0.5345203729397857,0.9355863824822612,0.43898798513437126,0.6577452085220209,0.5274725274725275,0.5414,Moderate,0.4087159818745667,0.0,0.00012230215173644524,1.453814582305441e-06,4.107026195012871e-05,0.016882421837021933,0.012770125564148206,0.0004057959952860062,0.5345203729397857,0.026540475560922556
UTTAR PRADESH,MIRZAPUR,UTTAR PRADESH|MIRZAPUR,23,1.7595332242413046,0.7273651466521526,23.52173913043478,23.52173913043478,5.827595435038337,3.6787005823112007,0.2486648189743591,265271.9130434783,Wheat,0.37681745424793,0.7787000836221537,0.6626662336805776,0.8016369350087824,0.6324786324786325,0.6989,Moderate,0.8046635986634879,1.852078277678654e-05,0.0002910877009873708,0.00011456661204401587,1.4259363730800259e-05,0.040146501030771706,0.13702838793467703,0.002331487920352111,0.007033472135400362,0.008358117855771945
UTTAR PRADESH,MORADABAD,UTTAR PRADESH|MORADABAD,23,1.4430786880707713,0.6983400342957801,22.73913043478261,22.73913043478261,4.275510177645334,3.344792146175461,0.1895411718454519,396752.3043478261,Wheat,0.4263715955514025,0.8668560375474655,0.5434847753675731,0.7696480471513674,0.6105006105006106,0.6412,Moderate,0.783901312646824,0.0001358858988024836,1.019144241018627e-05,5.303933469387263e-05,2.410878849721483e-05,0.01701390079869129,0.027265834350925115,0.0009859398641338265,0.15271996995606613,0.017889816918956008
UTTAR PRADESH,MUZAFFARNAGAR,UTTAR PRADESH|MUZAFFARNAGAR,23,1.0102275155070928,0.5497555009427408,21.08695652173913,21.08695652173913,2.7557703664201005,2.2342569013138815,0.13198999936448708,354613.3043478261,Sugarcane,0.5804762713971594,0.9700048037629723,0.3804666224192673,0.6058914381702074,0.5641025641025641,0.5168,Moderate,0.392238526571381,3.6782258592519516e-07,0.00037812161833110066,0.0,1.5448548608858197e-05,0.009896021459260093,0.01051028517775517,0.00042912635024606105,0.5804762713971594,0.0060558310546724135
UTTAR PRADESH,PILIBHIT,UTTAR PRADESH|PILIBHIT,23,1.2121529182890678,0.6524470174571119,22.434782608695652,22.434782608695652,3.365765281655281,2.884709110713422,0.15167133795463597,375988.6956521739,Rice,0.4052085284710224,0.9584132964219552,0.4565147153466756,0.7190688607190949,0.6019536019536019,0.5925,Moderate,0.8008817332621009,0.00030296933071530827,2.8678012983739103e-05,5.0995982765439295e-05,0.0004135184452816574,0.026993064083795305,0.010502165883803167,9.817593960965523e-05,0.1591029563793546,0.0016257426795902744
UTTAR PRADESH,PRATAPGARH,UTTAR PRADESH|PRATAPGARH,23,1.4534165294946684,0.6532417386302375,23.347826086956523,23.347826086956523,4.307385369537178,2.904687254510346,0.186406509248404,308351.0,Wheat,0.4773796039606473,0.8516296998070945,0.5473781593323543,0.7199447314538191,0.6275946275946276,0.6316,Moderate,0.8738670625640769,7.050124836560481e-07,0.00013536239686196124,3.5532629176264824e-05,1.2690224705808865e-05,0.011888202504401745,0.08792788793911174,0.00016313988871800953,0.004170994855805912,0.021798421984658083
UTTAR PRADESH,RAE BARELI,UTTAR PRADESH|RAE BARELI,23,1.5073018351559726,0.6625848118566715,26.347826086956523,26.347826086956523,4.53759628104503,2.9811952614392982,0.17427257729694232,350530.04347826086,Wheat,0.4682537290421425,0.8420683657829491,0.5676721623448295,0.7302418327368189,0.7118437118437119,0.6699,Moderate,0.8403275238703722,6.946002643698221e-06,6.759949001456304e-05,0.0001018333601870757,0.00029160807527383063,0.034211295663920636,0.096532567883842,0.0019308646991866108,0.010400398601323139,0.016129362353236237
UTTAR PRADESH,RAMPUR,UTTAR PRADESH|RAMPUR,23,1.194699969723383,0.6152091200089882,22.52173913043478,22.52173913043478,3.3115073452568815,2.604247991913379,0.14816530150659854,317643.04347826086,Wheat,0.43541957817019106,0.9413418672039574,0.4499416768082132,0.6780285742634106,0.6043956043956044,0.5775,Moderate,0.8853450482425583,1.3687773669924813e-07,5.475109467969925e-07,9.855197042345866e-06,3.0113102073834587e-06,0.015779539242162723,0.01992570276451965,0.0006111590943621429,0.07133123180381588,0.006993767956648083
UTTAR PRADESH,RUDRA PRAYAG,UTTAR PRADESH|RUDRA PRAYAG,2,1.5140603215976651,0.7624884820982443,8.0,8.0,4.546111978796574,4.210450092980769,0.603027991231578,33969.0,Wheat,0.2880861962377462,0.778871912626218,0.5702175082888533,0.8403467399862202,0.19658119658119658,0.5357,Moderate,0.995466454708705,0.00010303512025670464,0.0,0.0,0.0,0.002634755217992876,0.0,0.0,0.0,0.0017957549530454237
UTTAR PRADESH,SAHARANPUR,UTTAR PRADESH|SAHARANPUR,23,1.3084978208827922,0.6760459886333983,21.130434782608695,21.130434782608695,3.7074085173565847,3.094169245547755,0.17749428794312863,327148.17391304346,Sugarcane,0.39916150214076646,0.9400483067903814,0.49279963049150594,0.7450775401426168,0.5653235653235653,0.6011,Moderate,0.5652080535771054,1.0632065672143244e-06,0.00025144835314618773,0.0002305829242646066,0.0,0.014614837472928103,0.018027996355327886,0.0001646641170973185,0.3991615021407664,0.0023398518527969242
UTTAR PRADESH,SAMBHAL,UTTAR PRADESH|SAMBHAL,8,1.6990876354536313,0.7419130811703051,24.25,24.25,5.47168004013946,3.8783643182235914,0.22657150357613529,326258.5,Wheat,0.42736740958473113,0.7636781876947267,0.6399015310238239,0.8176703697856861,0.6529304029304029,0.7035,Moderate,0.7886426713786767,0.00027891993618557067,0.0,1.8773457243259563e-05,1.9156589023734246e-06,0.040553349567903976,0.045636358899461625,0.002529819146474345,0.08940839855513343,0.0329297934000187
UTTAR PRADESH,SANT KABEER NAGAR,UTTAR PRADESH|SANT KABEER NAGAR,23,1.170506624116182,0.5939886734041937,22.652173913043477,22.652173913043477,3.2294091048263764,2.465455690727383,0.14447043155716824,198367.73913043478,Rice,0.4518220222520405,0.9186598539646831,0.44083010506135434,0.6546412922990739,0.608058608058608,0.5678,Moderate,0.9099419654931618,0.0,5.698682596091843e-06,3.6164716475198236e-05,0.0008004457246510543,0.017259775322863245,0.04036837161021537,0.0004043872842226712,0.019496069881629597,0.011687121284184972
UTTAR PRADESH,SANT RAVIDAS NAGAR,UTTAR PRADESH|SANT RAVIDAS NAGAR,23,1.4462550032115205,0.6600913936457631,20.08695652173913,20.08695652173913,4.265109052622243,2.954239153714481,0.21521687351850735,94685.47826086957,Wheat,0.493204504065175,0.8737036026827492,0.5446810226235523,0.7274938097644676,0.536019536019536,0.6027,Moderate,0.8995833344812987,0.0,0.0005344926865420803,0.0002709198325256249,0.0,0.00465568844402934,0.06778460128406817,3.765326485949363e-05,0.01288476356045599,0.014248546446220577
UTTAR PRADESH,SHAHJAHANPUR,UTTAR PRADESH|SHAHJAHANPUR,23,1.4447546403314793,0.6667448020664962,25.347826086956523,25.347826086956523,4.258941175588878,3.0122507068881346,0.16959878023459224,561269.5217391305,Wheat,0.448976811032195,0.8778641494332841,0.5441159637743227,0.734826602596661,0.6837606837606838,0.6542,Moderate,0.8132850845354541,0.0005255941906232912,3.5633504449036692e-06,3.6950394830848914e-05,4.337991845969684e-06,0.045127664388781984,0.045786419436248525,0.0002839060734906945,0.0805808323196505,0.014365647318629143
UTTAR PRADESH,SHAMLI,UTTAR PRADESH|SHAMLI,8,1.151621887990493,0.6328021549649759,18.5,18.5,3.1659035690672144,2.724885549838544,0.17199033932923963,137941.25,Sugarcane,0.4644604134006325,0.9723913260174168,0.4337178341533367,0.6974180469162223,0.49145299145299143,0.5409,Moderate,0.5092892807626436,1.8123657716600365e-06,4.9840058720651e-05,0.0,0.0010711081710510816,0.009120730745879133,0.00841662664358921,0.0012577818455320653,0.4644604134006325,0.006332406006180167
UTTAR PRADESH,SHRAVASTI,UTTAR PRADESH|SHRAVASTI,23,1.4836211446172558,0.7090243581323498,22.391304347826086,22.391304347826086,4.430393733386474,3.465913316618966,0.19868087250813116,194999.08695652173,Rice,0.37183005762122856,0.8335343376189721,0.5587536640783287,0.7814233551275757,0.6007326007326007,0.647,Moderate,0.8351862963014989,0.0,2.2519614919044214e-05,0.0001351176895142653,0.0001649951984167596,0.020541456269917876,0.11373966299507757,0.00015161720935594124,0.0255584251342091,0.004499909587090597
UTTAR PRADESH,SIDDHARTH NAGAR,UTTAR PRADESH|SIDDHARTH NAGAR,23,1.0467936339312838,0.5646982753553775,20.0,20.0,2.8643476560254757,2.302905872716087,0.14346231684893376,345176.9130434783,Rice,0.4950304626398888,0.9422346625278102,0.39423796338779316,0.6223600302326785,0.5335775335775336,0.5167,Moderate,0.9342789437905125,1.2595935367232606e-07,6.297967683616304e-07,5.31548472497216e-05,3.91733589920934e-05,0.016225202224593338,0.032939630578849986,0.0005651796199277271,0.008851919538676386,0.007046040285076247
UTTAR PRADESH,SITAPUR,UTTAR PRADESH|SITAPUR,23,1.7495447010391512,0.7586771726811491,26.82608695652174,26.82608695652174,5.7838350417953945,4.16447520641364,0.21826632819100106,590602.6086956522,Wheat,0.35086131629742945,0.8217449973718811,0.6589044081241116,0.8361462549704715,0.7252747252747253,0.7401,Moderate,0.6581894248026702,0.0007921165265248611,1.752079305882128e-05,5.0869193292628164e-05,0.00018683938144238826,0.05286207307790275,0.0688899178878463,0.00074632689088374,0.21021469597007036,0.008050215476307913
UTTAR PRADESH,SONBHADRA,UTTAR PRADESH|SONBHADRA,23,2.1551465432654298,0.8234781123132745,24.434782608695652,24.434782608695652,8.706897048222489,5.777619473080396,0.35666759440030166,202546.73913043478,Wheat,0.27784097068309516,0.620027154226346,0.8116600602817381,0.9075640660540546,0.6581196581196581,0.7924,High,0.740925497603881,0.0,0.0007774909709514175,7.083711220705903e-06,2.575894989347601e-06,0.07544238313218098,0.1732918328029494,0.00019984651959021804,0.0011958592488046237,0.008157430115432294
UTTAR PRADESH,SULTANPUR,UTTAR PRADESH|SULTANPUR,23,1.5568217378387756,0.6783086197691852,25.08695652173913,25.08695652173913,4.768640124209277,3.122124451349856,0.1920581589115251,335975.0869565217,Wheat,0.41607665785778375,0.8273148358438068,0.5863220900364146,0.7475712102024157,0.6764346764346764,0.6701,Moderate,0.8385540232214422,1.9411377163446513e-06,4.606966846791306e-05,0.00012035053841336839,0.0001701730731328811,0.011847281119575765,0.09658234235017685,0.00020718409892451912,0.029439035787720804,0.023031599004429287
UTTAR PRADESH,UDAM SINGH NAGAR,UTTAR PRADESH|UDAM SINGH NAGAR,3,1.2411731004440965,0.6551798632426763,20.0,20.0,3.4611524037085886,2.9015550818447706,0.17492990734536562,237979.66666666666,Rice,0.4443390821904952,0.9540464941682691,0.4674441451206938,0.7220807593912748,0.5335775335775336,0.5744,Moderate,0.7938437317473902,0.0,1.680815868022338e-05,0.0,0.0,0.026402815926850894,0.013099158331454088,0.00016948226669225242,0.16333608333485072,0.0031319202340816233
UTTAR PRADESH,UNNAO,UTTAR PRADESH|UNNAO,23,1.5811076067732728,0.6639718007447104,26.0,26.0,4.881243131559514,2.996922947699926,0.1892842680310088,430597.04347826086,Wheat,0.5272169117661908,0.8145690937517291,0.5954685074366445,0.7317704480770181,0.702075702075702,0.6764,Moderate,0.8365772619856838,2.625272977903683e-06,5.603948087448247e-05,6.229974720640663e-05,6.5025992221922e-05,0.05855832932474344,0.08084184830526513,0.0012560921478893007,0.0030772238182535635,0.019503253924884074
UTTAR PRADESH,UTTAR KASHI,UTTAR PRADESH|UTTAR KASHI,3,1.7762347848345454,0.7807222275529181,17.0,17.0,5.908640031599439,4.573793713861163,0.34819419611217667,42654.0,Wheat,0.323150622841156,0.7602256920023132,0.6689562883964714,0.8604423465564444,0.44932844932844934,0.6596,Moderate,0.8695550241477938,0.0003438520810865726,0.0,0.0,0.0,0.03572935715290477,0.04373954767821697,0.0,0.0,0.05063221893999781
UTTAR PRADESH,VARANASI,UTTAR PRADESH|VARANASI,23,1.5703647849517868,0.6779567782532471,22.565217391304348,22.565217391304348,4.8310512843076046,3.122088406097243,0.21961944759268803,150642.1739130435,Wheat,0.46011192662139194,0.8141582269530158,0.5914226018649466,0.7471834418913498,0.6056166056166056,0.6481,Moderate,0.8562011331199474,0.0,0.0026752136505453464,0.00025225339632933786,1.1544777864042923e-05,0.006835085734406613,0.0745844601517561,0.0019161445059845243,0.03289136075410489,0.024632803909061786
UTTARAKHAND,ALMORA,UTTARAKHAND|ALMORA,23,1.7667677316808337,0.7723681863059768,21.043478260869566,21.043478260869566,5.888679527718489,4.41764789376887,0.2806291794285471,123245.60869565218,Wheat,0.31376159799678904,0.7354085108949997,0.6653908561721785,0.8512352680334235,0.5628815628815629,0.6932,Moderate,0.9331522174350334,5.997215175494391e-06,0.0,0.0,0.0,0.009538394347942196,0.040832568688398456,0.004460164203751505,0.0,0.012010658109698943
UTTARAKHAND,BAGESHWAR,UTTARAKHAND|BAGESHWAR,22,1.614338273503864,0.7312621655602535,20.0,20.0,5.034623801281515,3.735437825258318,0.27331820770905363,41451.90909090909,Wheat,0.36028497426371414,0.8363536277526422,0.6079836679699449,0.8059318813744972,0.5335775335775336,0.6492,Moderate,0.9281412633698196,4.3862438619999955e-06,0.0,0.0,0.0,0.004539762397169996,0.054956345907963444,0.0022029909796894977,0.0,0.01015525110149549
UTTARAKHAND,CHAMOLI,UTTARAKHAND|CHAMOLI,23,1.8552711910979156,0.7974899784093818,20.47826086956522,20.47826086956522,6.429705301670818,4.973861744606699,0.3157509497897213,50112.913043478264,Wheat,0.2867342184649101,0.7143017030236934,0.6987225678509438,0.8789222647453134,0.5470085470085471,0.7082,Moderate,0.8878662706913171,2.602817810561714e-06,0.0,0.0,0.0,0.018732479782612655,0.039064824912783916,0.0013447892021235524,0.01125198139505829,0.04173705119829394
UTTARAKHAND,CHAMPAWAT,UTTARAKHAND|CHAMPAWAT,22,2.0404323551875514,0.8123922454885256,22.40909090909091,22.40909090909091,7.792379919548837,5.386369482630477,0.36705405897494975,31454.454545454544,Wheat,0.2866164353076165,0.7167737479010055,0.7684570005634023,0.8953462132407727,0.6012321012321012,0.755,High,0.8381989543322379,0.00010115636172358879,0.0,0.0,0.0,0.03969375634033624,0.08353347842045786,0.01808964765794121,0.00018786181462952204,0.020195145072673622
UTTARAKHAND,DEHRADUN,UTTARAKHAND|DEHRADUN,23,1.9536888787798148,0.7833232740814219,26.608695652173914,26.608695652173914,7.09749259776065,4.688099392992497,0.2695451231722746,63810.47826086957,Wheat,0.32877454363839653,0.669495469259853,0.7357881245140395,0.8633089878528031,0.7191697191697192,0.7728,High,0.7343519293887265,8.176386459631477e-05,0.0,0.0,0.0,0.02255524341443173,0.055618506160566517,0.010405133135419357,0.1604547706148847,0.016532653421374846
UTTARAKHAND,HARIDWAR,UTTARAKHAND|HARIDWAR,23,1.152289191343645,0.6079349481498239,20.391304347826086,20.391304347826086,3.1821570250641193,2.573922023398982,0.15659669241206164,130893.78260869565,Sugarcane,0.4849056171333079,0.957695536075218,0.4339691504647672,0.6700116313830056,0.5445665445665445,0.5495,Moderate,0.4822323576667042,0.00010596045847994242,6.90902049022822e-05,0.0,0.0,0.018331159317030037,0.012084142568966474,4.052406249076168e-05,0.4849056171333079,0.0022311485881184112
UTTARAKHAND,NAINITAL,UTTARAKHAND|NAINITAL,23,2.0163226304084745,0.7921088234587034,25.0,25.0,7.515191442326258,4.817518524248349,0.30349923158740805,65332.260869565216,Wheat,0.3784707202380873,0.6582332984170548,0.7593769216570689,0.8729916361176921,0.6739926739926739,0.7688,High,0.7270068319666294,2.6619780360192247e-06,0.0,0.0,0.0,0.09805795392382217,0.05233981214421,0.0072858338845846185,0.0711580003753389,0.04414890572737885
UTTARAKHAND,PAURI GARHWAL,UTTARAKHAND|PAURI GARHWAL,23,1.946201000701501,0.8143028889655036,22.217391304347824,22.217391304347824,7.096699465676648,5.495265285274378,0.3202330525177871,107717.86956521739,Wheat,0.25710198663093725,0.6400629502754982,0.7329680788928179,0.8974519539238791,0.5958485958485957,0.7421,Moderate,0.9094950537051096,3.6326781192898842e-06,0.0,0.0,0.0,0.012089956411898877,0.0647452221201036,0.002988886830371288,1.654886698787614e-05,0.01066069938740938
UTTARAKHAND,PITHORAGARH,UTTARAKHAND|PITHORAGARH,23,1.9358376212577013,0.7876840743365026,22.08695652173913,22.08695652173913,6.955518035222661,4.73102280861472,0.31613347644113055,76607.43478260869,Wheat,0.32216932060743336,0.7138255964485226,0.729065076932064,0.8681150726188362,0.5921855921855921,0.7298,Moderate,0.8566054719402306,7.775383363290316e-05,0.0,0.0,0.0,0.02353500710284108,0.09610714364765367,0.004704390707906089,8.51319346345655e-06,0.018961719574272222
UTTARAKHAND,RUDRA PRAYAG,UTTARAKHAND|RUDRA PRAYAG,20,1.6520933896243204,0.759240589735563,19.45,19.45,5.2206542440605626,4.156665091164593,0.26940573950300756,31230.35,Wheat,0.3227597513316373,0.8173475481382694,0.6222028030547646,0.836767202953353,0.5181318681318681,0.659,Moderate,0.9579367506287954,0.0,0.0,0.0,0.0,0.012177257059238849,0.021949802035519935,0.001019841276194471,0.0,0.006916349000251358
UTTARAKHAND,TEHRI GARHWAL,UTTARAKHAND|TEHRI GARHWAL,23,1.989261879529755,0.8092662021185725,21.347826086956523,21.347826086956523,7.3824346325250065,5.3336792281217935,0.34570349519724985,87130.95652173914,Wheat,0.3019258367714365,0.6205606553254172,0.7491854426793977,0.8919009672906086,0.5714285714285715,0.7375,Moderate,0.8695122584096303,3.243493551934819e-05,0.0,0.0,0.0,0.022292281682944014,0.09030185447991329,0.0027704424923603254,0.0,0.015090727999632736
UTTARAKHAND,UDAM SINGH NAGAR,UTTARAKHAND|UDAM SINGH NAGAR,20,1.191944111194043,0.6318861425144829,21.35,21.35,3.3461618563477287,2.7808322604057643,0.15666912714848027,252326.75,Rice,0.44635497425461235,0.9364605615536205,0.4489037797301505,0.69640849976288,0.5714896214896216,0.5723,Moderate,0.8329699486875648,0.00013870903501115122,0.0007940101475566899,0.0,0.0,0.030243127215009904,0.024814055584673443,8.897193817143842e-05,0.104367848434619,0.006583328957393538
UTTARAKHAND,UTTAR KASHI,UTTARAKHAND|UTTAR KASHI,20,2.097481480434308,0.827969194038897,22.3,22.3,8.154094252112374,5.823338402719188,0.36643274630637623,42385.35,Wheat,0.27469396855281364,0.6491157911872852,0.7899425448209373,0.912513735427096,0.5981684981684982,0.7669,High,0.7803804852384137,6.370125526862466e-05,0.0,0.0,0.0,0.044748952173333474,0.10976080178646631,0.0006853783205753875,1.179652875344901e-06,0.06435950157306711
WEST BENGAL,ALIPURDUAR,WEST BENGAL|ALIPURDUAR,6,1.0554528418453388,0.44177602671769417,15.5,15.5,3.5919099887384127,2.3374521008299207,0.4764491384523224,99052.16666666667,Rice,0.5359970251365863,0.7717027896074964,0.3974991491477484,0.48688610067220117,0.4072039072039072,0.4305,Low,0.7050106593663609,0.0005838674233947432,0.09151070227304467,0.0,0.0,0.04895400235229584,0.05715675073572343,0.0,0.00021369211173237,0.09657032573744811
WEST BENGAL,BANKURA,WEST BENGAL|BANKURA,23,0.6951948698254196,0.29509322290654544,26.782608695652176,26.782608695652176,2.0117277831504556,1.4236684546607226,0.07813717350650133,585217.4347826086,Rice,0.6383292987868276,0.9239978511145726,0.2618206690924591,0.3252254082306137,0.724053724053724,0.437,Low,0.648281749756185,2.971767981295098e-05,0.0006984397698038804,0.0,0.0,0.2966533954938042,0.003143461876414422,0.0017008914040942493,0.00010780088352147968,0.049384543136363805
WEST BENGAL,BIRBHUM,WEST BENGAL|BIRBHUM,23,0.9150456228909082,0.37754773320041063,27.391304347826086,27.391304347826086,2.512801035761823,1.6147881132309987,0.09277456657386474,574502.0869565217,Rice,0.6595512424066572,0.874020512885714,0.3446197140315311,0.4160994090180538,0.7411477411477411,0.5006,Moderate,0.7126812571460747,0.0,0.0008044016641101996,0.0,0.0,0.22306340431805297,0.03422267811794379,0.0011185489317479301,0.0017902837300019646,0.026319426092068533
WEST BENGAL,COOCHBEHAR,WEST BENGAL|COOCHBEHAR,23,1.3479737177250264,0.5715483112971865,25.043478260869566,25.043478260869566,3.8807403329623282,2.3563733667410367,0.15521227201535354,509260.6956521739,Rice,0.5454379904167985,0.8165709268576545,0.5076668370444746,0.6299095283662726,0.6752136752136753,0.6043,Moderate,0.5951885410018068,0.022068136965128306,0.14794259299670212,0.0,0.0,0.15957548350567183,0.016891066982350204,0.010132078931812151,0.0003147785587905947,0.047887321057737915
WEST BENGAL,DAKSHIN DINAJPUR,WEST BENGAL|DAKSHIN DINAJPUR,23,1.013422291934416,0.44278854652740873,19.130434782608695,19.130434782608695,2.8054958619511536,1.8584151278285435,0.15419620717912452,321947.04347826086,Rice,0.6092504816482106,0.8494909100632537,0.38166982246879105,0.4880020096219648,0.5091575091575091,0.4596,Low,0.6541293180541979,0.0,0.06996748857697634,0.0,0.0,0.24182832121188713,0.014243633370975674,0.0050926549897080025,2.6739477272929846e-05,0.014711844318981976
WEST BENGAL,DARJEELING,WEST BENGAL|DARJEELING,23,1.6997082258789227,0.7245001048642233,24.130434782608695,24.130434782608695,5.5172499339875944,3.699917958758771,0.2293981579161687,78684.77695652175,Rice,0.4141633119719467,0.7190048865703194,0.6401352545557927,0.7984793417035233,0.6495726495726496,0.6961,Moderate,0.7598657818939365,0.0,0.035238018831851056,0.0,0.0,0.07442188682129867,0.01520541620483719,0.029476929869872017,5.9124192670891027e-05,0.08573284218553362
WEST BENGAL,HOOGHLY,WEST BENGAL|HOOGHLY,23,1.1375563236151434,0.5421218965242682,19.304347826086957,19.304347826086957,3.1514902890015866,2.2274446913661587,0.1658454901502813,599536.304347826,Rice,0.4769676710298213,0.871553414287201,0.42842053459639107,0.597478360808363,0.514041514041514,0.5133,Moderate,0.4781617822759401,0.0,0.04331064550973633,0.0,0.0,0.31976966256893463,0.002206052721179085,0.001107450069202032,0.0005148906745684255,0.15492951618043946
WEST BENGAL,HOWRAH,WEST BENGAL|HOWRAH,23,0.7920149879223367,0.3152372526053328,18.043478260869566,18.043478260869566,2.2180230842834945,1.4680842328187087,0.1258891072761299,159053.1739130435,Rice,0.7453878563444601,0.8942355345751203,0.2982845574236714,0.34742635956954876,0.47863247863247865,0.3748,Low,0.7477633266206024,0.0,0.0269789457887067,0.0,0.0,0.1642855014579483,0.008244713348530146,0.0032977759967065976,0.0003299416137288514,0.049099795173776994
WEST BENGAL,JALPAIGURI,WEST BENGAL|JALPAIGURI,23,1.3248492862848225,0.5484727044865079,27.08695652173913,27.08695652173913,3.786444136144788,2.2365223986338973,0.14048141857257493,394806.8695652174,Rice,0.5606440705516115,0.7988359305672625,0.49895783418089285,0.6044776544274094,0.7326007326007326,0.612,Moderate,0.6282736149034013,0.0011999262600382048,0.09782262279476658,0.0,0.0,0.17431715099446532,0.012809895603331865,0.013887362428608462,0.00038136422893835376,0.07130806278644991
WEST BENGAL,JHARGRAM,WEST BENGAL|JHARGRAM,4,0.7542268315829301,0.2777027558038806,18.0,18.0,2.152997899665276,1.393051288142219,0.1199022072183259,189433.25,Rice,0.8461265379757777,0.9052555451590468,0.28405297890376885,0.30605918778313024,0.4774114774114774,0.3558,Low,0.8541187991020583,0.0,0.0004539857707134307,0.0,0.0,0.08677066987975976,0.0363914465913455,0.0,0.007889322492223514,0.014375776163899422
WEST BENGAL,KALIMPONG,WEST BENGAL|KALIMPONG,4,1.003748600882444,0.4901072189363084,11.25,11.25,2.739245935952728,1.9649522941110136,0.2565603614268085,29062.75,Maize,0.6878736526997618,0.9278199757421441,0.37802656735608137,0.5401524263598942,0.2878510378510378,0.402,Low,0.9602498043027586,0.0,0.0,0.0,0.0,0.007991329106846393,0.0028816956413278165,0.0,0.0,0.028877170949067103
WEST BENGAL,MALDAH,WEST BENGAL|MALDAH,23,1.5285997762076973,0.6248704467201618,24.73913043478261,24.73913043478261,4.694236345481555,2.750643812742415,0.19195610494681414,458792.60869565216,Rice,0.45186486647845997,0.7538019925646048,0.5756932819164607,0.6886764261277885,0.6666666666666666,0.6437,Moderate,0.582043890248791,0.0006073597713469097,0.053063191382295496,0.0,0.0,0.2883194357969832,0.055683490598669665,0.004331406726350733,0.006953696043395566,0.008997529432167419
WEST BENGAL,MURSHIDABAD,WEST BENGAL|MURSHIDABAD,23,1.6627676756011893,0.7050953851469066,24.217391304347824,24.217391304347824,5.398021801594587,3.592139889942021,0.22695510247137535,1048363.7826086957,Rice,0.3500290950282898,0.7214142435705295,0.6262228970138152,0.7770931918302556,0.6520146520146519,0.6851,Moderate,0.45742858840859546,0.0,0.14221162940992063,0.0,0.0,0.3274650721764479,0.054701100062055294,0.003153444039732806,0.004879238939918259,0.010160926963329648
WEST BENGAL,NADIA,WEST BENGAL|NADIA,23,1.7114379632016945,0.71448488898036,24.565217391304348,24.565217391304348,5.707235519234792,3.769255867319892,0.23527485264803044,973012.0434782609,Niger Seed,0.3833948701738667,0.7789131436194298,0.6445528471005969,0.7874414647835958,0.6617826617826618,0.6979,Moderate,0.31728357444255234,3.0832095245972424e-05,0.12488785942459178,0.0,0.0,0.4931233926815419,0.05438062185833796,0.003336300810790268,0.0019351384765468518,0.0050222802103928555
WEST BENGAL,NORTH 24 PARGANAS,WEST BENGAL|NORTH 24 PARGANAS,23,1.2650319133033325,0.5351742005615022,21.73913043478261,21.73913043478261,3.6021568928536425,2.2040187594840144,0.1679708036146134,582932.7391304348,Rice,0.4463391368964709,0.8537072626695017,0.47642972688732227,0.5898212305174775,0.5824175824175825,0.5496,Moderate,0.4592531482303164,0.0,0.0955744539995777,0.0,0.0,0.40408144634182197,0.020427593518321487,0.005814601774102807,0.001571439407619031,0.013277316728240628
WEST BENGAL,PASCHIM BARDHAMAN,WEST BENGAL|PASCHIM BARDHAMAN,4,0.5494424246403478,0.19796572482700436,15.25,15.25,1.765601293231356,1.258304916357446,0.11581294918822063,46808.0,Rice,0.8916477952486754,0.9379379593231926,0.20692814272815976,0.2181801501179231,0.40018315018315015,0.2751,Low,0.9177864894889762,0.0,5.34096735600752e-06,0.0,0.0,0.04042044095026491,0.0333062724320629,0.0,0.0007263715604170228,0.007755084600922919
WEST BENGAL,PASHCHIM MEDINIPUR,WEST BENGAL|PASHCHIM MEDINIPUR,23,0.8826467275477188,0.36536049173852975,26.217391304347824,26.217391304347824,2.4284835434432934,1.5816207142130003,0.09411947035302558,1039117.4782608695,Rice,0.6128750057218287,0.8925248524019255,0.33241781090364897,0.40266771939602364,0.7081807081807081,0.4811,Low,0.6212194193885765,0.0,0.004111766749225576,0.0,0.0,0.3006076393755872,0.007140214551629137,0.004107833645791902,0.0029402877073530036,0.05987283858183671
WEST BENGAL,PURBA BARDHAMAN,WEST BENGAL|PURBA BARDHAMAN,23,0.7414599303559235,0.30678125377149557,26.347826086956523,26.347826086956523,2.107640512074665,1.4471509239349438,0.081460461741084,911428.4347826086,Rice,0.6707787498782369,0.9194011464278671,0.27924477509419293,0.3381069124956888,0.7118437118437119,0.4431,Low,0.674378068940422,0.0,0.014398325724159507,0.0,0.0,0.24454618631604266,0.0054177260405477235,0.0015499797880574849,0.0013858322917289793,0.058323880899041704
WEST BENGAL,PURBA MEDINIPUR,WEST BENGAL|PURBA MEDINIPUR,23,0.5664494155475723,0.21301882819071405,16.652173913043477,16.652173913043477,1.9291438758313786,1.4363667842895256,0.11740840042839429,583812.7826086957,Rice,0.7020518191731209,0.9426132290473703,0.21333322701725574,0.23477033690154347,0.4395604395604395,0.2959,Low,0.7028585846534781,0.0,0.003204422144263937,0.0,0.0,0.2582074777694517,0.016847122074721096,0.005969975187102119,0.0001120817915570611,0.012800336379425983
WEST BENGAL,PURULIA,WEST BENGAL|PURULIA,23,0.5933856996599203,0.2186241762415789,28.652173913043477,28.652173913043477,1.8198073221448217,1.288529658205736,0.06395740976062146,345814.17391304346,Rice,0.7970464408756348,0.9360855528591253,0.2234778299699941,0.24094805115116733,0.7765567765567765,0.4137,Low,0.8282047935772492,9.052361119807245e-06,0.000930884468486845,0.0,0.0,0.11869543909357702,0.04495955731942489,0.002242471012956695,0.00143681087329385,0.003520991293891693
WEST BENGAL,SOUTH 24 PARGANAS,WEST BENGAL|SOUTH 24 PARGANAS,23,0.596722239354186,0.22009182058162904,21.130434782608695,21.130434782608695,1.8326727416754245,1.304799539892814,0.08781891607620451,485575.1304347826,Rice,0.8372740957652369,0.9219078442882792,0.2247344201623607,0.24256555773071126,0.5653235653235653,0.3442,Low,0.8416572441035408,0.0,0.006773411144543252,0.0,0.0,0.08591156985691911,0.046593336024300366,0.011634074805779394,0.00014988949007846186,0.007280474574838551
WEST BENGAL,UTTAR DINAJPUR,WEST BENGAL|UTTAR DINAJPUR,23,1.3914989037562389,0.6048148731348163,25.695652173913043,25.695652173913043,4.098582316144532,2.650229082710952,0.1626472767122541,610174.4347826086,Rice,0.4186223440595605,0.773803385660494,0.5240590657902471,0.6665729632208861,0.6935286935286935,0.6281,Moderate,0.5291958564664189,1.2469705740596489e-05,0.08049081046816833,0.0,0.0,0.35788839285587043,0.010773255716184368,0.006148134973805067,0.0006891115669560493,0.01480196824685628
