div_key,state_name,district_name,mkt_type,idx_output_market,idx_input_supply,idx_postharvest,idx_connectivity,m_mandi_vshare,m_weekly_haat_vshare,m_fert_shop_vshare,irr_share,D1_exp_shannon,D0_richness,D2_inv_simpson,evenness_D1_D0
ANDAMAN AND NICOBAR ISLANDS|NORTH AND MIDDLE ANDAMAN,ANDAMAN AND NICOBAR ISLANDS,NORTH AND MIDDLE ANDAMAN,"output high, input high",0.0265958443199228,0.8120308466847734,-0.3004907756474409,0.0814274008651309,0.02,0.01,0.28,0.2846333508152054,5.166960913741756,17.307692307692307,3.524776335231139,0.3073129420984161
ANDAMAN AND NICOBAR ISLANDS|SOUTH ANDAMANS,ANDAMAN AND NICOBAR ISLANDS,SOUTH ANDAMANS,"output high, input high",0.19089646162802,0.0828469725303076,-0.6868997890622399,0.4708620753491369,0.0147058823529411,0.0147058823529411,0.1176470588235294,0.4472017425249704,4.376728277231785,15.066666666666666,3.1404733391087607,0.3054388020112883
ANDHRA PRADESH|ANANTAPUR,ANDHRA PRADESH,ANANTAPUR,"output low, input high",-0.2844566861653931,0.9780684755955484,-0.1697890405238616,0.8146158983830335,0.0171919770773638,0.1275071633237822,0.2792897896766741,0.3643225928140809,3.6377769160411018,28.73913043478261,2.2024331437591687,0.1276407963846255
ANDHRA PRADESH|CHITTOOR,ANDHRA PRADESH,CHITTOOR,"output high, input high",-0.1197846726424189,1.053058484393412,-0.2587948343763882,0.4349522780876426,0.0163934426229508,0.1878898950433972,0.2777777777777778,0.49413069810755,4.855517783175787,28.08695652173913,3.096267178945185,0.1785735879408718
ANDHRA PRADESH|EAST GODAVARI,ANDHRA PRADESH,EAST GODAVARI,"output high, input high",0.0310135597857698,0.7428946944808072,-0.2998665581239225,0.2145224751931906,0.0112359550561797,0.226447709593777,0.320656871218669,0.6908097604526432,4.501884109317755,28.0,2.467733695668893,0.1639427743923202
ANDHRA PRADESH|GUNTUR,ANDHRA PRADESH,GUNTUR,"output low, input high",-0.2882287987754948,1.823841252139984,-0.1295684911021585,1.052710427168094,0.0253807106598984,0.0456852791878172,0.5786802030456852,0.687097993144235,6.510143763277058,24.82608695652174,4.552740801836601,0.2670218006741255
ANDHRA PRADESH|KADAPA,ANDHRA PRADESH,KADAPA,"output low, input high",-0.5302184838862766,0.8429163406451771,-0.3406835779406512,0.3201657360946605,0.0133333333333333,0.0474074074074074,0.2651851851851852,0.450260536744924,8.095350749513868,29.17391304347826,5.550661543319078,0.2806950840047884
ANDHRA PRADESH|KARIMNAGAR,ANDHRA PRADESH,KARIMNAGAR,"output high, input high",0.0460491171991349,1.0625845120707078,0.4293543111965847,0.4032868255094496,0.0278422273781902,0.1995359628770301,0.4501160092807424,0.681015348418424,5.051013066607032,23.1875,3.5513237826399413,0.2256135916359392
ANDHRA PRADESH|KHAMMAM,ANDHRA PRADESH,KHAMMAM,"output high, input high",-0.1013723240673502,1.88583018048094,1.8535812209254303,0.961457643621124,0.0401146131805157,0.1060171919770773,0.484240687679083,0.6900831890816452,6.5676801245119805,22.5,4.341677546519097,0.3088964796214529
ANDHRA PRADESH|KRISHNA,ANDHRA PRADESH,KRISHNA,"output low, input high",-0.4468546807135929,1.3132644571012355,-0.0632676474555144,0.7767804931049516,0.0173697270471464,0.0483870967741935,0.4092641832653601,0.7357102602142255,4.37883749311855,22.91304347826087,2.800868253525964,0.1982463805839922
ANDHRA PRADESH|KURNOOL,ANDHRA PRADESH,KURNOOL,"output low, input high",-0.2977617660299463,1.033659194778125,0.0974633748757934,0.7368015890190439,0.0071123755334281,0.1536273115220483,0.3485064011379801,0.3417014998861587,9.518452560987418,28.60869565217392,7.0262458651140935,0.339288594519851
ANDHRA PRADESH|MEDAK,ANDHRA PRADESH,MEDAK,"output low, input high",-0.1766147479822049,0.3307372539240333,0.1901833232716466,0.3955663953773924,0.0117647058823529,0.1843137254901961,0.2117647058823529,0.3779388084989591,10.167250147232664,28.875,7.4079470958795826,0.369811779322708
ANDHRA PRADESH|NALGONDA,ANDHRA PRADESH,NALGONDA,"output low, input high",-0.4148454742976086,0.7262091626191689,0.5420815687249672,0.6687257844527871,0.0227272727272727,0.0665584415584415,0.3084415584415584,0.5175604252227158,6.005345587033031,20.9375,4.095871532632387,0.2934952453668676
ANDHRA PRADESH|NIZAMABAD,ANDHRA PRADESH,NIZAMABAD,"output low, input high",-0.2905603323511681,1.0288852869453204,0.9170857088825812,0.4221133828706658,0.0163934426229508,0.1209016393442622,0.3299180327868852,0.6479727387428245,7.746514969622171,26.375,4.717054461668061,0.3035292723256971
ANDHRA PRADESH|PRAKASAM,ANDHRA PRADESH,PRAKASAM,"output low, input high",-0.4318518977549737,1.0476092462232798,-0.1435589963378711,0.4141795382750751,0.0142302716688227,0.0413971539456662,0.2884864165588616,0.3833756015489775,10.824277583674416,27.695652173913043,7.977105529522478,0.4016984623667358
ANDHRA PRADESH|RANGAREDDI,ANDHRA PRADESH,RANGAREDDI,"output low, input high",-0.2972067563433625,0.1899013163526598,-0.1132664020726963,0.526682153337676,0.0091463414634146,0.1341463414634146,0.2225609756097561,0.4066131725870029,10.365187062400516,28.0,7.545171826625136,0.3906285245075798
ANDHRA PRADESH|SRI POTTI SRIRAMULU NELLORE,ANDHRA PRADESH,SRI POTTI SRIRAMULU NELLORE,"output low, input high",-0.5423839675425729,0.9823568383299096,-0.3211569579740584,0.4633000515774867,0.0075512405609492,0.0226537216828478,0.2409625524047277,0.6834425641137387,3.562489017770502,24.782608695652176,1.9781980373529549,0.1493481274983646
ANDHRA PRADESH|SRIKAKULAM,ANDHRA PRADESH,SRIKAKULAM,"output low, input high",-0.340577712667151,0.8013487467437849,-0.4341931918530874,0.3080193676763977,0.0236875800256081,0.0672215108834827,0.2319096812627494,0.6681366106778699,6.1759271847485495,25.217391304347824,3.434037696911011,0.2503159608599831
ANDHRA PRADESH|VISAKHAPATANAM,ANDHRA PRADESH,VISAKHAPATANAM,"output high, input high",-0.0239453078491943,-0.081248228505696,-0.6270528039933014,-0.4620278460310469,0.0170068027210884,0.2302721088435374,0.0948979591836734,0.5349722679857343,9.915395951822816,29.782608695652176,5.99716739959493,0.3399741951013285
ANDHRA PRADESH|VIZIANAGARAM,ANDHRA PRADESH,VIZIANAGARAM,"output low, input high",-0.3837219204515629,0.6829378068183833,-0.2222285829660828,0.1268421823603227,0.0198821796759941,0.0655375552282768,0.2304860088365243,0.5385778898382115,8.973387412022376,27.347826086956523,5.501154073742101,0.3359837111926645
ANDHRA PRADESH|WARANGAL,ANDHRA PRADESH,WARANGAL,"output low, input high",-0.4522944997387608,0.5388294586936119,0.0112754048569966,0.4185367207611543,0.0098039215686274,0.0980392156862745,0.3946078431372549,0.6398514992294823,6.778295067363455,21.8125,4.896625775426021,0.3213074164097297
ANDHRA PRADESH|WEST GODAVARI,ANDHRA PRADESH,WEST GODAVARI,"output high, input high",0.1394594638393692,1.3260372335677486,0.1603045513777544,0.8281330516139114,0.0201729106628242,0.2406340057636887,0.4697406340057637,0.7703040685784631,3.737017990464536,22.043478260869566,2.123935287570258,0.1705520857337893
ARUNACHAL PRADESH|ANJAW,ARUNACHAL PRADESH,ANJAW,"output low, input low",-0.7689982352845849,-0.7925463421969832,-0.9219210221268554,-2.046641025601549,0.003831417624521,0.0,0.0,0.6057234706140774,3.345634074228805,10.25,2.742420903145179,0.3433618536149195
ARUNACHAL PRADESH|CHANGLANG,ARUNACHAL PRADESH,CHANGLANG,"output low, input low",-0.4123528165614325,-0.6932140763135338,-0.5814476256767244,-1.233007933207787,0.0311919651317036,0.0640915160976704,0.0241704131877542,0.4718970407076009,4.117852074550269,11.08695652173913,2.86960596362022,0.382650937714785
ARUNACHAL PRADESH|DIBANG VALLEY,ARUNACHAL PRADESH,DIBANG VALLEY,"output low, input low",-0.8065488781983504,-0.7925463421969832,-0.9219210221268554,-1.7563557363974516,0.0,0.0,0.0,0.1979102642901045,3.7200333958189584,8.782608695652174,2.937072743927317,0.4505571776431751
ARUNACHAL PRADESH|EAST KAMENG,ARUNACHAL PRADESH,EAST KAMENG,"output low, input low",-0.7305832329693794,-0.6946254804946285,-0.7452062497124066,-1.6540427406055953,0.0,0.0229885057471264,0.0028796902188564,0.4831639515673993,2.830635595313652,8.956521739130435,2.066546991784859,0.3238676549615054
ARUNACHAL PRADESH|EAST SIANG,ARUNACHAL PRADESH,EAST SIANG,"output low, input low",-0.5072025591493455,-0.7344038175177161,-0.641681540108507,0.1963910252791624,0.0,0.0857142857142857,0.0,0.5089058524173028,3.92632047865435,11.304347826086955,2.807242269359523,0.3690239015745864
ARUNACHAL PRADESH|KURUNG KUMEY,ARUNACHAL PRADESH,KURUNG KUMEY,"output low, input low",-0.4511127820958738,-0.7815845768249748,-0.6872275583195859,-1.948620003260281,0.0476944567861813,0.0109225931002638,0.0,0.4786233613324023,4.138613671753356,8.444444444444445,3.222924630931196,0.5052439376062842
ARUNACHAL PRADESH|LOHIT,ARUNACHAL PRADESH,LOHIT,"output low, input low",-0.4745648517981012,-0.6958212174802456,-0.6776333130475712,-0.9468012024810044,0.0247406009971701,0.0339763490608376,0.0237479077118025,0.3950106162302445,3.4017833529241845,11.304347826086955,2.6702173798590625,0.3056887922162467
ARUNACHAL PRADESH|LOWER DIBANG VALLEY,ARUNACHAL PRADESH,LOWER DIBANG VALLEY,"output high, input low",-0.0955894155898761,-0.6928432031055913,-0.7334969600817102,-1.0379118793487745,0.06570051094396,0.0700900029504587,0.0177306192318412,0.4815456344614917,4.042789346642539,11.833333333333334,3.0596368086483223,0.3621152812451081
ARUNACHAL PRADESH|LOWER SUBANSIRI,ARUNACHAL PRADESH,LOWER SUBANSIRI,"output low, input low",-0.5061509040824763,-0.7661591150270552,-0.6621549574469737,-0.9492221166667048,0.0014673638050261,0.0,0.0,0.3189259356543167,3.0540818034689745,9.782608695652174,2.133517899098538,0.3373129301918141
ARUNACHAL PRADESH|PAPUM PARE,ARUNACHAL PRADESH,PAPUM PARE,"output low, input low",-0.1540386655558073,-0.2840094754195941,-0.1008254271377497,-1.156166516870233,0.0149300349825087,0.1856827732815392,0.0527585162761111,0.1613693563425359,3.145795032446583,11.043478260869565,2.187095941719147,0.3013630170333963
ARUNACHAL PRADESH|TAWANG,ARUNACHAL PRADESH,TAWANG,"output low, input low",-0.7421369394172682,-0.7069294372101129,-0.889143701891006,-0.8664581437293456,0.0,0.0,0.0,0.1073675717955893,5.610152745388318,8.347826086956522,4.992565514800645,0.6887263292252167
ARUNACHAL PRADESH|TIRAP,ARUNACHAL PRADESH,TIRAP,"output low, input low",-0.7267940321819647,-0.7462072956834709,-0.5924067159744049,-1.5296155262410984,0.0,0.0206185567010309,0.0,0.3587733856570078,3.486434628775522,8.869565217391305,3.041097289463804,0.4260284509637373
ARUNACHAL PRADESH|UPPER SIANG,ARUNACHAL PRADESH,UPPER SIANG,"output low, input low",-0.7106162034180151,-0.7623396530365465,-0.6592375337118914,-1.42831013851995,0.0,0.0,0.0212765957446808,0.300473077029482,3.0591124668714467,8.434782608695652,2.1710018736319854,0.3926845557989643
ARUNACHAL PRADESH|UPPER SUBANSIRI,ARUNACHAL PRADESH,UPPER SUBANSIRI,"output low, input low",-0.7220926019307536,-0.7913134631005713,-0.9037569454652852,-1.5711707765821694,0.0,0.0040650406504065,0.0,0.3859073476083565,3.6688006722893713,9.608695652173912,2.6231278995621987,0.4059081687082708
ARUNACHAL PRADESH|WEST KAMENG,ARUNACHAL PRADESH,WEST KAMENG,"output high, input low",-0.1518138838578039,-0.713462203817822,-0.9041717555479704,-0.4350739764788759,0.075376365898688,0.048470569434274,0.0075757575757575,0.3783603572540134,4.512136334531232,8.08695652173913,3.3328571021614395,0.5614285001593476
ARUNACHAL PRADESH|WEST SIANG,ARUNACHAL PRADESH,WEST SIANG,"output low, input low",-0.6397179232213792,-0.7620622871020735,0.0027577258655456,-1.1152034095058987,0.0143804959200479,0.0076033402577308,0.0082068327450913,0.4488362689882707,2.548917992771116,11.08695652173913,1.82915109723064,0.2527143473439374
ASSAM|BAKSA,ASSAM,BAKSA,"output high, input low",0.0850049820436116,-0.4853941849496317,-0.4443913270385435,-0.4716652695676706,0.0151898734177215,0.2227848101265822,0.1443037974683544,0.3870240853751322,3.343383558751379,31.066666666666663,1.7683897226577157,0.1076686774140481
ASSAM|BARPETA,ASSAM,BARPETA,"output high, input low",0.4206514463472426,-0.3841129135353639,-0.7253402620663971,-0.7237440764219136,0.0235732009925558,0.2369727047146402,0.1997518610421836,0.5037822496716623,4.451010275111925,29.695652173913043,2.224587452690648,0.1503132608936856
ASSAM|BONGAIGAON,ASSAM,BONGAIGAON,"output high, input low",0.1799746096145425,-0.6017973828543567,-0.8528223027809422,-0.4708275687874058,0.0148148148148148,0.1259259259259259,0.1037037037037037,0.1925967048464755,4.095108122455218,29.08695652173913,2.073956722381613,0.141137995969543
ASSAM|CACHAR,ASSAM,CACHAR,"output high, input low",0.4575807945834189,-0.5265483117254888,-0.597921932815191,-0.4153650905788973,0.0091093117408906,0.3572874493927125,0.0516194331983805,0.3746634403002806,2.051927454621944,29.0,1.340932852174221,0.0709826136483975
ASSAM|CHIRANG,ASSAM,CHIRANG,"output high, input low",0.0129008415638422,-0.7080455173337761,-0.7969880697380389,-1.136917628768074,0.0334821428571428,0.1116071428571428,0.0513392857142857,0.5078922445233135,4.46872061971254,30.866666666666667,2.334534074333332,0.1446451481459091
ASSAM|DARRANG,ASSAM,DARRANG,"output high, input low",0.0218190373911376,-0.4416584783905819,-0.7912233167138697,-0.7118878720789443,0.0182926829268292,0.173780487804878,0.1554878048780487,0.3962103864669431,4.277188605850098,28.95652173913044,2.22455359630407,0.147450758700601
ASSAM|DHEMAJI,ASSAM,DHEMAJI,"output high, input low",0.0122693413303923,-0.6470517828418413,-0.5197296459206933,-0.6985591819067793,0.0536626916524701,0.1286201022146507,0.0229982964224872,0.4045661029599764,2.7221452587922315,29.565217391304348,1.7513126701646566,0.0927405326480443
ASSAM|DHUBRI,ASSAM,DHUBRI,"output high, input low",0.2210417253273998,-0.5387055087445456,-0.7531576955317423,-0.8928657499944834,0.0389105058365758,0.1582360570687419,0.1167315175097276,0.4377987910903047,4.763405045979532,28.60869565217392,2.4461300286726844,0.1674027544510481
ASSAM|DIBRUGARH,ASSAM,DIBRUGARH,"output high, input low",-0.0781149018780023,-0.6370428682716716,-0.7229097022820548,-0.4066855484049354,0.0106951871657754,0.2116119174942704,0.0656990068754774,0.1384869226996868,2.0205704309995203,26.39130434782609,1.3671585661932404,0.0769630943944565
ASSAM|GOALPARA,ASSAM,GOALPARA,"output high, input low",0.1182589161737908,-0.5384670861225201,-0.6896323469128443,-0.6313786335202599,0.0154639175257731,0.1585051546391752,0.0824742268041237,0.2337099945329758,3.6721226111223984,29.347826086956523,1.8534073916531584,0.1258685219015929
ASSAM|GOLAGHAT,ASSAM,GOLAGHAT,"output high, input low",0.0456758757079194,-0.649736626055349,-0.8390434860900493,-0.818467121114714,0.0236920039486673,0.1984205330700888,0.0740375123395853,0.272096146724136,2.92027827971587,28.565217391304348,1.6576252546785013,0.1025260768121255
ASSAM|HAILAKANDI,ASSAM,HAILAKANDI,"output high, input low",0.1683699510305409,-0.3180221791424674,-0.8494846245126033,0.0908854701009122,0.0093457943925233,0.2772585669781931,0.2274143302180685,0.1936296554285805,2.186868623076322,26.347826086956523,1.4124395955332247,0.0833672465807542
ASSAM|JORHAT,ASSAM,JORHAT,"output high, input low",0.1775603801993325,-0.2796064401079815,-0.4161799895465184,-0.6954261473545758,0.025065963060686,0.2467018469656992,0.20844327176781,0.3294906469649756,2.771662185292806,27.73913043478261,1.6671332485476686,0.1006112081026767
ASSAM|KAMRUP,ASSAM,KAMRUP,"output high, input low",0.3801301246343914,-0.4464582289941018,-0.625089593227299,-0.2781319599215699,0.036498762653783,0.2295247724974722,0.1051567239635996,0.4277966233034442,3.4636513824230786,29.43478260869565,1.8060065764025752,0.1182707725506533
ASSAM|KAMRUP METRO,ASSAM,KAMRUP METRO,"output high, input low",0.4450135363897091,-0.3015529034569001,-0.3499850197168314,0.6133407149047768,0.0102564102564102,0.2974358974358974,0.1435897435897435,0.4987320115823126,2.347926466357332,29.866666666666667,1.4166441210762362,0.0788421709214675
ASSAM|KARBI ANGLONG,ASSAM,KARBI ANGLONG,"output high, input low",0.5951438697052192,-0.5543891552283153,-0.757576682214751,-0.5510275098320597,0.0120533792509685,0.4253955413884554,0.0652313806067037,0.4180277980143869,3.738974683162284,29.52173913043478,1.993888765904348,0.1266242116168623
ASSAM|KARIMGANJ,ASSAM,KARIMGANJ,"output high, input low",0.5094102396950684,-0.2824194704773178,-0.2998581113107708,0.2328978915106332,0.0159857904085257,0.3605683836589698,0.103019538188277,0.3084315978265232,1.7468580411481227,25.869565217391305,1.2437886905689488,0.0685891514563751
ASSAM|KOKRAJHAR,ASSAM,KOKRAJHAR,"output high, input low",0.7792983023741106,-0.4279508037735684,-0.593898903097577,-0.3943622298910316,0.0911764705882352,0.2411764705882353,0.0691176470588235,0.4906621332894974,3.706297612193048,29.695652173913043,2.0220275488621176,0.1250403305102445
ASSAM|LAKHIMPUR,ASSAM,LAKHIMPUR,"output low, input low",-0.1587851682306991,-0.6066770428329082,-0.6396638357929767,-0.2791768604459335,0.0096660808435852,0.156414762741652,0.0527240773286467,0.2147892996822352,2.798988065725109,29.60869565217392,1.7511417450448004,0.0945741368298686
ASSAM|MARIGAON,ASSAM,MARIGAON,"output high, input low",0.0416611554000223,-0.3852121715378548,-0.6080190718535334,-0.5452322395302962,0.0117647058823529,0.146218487394958,0.1445378151260504,0.3963866688733376,3.167591187069784,29.60869565217392,1.7382699362731302,0.1073551541922179
ASSAM|NAGAON,ASSAM,NAGAON,"output high, input low",0.1836936346829625,-0.4966510045412334,-0.6239963191479434,-0.2287256156845402,0.0257441673370876,0.1496379726468222,0.1520514883346741,0.3710225386094416,3.49046657879462,29.565217391304348,1.826907733734006,0.1188789319661342
ASSAM|NALBARI,ASSAM,NALBARI,"output high, input high",0.3992082819377196,0.0631274259522193,0.0623429325954852,-0.204616342255259,0.0248306997742663,0.2234762979683973,0.2365572726746541,0.3926769136561964,3.1256852764345022,29.565217391304348,1.720164247142041,0.1061890021340181
ASSAM|SIVASAGAR,ASSAM,SIVASAGAR,"output high, input low",0.1214822732796802,-0.5325436518730642,-0.8192906990815159,-0.3630602380907322,0.017412935323383,0.2350746268656716,0.1293532338308457,0.1749989698103681,1.691595712785146,27.695652173913043,1.223119620390395,0.0614591358718071
ASSAM|SONITPUR,ASSAM,SONITPUR,"output high, input low",0.2222462103704183,-0.4597577487362654,-0.6462124983748653,-0.4705970036898435,0.0085443372333809,0.2666244458518049,0.1082963901203293,0.3970940940481943,3.442084551322634,29.60869565217392,1.838953062092918,0.1166463722799462
ASSAM|TINSUKIA,ASSAM,TINSUKIA,"output high, input low",0.0163474930190972,-0.6866928284402225,-0.7175048760588862,-0.4305419565107384,0.004492362982929,0.2452830188679245,0.0377358490566037,0.2339731733550226,2.8590541446922955,28.43478260869565,1.7051180601541127,0.1007666367397944
ASSAM|UDALGURI,ASSAM,UDALGURI,"output high, input low",0.3018369037142323,-0.5984697268752084,-0.6894049106255771,-0.9176269665561884,0.0093283582089552,0.3041044776119403,0.0764925373134328,0.5609018723325944,3.669608302205368,29.73333333333333,1.9094117481684585,0.123546414367431
BIHAR|ARARIA,BIHAR,ARARIA,"output high, input high",0.9612268578585252,-0.2334724694769038,0.1780538949437797,0.6421682054588652,0.0184921763869132,0.4807965860597439,0.1536273115220483,0.6935813047684732,5.343416902610531,24.0,3.5492178106116907,0.2369451751615823
BIHAR|ARWAL,BIHAR,ARWAL,"output high, input high",0.004022984492138,-0.1066058289928354,-0.124992950390815,-0.168617824455905,0.0501672240802675,0.0535117056856187,0.1705685618729097,0.8485735855938428,3.668289196725976,22.375,2.4613996094020365,0.1676205181565326
BIHAR|AURANGABAD,BIHAR,AURANGABAD,"output low, input low",-0.3022287566254325,-0.5282546520256448,-0.3108788784547708,0.113832130018967,0.0178160919540229,0.075287356321839,0.0718390804597701,0.7535827065821804,3.587204803435161,21.73913043478261,2.5040127979353524,0.1714987156743323
BIHAR|BANKA,BIHAR,BANKA,"output high, input low",0.371666172718239,-0.551078229594125,-0.5390618084168148,-0.226782501456621,0.0207591933570581,0.3564650059311981,0.066429418742586,0.7507611366732023,3.5008725780004744,20.82608695652174,2.2189405687395496,0.1718720867416825
BIHAR|BEGUSARAI,BIHAR,BEGUSARAI,"output high, input high",0.3901869639700346,0.2148800258046255,-0.0232615774488705,0.8560150566384621,0.017725258493353,0.2186115214180206,0.293943870014771,0.7687834564641167,4.531028256976802,27.52173913043478,3.389511554576011,0.1679678356053071
BIHAR|BHAGALPUR,BIHAR,BHAGALPUR,"output high, input low",0.5708102289856418,-0.3348681803192933,-0.5130386078038908,0.5744221914374271,0.0356393845496313,0.3434554973821989,0.1235602094240837,0.6010865689898502,6.1225405464450535,29.17391304347826,4.298023015543378,0.2131451514548669
BIHAR|BHOJPUR,BIHAR,BHOJPUR,"output high, input low",0.1189435513226091,-0.3616543601983316,-0.0405904765501235,0.243437397245386,0.0351758793969849,0.1537688442211055,0.1417085427135678,0.7916596099476796,3.862116930279257,23.043478260869566,2.707536733917552,0.1692117450511296
BIHAR|BUXAR,BIHAR,BUXAR,"output high, input low",0.0642335575103977,-0.3035192513488508,-0.1188269245780424,0.2848894425125095,0.0587529976019184,0.1139088729016786,0.1199040767386091,0.8736463059311206,3.709666282503525,20.30434782608696,2.6422255074947207,0.1838760214729954
BIHAR|DARBHANGA,BIHAR,DARBHANGA,"output high, input low",0.5162042088278674,-0.316581217761167,-0.0336922201038139,0.3987513860961876,0.017357762777242,0.3654773384763741,0.1599179883868008,0.6702723577265116,3.869037630874709,22.26086956521739,2.8512593561024664,0.179894442536662
BIHAR|GAYA,BIHAR,GAYA,"output high, input low",0.082331338408773,-0.4473575727391286,-0.377452632694452,0.1333507213304553,0.0287528005974607,0.1676624346527259,0.0888722927557879,0.7441754441703362,4.106808648790346,26.08695652173913,2.703381321744847,0.1627349676324942
BIHAR|GOPALGANJ,BIHAR,GOPALGANJ,"output high, input low",0.3104989696364109,-0.4203023044200324,-0.263439379332787,-0.246307899345613,0.0409777138749101,0.1653486700215672,0.0963335729690869,0.7821905931746937,3.888958486435736,22.695652173913043,3.0241954293382696,0.1869208299079832
BIHAR|JAMUI,BIHAR,JAMUI,"output high, input low",0.2248737716583536,-0.5599004410946703,-0.4526009677262216,-0.0861940610569592,0.0128495842781557,0.2486772486772486,0.063870162432952,0.5486783431511425,3.541687948906036,16.82608695652174,2.3444310005779387,0.2139224940311446
BIHAR|JEHANABAD,BIHAR,JEHANABAD,"output low, input low",-0.2752364679386774,-0.3218036248153765,0.2290919306258289,0.117801043309683,0.0315398886827458,0.0278293135435992,0.1224489795918367,0.7975164015217201,3.921496978281875,22.347826086956523,2.8009111938462103,0.1813939016694922
BIHAR|KAIMUR (BHABUA),BIHAR,KAIMUR (BHABUA),"output low, input low",-0.2887890858563354,-0.5169417053328389,-0.4735623762551253,-0.2288104337645377,0.0285285285285285,0.0307807807807807,0.0548048048048048,0.7315522907013421,3.2720999236367647,19.52173913043478,2.397771825882085,0.1755675952444081
BIHAR|KATIHAR,BIHAR,KATIHAR,"output high, input low",0.6395322246935021,-0.3053299920467854,-0.4874641875737101,0.4924429276880716,0.0298039215686274,0.3662745098039215,0.1490196078431372,0.7348104519466329,5.170205913259753,26.65217391304348,3.644082195307144,0.1993139987483672
BIHAR|KHAGARIA,BIHAR,KHAGARIA,"output high, input high",0.4528402891319982,0.7259074248674436,0.9830399932748248,1.0128980098336324,0.0168067226890756,0.1260504201680672,0.3655462184873949,0.7200596304694499,4.6538592002718895,27.08695652173913,3.329221380182874,0.1736934425513712
BIHAR|KISHANGANJ,BIHAR,KISHANGANJ,"output high, input low",0.5326100556780881,-0.4860587476278685,-0.5398986749327556,0.0314559070320881,0.0232240437158469,0.3483606557377049,0.1120218579234972,0.6582876039083358,4.460526693873209,25.43478260869565,2.781069236216605,0.1799571600702297
BIHAR|LAKHISARAI,BIHAR,LAKHISARAI,"output low, input low",-0.3977301463943882,-0.3804259803165619,-0.1342739304521918,0.6912821927791324,0.0138121546961325,0.0165745856353591,0.0662983425414364,0.6531652970513437,4.557141666099619,13.478260869565217,3.341660893069088,0.3457025455265748
BIHAR|MADHEPURA,BIHAR,MADHEPURA,"output high, input high",0.8087239600822397,0.2148094381726926,0.3609492272256917,0.3506218635896326,0.0,0.4825581395348837,0.2577093114598366,0.731835632327281,5.5885940982538855,25.869565217391305,4.023413455066256,0.2228878560254705
BIHAR|MADHUBANI,BIHAR,MADHUBANI,"output high, input high",0.7487457518814645,-0.1494023373868794,0.2783344802612227,0.4798636740939214,0.0079840319361277,0.4870259481037924,0.156686626746507,0.6389021099510342,3.092175581242804,27.52173913043478,2.2312908680800017,0.1141506031750569
BIHAR|MUNGER,BIHAR,MUNGER,"output high, input low",0.4862178058702701,-0.4828014860372617,-0.4344006871734329,0.0691473406964367,0.0812854442344045,0.1833648393194707,0.0850661625708884,0.7418123176991236,3.6612329739954346,18.43478260869565,2.741200975353624,0.1995757008384264
BIHAR|MUZAFFARPUR,BIHAR,MUZAFFARPUR,"output high, input high",0.933518298925165,0.3453782992040172,0.4779027798287065,1.0732862201359747,0.0627990430622009,0.3510765550239234,0.2837883887837988,0.7129768158932058,4.190756207559872,25.95652173913044,3.1381114208428613,0.1677816120784991
BIHAR|NALANDA,BIHAR,NALANDA,"output high, input low",-0.0935572107518271,-0.3611610336160199,0.131296338950443,0.5046200088264997,0.0424671385237613,0.0222446916076845,0.1247798109917014,0.8368587059226207,3.8176557309166297,22.043478260869566,2.782671462232129,0.1767434056409853
BIHAR|NAWADA,BIHAR,NAWADA,"output high, input high",0.1967271231329395,-0.2052680689338716,0.1911707241298533,0.3432903465608828,0.0378548895899053,0.1261829652996845,0.1303890641430073,0.6809226309784843,3.463760969810048,24.782608695652176,2.442982204187467,0.1426795366287762
BIHAR|PASHCHIM CHAMPARAN,BIHAR,PASHCHIM CHAMPARAN,"output high, input high",0.7824286644820048,-0.2310523011308469,-0.2453422910117931,0.25080791663301,0.0539143279172821,0.3655834564254062,0.172821270310192,0.6965214969415067,4.5734728329578616,26.73913043478261,3.357262383277796,0.1720920593309697
BIHAR|PATNA,BIHAR,PATNA,"output high, input high",-0.0724387192803884,-0.2389712424795775,-0.0383769002524622,0.3811408399354542,0.0302066772655007,0.0794912559618442,0.151033386327504,0.7197145370540692,5.222320373862245,21.47826086956522,3.8498105272433616,0.2487717565149759
BIHAR|PURBI CHAMPARAN,BIHAR,PURBI CHAMPARAN,"output high, input high",0.5736245120425129,0.2134436292163284,0.5952246579437229,0.981850310389387,0.0202101859337105,0.2942603071948262,0.2690205684024029,0.7259899264356178,3.6945611858449263,23.60869565217392,2.7169785351213305,0.1736576424182651
BIHAR|PURNIA,BIHAR,PURNIA,"output high, input high",1.0539909952855973,-0.1166360811038435,-0.0624911136949539,0.2874836430975049,0.0156682027649769,0.4811059907834101,0.1870967741935484,0.6946303328141962,5.279042596253841,23.91304347826087,3.719514214089527,0.2266956755221577
BIHAR|ROHTAS,BIHAR,ROHTAS,"output high, input high",0.0134078794026321,-0.1282784238650289,0.3740867853786485,0.2454780374845165,0.028588098016336,0.102100350058343,0.1225204200700116,0.8451874872804761,2.821028073435368,22.869565217391305,2.219792410532666,0.1291248621572462
BIHAR|SAHARSA,BIHAR,SAHARSA,"output high, input high",0.4791373802445866,-0.1582184523130748,0.1802580968680434,0.405552424982247,0.032258064516129,0.2811059907834101,0.1612903225806451,0.7111574739961167,4.242754562962083,23.0,3.3126305726930174,0.1901919760621763
BIHAR|SAMASTIPUR,BIHAR,SAMASTIPUR,"output high, input high",1.009878223559064,0.1423366090083002,0.2399818219127416,0.8712602060507455,0.036248592417824,0.4931631722880583,0.2871467639015497,0.7858543908028071,5.807920959647393,27.695652173913043,4.187364579675488,0.2119281629309251
BIHAR|SARAN,BIHAR,SARAN,"output high, input high",1.2275599588098716,0.2315662969282252,0.1550321385700506,1.0527113598574722,0.0849673202614379,0.3130718954248366,0.226797385620915,0.7099898298149622,3.678775542890349,22.82608695652174,2.907379867010468,0.1646182436793614
BIHAR|SHEIKHPURA,BIHAR,SHEIKHPURA,"output low, input high",-0.5302079721326539,-0.0697345060139154,-0.1576695625202975,0.0799685141597247,0.0038461538461538,0.0,0.1346153846153846,0.5854203100035376,3.758042810197233,14.869565217391305,2.7615076384654778,0.2570558368761299
BIHAR|SHEOHAR,BIHAR,SHEOHAR,"output high, input high",0.3586762655564267,-0.2334644371938756,-0.0835205813402615,0.3922188005431363,0.0053191489361702,0.3031914893617021,0.1276595744680851,0.6791022090676422,3.728601542614371,19.65217391304348,2.595449102402166,0.1913790361004223
BIHAR|SITAMARHI,BIHAR,SITAMARHI,"output high, input high",1.0395428007621492,-0.0345666410125923,0.3616654551441264,0.660473421279193,0.020434227330779,0.5223499361430396,0.1954022988505747,0.621847111242472,3.770159315422734,23.565217391304348,2.727027041004512,0.1686972132196138
BIHAR|SIWAN,BIHAR,SIWAN,"output high, input high",0.5194685445823267,-0.0522624689201769,0.0578200146625462,0.2718943014511081,0.0385694249649368,0.217391304347826,0.1718092566619916,0.73167842303638,3.661331059796957,26.217391304347824,2.7444703228704936,0.1417016841291595
BIHAR|SUPAUL,BIHAR,SUPAUL,"output high, input high",0.6077430810684868,-0.2199330433062348,0.3495975954732652,0.760585849200571,0.0,0.4230019493177387,0.2105263157894736,0.7240725562681781,5.532292403037493,25.30434782608696,3.5714356255259285,0.2245293407418244
BIHAR|VAISHALI,BIHAR,VAISHALI,"output high, input high",1.1414150975576691,0.0169834355040435,-0.0784274027457791,0.4974459769551284,0.0703125,0.4524147727272727,0.2088068181818181,0.683229747949789,5.451070612574969,25.695652173913043,4.195712933273423,0.2176128074127404
CHHATTISGARH|BASTAR,CHHATTISGARH,BASTAR,"output high, input high",0.6239353602167381,-0.1541205769592997,0.0045385398001501,-0.0244570950332957,0.0153153153153153,0.4642586383852207,0.0711711711711711,0.1725652026118528,2.865753706364808,33.47826086956522,1.7131228872280002,0.0956028939645381
CHHATTISGARH|BIJAPUR,CHHATTISGARH,BIJAPUR,"output low, input low",-0.5421352074222565,-0.607122277925777,-0.6391098181855932,-1.4622014465766902,0.0071428571428571,0.0678571428571428,0.0125,0.2012129182463943,1.4242564216143574,23.928571428571427,1.1281571102069317,0.0594749437360771
CHHATTISGARH|BILASPUR,CHHATTISGARH,BILASPUR,"output high, input high",0.2596768937504709,-0.2030417435678105,0.3636014863306464,-0.0995405308744175,0.0059970014992503,0.3680659670164917,0.1101949025487256,0.5485557414474126,3.012601997212716,32.91304347826087,1.9577618927720704,0.1135523638202405
CHHATTISGARH|DAKSHIN BASTAR DANTEWADA,CHHATTISGARH,DAKSHIN BASTAR DANTEWADA,"output high, input low",-0.0872165625182638,-0.3004672278866034,0.2211605966374054,-0.9322237957048242,0.0055762081784386,0.241635687732342,0.0408921933085501,0.096263743380116,2.6185062637492,29.8,1.849209227244416,0.0880897941372388
CHHATTISGARH|DHAMTARI,CHHATTISGARH,DHAMTARI,"output high, input high",0.4335540394614299,-0.0107223626903232,0.2925767252457167,-0.1722800373605051,0.0,0.4324473257698541,0.1742832091726218,0.7033708964427958,2.409384825105084,31.818181818181817,1.5768514681374457,0.0785782626432316
CHHATTISGARH|DURG,CHHATTISGARH,DURG,"output high, input high",0.4723846291374632,0.0186495126383765,0.4337259285905426,-0.1462128133615107,0.002844141069397,0.4453924914675768,0.1803185437997724,0.5414991389338196,3.3778559004319897,30.91304347826087,2.2011645684729406,0.1235190810776141
CHHATTISGARH|JANJGIR-CHAMPA,CHHATTISGARH,JANJGIR-CHAMPA,"output high, input high",0.6644690700111866,0.1333255903500126,1.061499147989353,-0.2129081171956733,0.009090909090909,0.5068181818181818,0.1772727272727272,0.7343730933193229,1.645214744045065,31.727272727272727,1.230486803188035,0.0542505961278151
CHHATTISGARH|JASHPUR,CHHATTISGARH,JASHPUR,"output high, input low",-0.138043785878994,-0.324470863579883,-0.0087543682737869,-0.0773830368638167,0.0026560424966799,0.2310756972111553,0.0690571049136786,0.1153608234664538,3.4658242756392763,34.22727272727273,1.8976499524053847,0.1047028761821142
CHHATTISGARH|KABIRDHAM,CHHATTISGARH,KABIRDHAM,"output low, input high",-0.1851581654034699,-0.1877344564402034,0.5737876526320941,-0.4239690365697035,0.0054642442513669,0.2025316455696202,0.1060899989738203,0.4788707592573364,5.743047824117761,30.05,3.862391776686844,0.1920678454851229
CHHATTISGARH|KANKER,CHHATTISGARH,KANKER,"output high, input low",0.1377160112836497,-0.3425819005662831,0.0746991416084409,-0.6266448924512212,0.007532956685499,0.3135593220338983,0.064030131826742,0.2171058763619465,2.642346789687974,31.818181818181817,1.5994399587399857,0.0864004084449688
CHHATTISGARH|KORBA,CHHATTISGARH,KORBA,"output high, input high",0.5421752433121038,0.0470141310070004,0.5337121193153418,0.10491586486983,0.0199430199430199,0.4145299145299145,0.1267806267806268,0.2153078609404016,2.7289412749351785,33.18181818181818,1.559150676621683,0.0853702456594868
CHHATTISGARH|KOREA,CHHATTISGARH,KOREA,"output low, input low",-0.1575826000955646,-0.4904280307416586,-0.4251032300459151,-0.3062360121845274,0.0016181229773462,0.227627506392141,0.0388349514563106,0.158288513971416,5.051962313210311,33.15,2.55500701627025,0.1524484348281204
CHHATTISGARH|MAHASAMUND,CHHATTISGARH,MAHASAMUND,"output high, input high",-0.1020816606835058,-0.2486039190506056,0.1219918185728699,-0.4742245993172361,0.0045004500450045,0.2301086446672836,0.1323132313231323,0.361946855526887,1.7258745956187689,30.954545454545453,1.248340841498665,0.0577446552716143
CHHATTISGARH|NARAYANPUR,CHHATTISGARH,NARAYANPUR,"output low, input low",-0.4090699833061176,-0.6977920494179214,-0.6490449484509491,-1.5429650764525973,0.0054054054054054,0.1189189189189189,0.0135135135135135,0.0425767750513262,2.7806929170942185,24.466666666666665,1.748730092504668,0.1706532783575781
CHHATTISGARH|RAIGARH,CHHATTISGARH,RAIGARH,"output high, input low",0.0079872931094829,-0.3054620418914203,-0.0650580794487172,-0.451180977591577,0.0021321961620469,0.2857142857142857,0.0867093105899076,0.3068284949356733,2.6139331579408034,35.65,1.5078662661833424,0.0732883580295549
CHHATTISGARH|RAIPUR,CHHATTISGARH,RAIPUR,"output high, input high",0.3391953412896242,-0.1219518786998919,0.4866540869586795,-0.3851650032803431,0.0053088803088803,0.3987361464996204,0.1314932732114116,0.5488577896509107,2.2910809593942005,32.0,1.6015351964629077,0.089067596708369
CHHATTISGARH|RAJNANDGAON,CHHATTISGARH,RAJNANDGAON,"output high, input high",0.0648660363143183,-0.2459725660082033,0.8374489390557859,-0.2756535465013639,0.0025094102885821,0.3042659974905897,0.1079046424090338,0.3335823417964269,4.212741335338463,34.43478260869565,2.531021310071355,0.1382110046001639
CHHATTISGARH|SURGUJA,CHHATTISGARH,SURGUJA,"output high, input high",0.2112952993301051,-0.197735199355006,0.4021079197053557,0.0549319770419264,0.0057670126874279,0.3425605536332179,0.087944523497319,0.3068211135473403,5.387188504502999,34.391304347826086,2.7045049088739352,0.176488365471344
GOA|NORTH GOA,GOA,NORTH GOA,"output low, input high",-0.5864055919418962,-0.0639427702902392,0.0425785889390124,0.835263286552584,0.0123456790123456,0.0308641975308641,0.0555555555555555,0.214115996697649,3.206649047061228,8.235294117647058,2.518352756794142,0.4053588758130746
GOA|SOUTH GOA,GOA,SOUTH GOA,"output low, input low",-0.3551463659933851,-0.4948993810573792,-0.5904002922519687,0.9583841160124806,0.0263157894736842,0.0087719298245614,0.0964912280701754,0.1430038166659828,2.999533303050555,7.9411764705882355,2.567986014423888,0.3689158755693876
GUJARAT|AHMADABAD,GUJARAT,AHMADABAD,"output high, input high",1.5160163091551342,3.334201957184036,4.144650033924844,1.2596356146681722,0.1428571428571428,0.0841836734693877,0.5535714285714286,0.6030701520545395,5.588041948201423,19.869565217391305,4.271615712211752,0.2814593007684024
GUJARAT|AMRELI,GUJARAT,AMRELI,"output high, input high",2.342255576197634,3.2899250569461813,3.9826178454282415,1.0758943104132468,0.3920265780730897,0.0498338870431893,0.6777408637873754,0.4039581275297443,3.4824205989708603,18.782608695652176,2.420445375723497,0.1859799071633442
GUJARAT|ANAND,GUJARAT,ANAND,"output high, input high",1.9219527860525965,4.144680656190014,4.475701535080566,1.0053408831959123,0.1381381381381381,0.0,0.8048048048048048,0.8674006984775758,5.744517518428605,21.0,4.38569124307842,0.2750030167118373
GUJARAT|BANAS KANTHA,GUJARAT,BANAS KANTHA,"output high, input high",0.9803546273588214,3.4855441211586924,5.109148448544443,0.5046271565743086,0.0765290735989275,0.0399636693914623,0.6358628134125207,0.667103663769701,8.210856347900965,21.695652173913043,5.979849584089301,0.3798603589791109
GUJARAT|BHARUCH,GUJARAT,BHARUCH,"output high, input high",0.3642036476303494,1.9648660341214363,3.1319685990516204,0.2510691821037928,0.0904255319148936,0.1028368794326241,0.427304964539007,0.6736403017149913,6.558148446863302,20.60869565217392,4.229261846540415,0.319186256254245
GUJARAT|BHAVNAGAR,GUJARAT,BHAVNAGAR,"output high, input high",2.023407209379604,3.2807015673715,4.512243065254316,1.0736215962582845,0.2091503267973856,0.1655287114845938,0.635124883286648,0.5235756824431533,4.5396374408390745,19.17391304347826,3.302198923568443,0.2366711095671107
GUJARAT|DANG,GUJARAT,DANG,"output low, input low",-0.5120719001765741,-0.7639950797646289,-0.9219210221268554,0.1966135259476166,0.0,0.1074380165289256,0.0082644628099173,0.27900488216402,7.677429332263654,13.347826086956522,5.982731475715303,0.5791332816460065
GUJARAT|DOHAD,GUJARAT,DOHAD,"output high, input high",1.1313350681576224,4.478428742414924,3.9446083839067247,3.11850335608157,0.0564663023679417,0.3624772313296903,0.6174863387978142,0.403925673283915,5.731415017290229,19.41176470588235,4.21551534672807,0.2962242582716358
GUJARAT|GANDHINAGAR,GUJARAT,GANDHINAGAR,"output high, input high",0.6854744264150529,1.897026334307903,2.590749672501622,1.411483831138333,0.0353982300884955,0.1150442477876106,0.4867256637168141,0.7005707141375879,8.669857053284934,17.956521739130434,6.823036906257085,0.4874835684901661
GUJARAT|JAMNAGAR,GUJARAT,JAMNAGAR,"output high, input high",2.023610728668436,2.676231103498594,3.684411214585121,0.5584509764768331,0.1915887850467289,0.057632398753894,0.6821552170932741,0.5116374994860811,3.648655243271341,19.08695652173913,2.429838446847887,0.1920137300449381
GUJARAT|JUNAGADH,GUJARAT,JUNAGADH,"output high, input high",1.4707979127665336,3.917164136856812,5.471679677141218,0.7383473841040076,0.070242656449553,0.0893997445721583,0.7586206896551724,0.6539007553885451,3.694872676168744,18.869565217391305,2.360076771247017,0.1969635919887323
GUJARAT|KACHCHH,GUJARAT,KACHCHH,"output high, input high",1.0878175970951156,2.00902539943545,2.5413240147475498,0.4370863807370037,0.1257200811359026,0.0847058823529411,0.4223529411764706,0.3710139981305857,8.450591733283362,17.73913043478261,7.295995251956456,0.4790096256640703
GUJARAT|KHEDA,GUJARAT,KHEDA,"output high, input high",1.861589382639061,3.020781190098873,3.8212726496024993,1.0971794838763298,0.1733380997459362,0.0552995391705069,0.6474654377880185,0.6685621372730508,7.358601470769473,23.82608695652174,5.408388965251501,0.309585367920212
GUJARAT|MAHESANA,GUJARAT,MAHESANA,"output high, input high",1.8390280268247832,2.950427065864405,4.114386075546875,0.6592709108626629,0.2340181183449872,0.0707269155206286,0.7000003524347093,0.7913462693253532,9.009281654924589,22.65217391304348,6.863043947559532,0.3984059682179611
GUJARAT|NARMADA,GUJARAT,NARMADA,"output low, input high",-0.2755741093047832,2.145796249693669,2.4674594661666034,-0.2861729275699178,0.0421286031042128,0.0687361419068736,0.2283813747228381,0.4380913305055945,7.393899140362425,18.529411764705884,4.969018272529694,0.4055436602979843
GUJARAT|NAVSARI,GUJARAT,NAVSARI,"output high, input high",0.6762884870404454,1.028498965580134,2.023898082917218,0.5574341544158994,0.0375722543352601,0.3786127167630058,0.3439306358381503,0.6354979695319224,3.0578355425901504,17.352941176470587,2.1016459618599543,0.1775341500012308
GUJARAT|PANCH MAHALS,GUJARAT,PANCH MAHALS,"output high, input high",0.5328164834752244,2.8840237073295025,3.8287076460103,1.238307327706985,0.0843585237258348,0.0738137082601054,0.4833040421792619,0.5640617169912996,6.01310901041484,24.17391304347826,3.9367220580921822,0.249685057148429
GUJARAT|PATAN,GUJARAT,PATAN,"output high, input high",2.0188164016395604,3.5821690210487964,3.696423160812569,0.8568574297741798,0.1603053435114503,0.1145038167938931,0.7612889660824733,0.5194623316422058,7.909455765274669,19.352941176470587,6.109223669851728,0.4125830352268243
GUJARAT|PORBANDAR,GUJARAT,PORBANDAR,"output high, input high",1.7244624651398954,0.0960465269176823,1.7078610847939646,0.5672800351871045,0.3125,0.0486111111111111,0.3611111111111111,0.5055180401851396,3.815440080592469,14.176470588235292,2.53231027909962,0.2688439800170986
GUJARAT|RAJKOT,GUJARAT,RAJKOT,"output high, input high",1.8501339389902824,2.9284852911696504,2.8103379393754766,0.6929014267195199,0.2337164750957854,0.0708812260536398,0.6417624521072797,0.5182303166083236,3.8775062053225007,19.65217391304348,2.827754939268136,0.1992432047068737
GUJARAT|SABAR KANTHA,GUJARAT,SABAR KANTHA,"output high, input high",1.590261761583088,1.352152050439714,1.6718355433191432,0.3376718002350532,0.224168097575144,0.0275022695566809,0.3755190506398236,0.6607054690015309,8.816480987802617,21.217391304347824,6.491273139370676,0.4163663039937589
GUJARAT|SURAT,GUJARAT,SURAT,"output high, input high",2.6383002247328515,2.018962796919896,2.0484164524682686,0.6440097489367735,0.4209726443768997,0.1367781155015197,0.6398176291793313,0.7010526093948113,5.729928043283865,22.43478260869565,3.868809406963386,0.2574739044918371
GUJARAT|SURENDRANAGAR,GUJARAT,SURENDRANAGAR,"output high, input high",1.4944594249606509,2.7063524109434747,3.7774771062895818,0.8834179591137638,0.1819887429643527,0.048780487804878,0.5834896810506567,0.5825795756285759,3.6259099220470272,18.60869565217392,2.260675934717155,0.196610356736692
GUJARAT|TAPI,GUJARAT,TAPI,"output high, input high",1.361327331304352,1.662298832685352,1.6868134652025022,0.2720935671879951,0.064066852367688,0.2479108635097493,0.6016713091922006,0.6260973128017119,7.869564532783918,18.916666666666668,5.466984297364351,0.4180581488359637
GUJARAT|VADODARA,GUJARAT,VADODARA,"output high, input high",1.033362618238198,2.403191952576626,3.664698932112732,0.6806638343229198,0.1361926260346125,0.073739653875094,0.4341610233258088,0.6300513248030034,7.975570404621792,25.08695652173913,5.320170927552224,0.3192893370213102
GUJARAT|VALSAD,GUJARAT,VALSAD,"output high, input high",1.3724010009722465,3.779936179988436,3.2284733064779614,0.3205274566590956,0.0367647058823529,0.3553921568627451,0.8357843137254902,0.4262137548947779,3.892143220286232,15.304347826086955,2.4238494497971708,0.2571608744258132
HARYANA|AMBALA,HARYANA,AMBALA,"output high, input high",-0.142716974545439,0.4063481730244797,0.6428458754520704,-0.5353829116234737,0.0788381742738589,0.0082987551867219,0.2033195020746888,0.913481821061236,3.3293251889515134,18.73913043478261,2.617206174493524,0.1910915975613406
HARYANA|BHIWANI,HARYANA,BHIWANI,"output low, input high",-0.5819998838166868,-0.0173529931837167,-0.3235366706343003,0.1587365619814593,0.0148367952522255,0.0029673590504451,0.2403560830860534,0.7041641163990632,5.608499397790831,19.17391304347826,4.657269521154635,0.3000747525720955
HARYANA|FATEHABAD,HARYANA,FATEHABAD,"output low, input high",-0.2336899232132559,0.6302640787032736,0.7590219237851232,0.0045603863965071,0.0713583828552711,0.0,0.3098591549295774,0.8376223815151526,3.8409792604780137,18.043478260869566,3.0614463756322343,0.2216289871887773
HARYANA|GURGAON,HARYANA,GURGAON,"output low, input low",-0.2222038775194696,-0.3481645695074985,-0.3046105723652121,0.1353297609076402,0.0784313725490196,0.0065359477124183,0.0588235294117647,0.926607779108934,3.9442157220063416,16.695652173913043,3.036061948409392,0.2451196003228502
HARYANA|HISAR,HARYANA,HISAR,"output low, input high",-0.4857160410274386,0.4173693539312697,0.0436197997487942,0.6436477810490285,0.0349650349650349,0.0,0.5244755244755245,0.8811084837184094,5.179098793006835,19.565217391304348,4.003628455318593,0.2713117629129657
HARYANA|JHAJJAR,HARYANA,JHAJJAR,"output low, input high",-0.4252496929526419,0.0940802301258039,-0.1300521115544887,0.1883903190863591,0.0224719101123595,0.0224719101123595,0.2022471910112359,0.8203317066779913,5.086341989742112,17.0,3.711754987485589,0.3029253467103698
HARYANA|JIND,HARYANA,JIND,"output low, input high",-0.5650434029044528,0.4701522460405141,-0.3601180407603936,0.4489450780021338,0.0257731958762886,0.0103092783505154,0.4587628865979381,0.9380916067665588,3.773411152746376,16.0,2.969689163187362,0.2407893656277525
HARYANA|KAITHAL,HARYANA,KAITHAL,"output high, input high",0.2458377894662465,0.4172839544734024,-0.1625904209285637,0.0163833120539608,0.0833333333333333,0.0448717948717948,0.1987179487179487,0.8866539368713017,2.5466656916667394,17.043478260869566,2.2133932887665537,0.1585663033061488
HARYANA|KARNAL,HARYANA,KARNAL,"output low, input high",-0.3050517951759849,0.3717149585904198,-0.2700807437809829,-0.3759593873618971,0.027027027027027,0.0608108108108108,0.2162162162162162,0.917479849526749,2.5678364781188265,19.17391304347826,2.2050241460500795,0.1438464262622592
HARYANA|KURUKSHETRA,HARYANA,KURUKSHETRA,"output low, input high",-0.4770518311377938,0.2140823584839335,-0.0133681060535165,-0.2458648351253033,0.0357142857142857,0.0,0.1706349206349206,0.9328950458886376,3.04490880291266,17.043478260869566,2.4833803920635567,0.1903641148815033
HARYANA|MAHENDRAGARH,HARYANA,MAHENDRAGARH,"output low, input low",-0.4884121564424108,-0.3502753646422957,-0.1604457056625064,-0.2413664420494926,0.029940119760479,0.0059880239520958,0.1497005988023952,0.7751246744895239,3.69319166881312,14.956521739130435,3.166290230982125,0.2614537630140326
HARYANA|MEWAT,HARYANA,MEWAT,"output low, input low",-0.4852179847109014,-0.5193042130854328,-0.6263746783054785,0.0540069663196217,0.0244648318042813,0.0091743119266055,0.0723259413265158,0.8610147176190188,4.48333810318648,17.066666666666666,3.177079312720944,0.2647470932031293
HARYANA|PALWAL,HARYANA,PALWAL,"output high, input high",0.0318176671377697,-0.1666312537557857,-0.0365746668816665,-0.0771305481548406,0.0631067961165048,0.029126213592233,0.1067961165048543,0.9236464421429068,3.5486380659290013,15.833333333333334,2.4603115658924524,0.2240928725793471
HARYANA|PANCHKULA,HARYANA,PANCHKULA,"output high, input low",-0.0143377051028088,-0.4814367542086371,-0.5038015232233485,-0.3624098366983811,0.0821917808219178,0.0273972602739726,0.0821917808219178,0.4791979136412667,5.045649263637102,19.52173913043478,3.528331017762972,0.2721690569891359
HARYANA|PANIPAT,HARYANA,PANIPAT,"output high, input high",0.2533268948279104,0.4119455025360816,0.765397041879288,0.8359035292403219,0.1444444444444444,0.0,0.3333333333333333,0.911183253530676,2.578077117135085,17.695652173913043,2.2199784509448888,0.1620118779996398
HARYANA|REWARI,HARYANA,REWARI,"output low, input high",-0.2921468193384279,-0.1991695848545666,-0.2632637039872233,0.0874789313560918,0.0654205607476635,0.014018691588785,0.0934579439252336,0.9155121266704028,3.701838551907248,16.91304347826087,3.21026358344142,0.2279039212933401
HARYANA|ROHTAK,HARYANA,ROHTAK,"output low, input high",-0.4407016510697905,0.923984795332302,0.6835712747128876,1.189631272324327,0.0232558139534883,0.0116279069767441,0.3023255813953488,0.8286911621272068,5.57323197799218,16.73913043478261,3.803716215818236,0.3384707377956959
HARYANA|SIRSA,HARYANA,SIRSA,"output low, input high",-0.2025301128451857,0.6434978410348424,0.879392947565463,0.3427090948834514,0.0375,0.01875,0.486640061282989,0.9170426789232764,4.0003243847200665,19.17391304347826,3.152037549831277,0.2189879854577169
HARYANA|SONIPAT,HARYANA,SONIPAT,"output high, input high",-0.0290536632532173,0.0497180369447648,0.5301621333187799,0.6842878707420785,0.0955760821455317,0.0436681222707423,0.2069075811126315,0.8944373744963084,3.524256317347329,18.043478260869566,2.5713795070152385,0.2048770413011916
HARYANA|YAMUNANAGAR,HARYANA,YAMUNANAGAR,"output low, input high",-0.3827878449231196,-0.2069775480095111,0.2506420042313368,-0.6926343540632166,0.0306122448979591,0.0068027210884353,0.1258503401360544,0.8589478195830552,3.753034931378783,19.0,3.06759480529035,0.2102656810043977
HIMACHAL PRADESH|BILASPUR,HIMACHAL PRADESH,BILASPUR,"output low, input low",-0.5822797112013496,-0.3592588863894948,-0.2815565262552546,-0.2544926870441036,0.0027322404371584,0.0068306010928961,0.1188524590163934,0.1460795170637674,2.515520388247144,19.09090909090909,2.198614189723233,0.1510578297181694
HIMACHAL PRADESH|CHAMBA,HIMACHAL PRADESH,CHAMBA,"output low, input low",-0.500404382357413,-0.4894558780563551,-0.2002167514462439,-0.6555569402372011,0.0135983263598326,0.0073221757322175,0.0481171548117154,0.2461063528680905,4.442952101115748,19.181818181818183,3.1593208045583285,0.2520465959985682
HIMACHAL PRADESH|HAMIRPUR,HIMACHAL PRADESH,HAMIRPUR,"output low, input low",-0.4452090211601335,-0.305161553320105,-0.2810088404626517,-0.2622045342803511,0.0147167034584253,0.0058866813833701,0.1189401291496902,0.132030738352283,2.386439079475497,17.5,2.1664058101088903,0.1578115565859887
HIMACHAL PRADESH|KANGRA,HIMACHAL PRADESH,KANGRA,"output low, input low",-0.3494035256530503,-0.4320364862379042,-0.3444369710537326,-0.0262728818263276,0.0168717047451669,0.0151142355008787,0.1132787650305396,0.3147212354736171,3.83006526733612,23.454545454545453,2.999844695462765,0.185054987445385
HIMACHAL PRADESH|KINNAUR,HIMACHAL PRADESH,KINNAUR,"output low, input low",-0.5705046364364815,-0.3968073265404334,0.4031865770870639,-0.8070782691319358,0.0046948356807511,0.0093896713615023,0.0469483568075117,0.2467257700142681,4.584364312202447,9.090909090909092,3.675978987229492,0.5113931947055405
HIMACHAL PRADESH|KULLU,HIMACHAL PRADESH,KULLU,"output low, input high",-0.4469135758752352,-0.1170585067704279,-0.1265899936237954,-0.1885007060933094,0.0023360610723982,0.0079273802678058,0.158938297180795,0.1920224832225848,4.285098303516421,19.5,2.964792219427248,0.2487194142097964
HIMACHAL PRADESH|LAHUL AND SPITI,HIMACHAL PRADESH,LAHUL AND SPITI,"output low, input low",-0.6302736040889501,-0.6188989219101219,-0.6979876798035578,-0.5118179725013141,0.0197628458498023,0.0079051383399209,0.0276679841897233,0.2842492928704356,3.56675567483864,6.454545454545454,2.952960647312848,0.5678933143466062
HIMACHAL PRADESH|MANDI,HIMACHAL PRADESH,MANDI,"output low, input low",-0.579770065959878,-0.5149170383356996,-0.3510257515328908,-0.678244987131067,0.0065025545750116,0.011611704598235,0.0603808639108221,0.2134236403691491,3.940136579558927,23.454545454545453,3.0101745317460247,0.1920065953894069
HIMACHAL PRADESH|SHIMLA,HIMACHAL PRADESH,SHIMLA,"output low, input low",-0.6071298174241074,-0.6420259423839497,-0.6099921851534095,-0.7401616734236172,0.0055248970746214,0.0152059203769045,0.0345133279969501,0.1220459460680456,7.005309871289427,23.0,4.98689125085273,0.3251513616194569
HIMACHAL PRADESH|SIRMAUR,HIMACHAL PRADESH,SIRMAUR,"output low, input low",-0.4485555848317838,-0.5234567493846564,-0.4077627225130928,-0.4242508015704595,0.0326370757180156,0.0234986945169712,0.0609668889591059,0.3934344491989746,5.315244896538084,23.227272727272727,3.532866294915904,0.2476675461333561
HIMACHAL PRADESH|SOLAN,HIMACHAL PRADESH,SOLAN,"output low, input low",-0.4901783100193576,-0.5676208183269287,-0.625761217947347,-0.5791568555583502,0.0115230460921843,0.0305611222444889,0.027018613300934,0.3401932713678541,3.680588329756501,19.181818181818183,2.7687275151169914,0.2101932376436795
HIMACHAL PRADESH|UNA,HIMACHAL PRADESH,UNA,"output low, input low",-0.2143491153860971,-0.3254323190859559,-0.2780587459442324,0.1886093516297249,0.0131868131868131,0.0021978021978021,0.1483921611585591,0.4052076184755249,2.7551340856670645,17.90909090909091,2.303276459069562,0.1820466954290779
JAMMU AND KASHMIR|ANANTNAG,JAMMU AND KASHMIR,ANANTNAG,"output high, input high",0.090196848035536,0.2647644876060123,-0.4476237005037248,0.4563152564893762,0.0070921985815602,0.0070921985815602,0.574468085106383,0.638551506014882,2.739386556917776,8.818181818181818,2.495827342487813,0.3470114809576535
JAMMU AND KASHMIR|BADGAM,JAMMU AND KASHMIR,BADGAM,"output high, input high",0.6346783895391964,0.9864216752454156,-0.1195736279257301,0.5207701270879389,0.0064308681672025,0.0160771704180064,0.4855305466237942,0.647505753375651,2.837479252059861,10.318181818181818,2.206677526952365,0.3129573592102725
JAMMU AND KASHMIR|BARAMULLA,JAMMU AND KASHMIR,BARAMULLA,"output low, input high",-0.1824052095999807,-0.0441410234170516,-0.2561640862293809,0.2101775900612643,0.0111524163568773,0.0148698884758364,0.2862453531598513,0.5040803043968352,2.5106508545648976,9.045454545454543,2.1777456926804133,0.3321151568649414
JAMMU AND KASHMIR|DODA,JAMMU AND KASHMIR,DODA,"output low, input low",-0.214006603766902,-0.4344332408704171,-0.5112792078422412,-0.3214479136228535,0.0326797385620915,0.0261437908496732,0.0915032679738562,0.2205831962176232,2.953383929026124,11.090909090909092,2.012368899323608,0.2985423450364202
JAMMU AND KASHMIR|GANDERBAL,JAMMU AND KASHMIR,GANDERBAL,"output high, input high",1.000423401448833,-0.0586361186641616,0.634792457216218,0.0589834314143641,0.0217391304347826,0.0,0.2608695652173913,0.6013298830414225,2.5122069960625546,6.153846153846154,2.1564552912355484,0.5065917807040549
JAMMU AND KASHMIR|JAMMU,JAMMU AND KASHMIR,JAMMU,"output low, input high",-0.6574740871163711,-0.2433849713277984,-0.8310380248045919,0.0723877774815557,0.0041666666666666,0.0,0.2606031128404669,0.5527232507393086,3.284323829757663,17.136363636363637,2.575491824476661,0.2255116378967138
JAMMU AND KASHMIR|KATHUA,JAMMU AND KASHMIR,KATHUA,"output low, input high",-0.4616114401775246,-0.0772781506017711,-0.7484539025974007,0.2034034455404659,0.0,0.0064516129032258,0.1838709677419354,0.364367761160475,3.6637179940848257,17.954545454545453,2.8682320976266062,0.2428530492737756
JAMMU AND KASHMIR|KISHTWAR,JAMMU AND KASHMIR,KISHTWAR,"output low, input low",-0.5143095263212182,-0.5204737211999166,-0.4443316569595212,-0.4041321202444961,0.0,0.0,0.0185185185185185,0.4599310187316641,3.650541440653015,11.153846153846152,2.492060282249435,0.3379306085464563
JAMMU AND KASHMIR|KULGAM,JAMMU AND KASHMIR,KULGAM,"output high, input high",-0.0934166988363688,0.3013872185945705,-0.3731985011663356,0.2030215710019253,0.0,0.0,0.6326530612244898,0.6698252001263629,2.6014106695964347,8.846153846153847,2.071220402340148,0.2999161240372504
JAMMU AND KASHMIR|KUPWARA,JAMMU AND KASHMIR,KUPWARA,"output low, input low",-0.283770665460968,-0.2996738295220434,-0.3892062271803937,-0.2236282695946324,0.0111111111111111,0.0,0.1777777777777777,0.5225920730730258,2.077241948668121,4.7,1.94834031965168,0.4935958841967916
JAMMU AND KASHMIR|POONCH,JAMMU AND KASHMIR,POONCH,"output high, input low",0.1455018417920201,-0.3438173832601963,-0.2473272495036214,-0.6589250381208509,0.0549450549450549,0.0549450549450549,0.1208791208791208,0.3034038721651922,2.3595115392100587,7.227272727272727,2.0479043345318533,0.3548814103068951
JAMMU AND KASHMIR|PULWAMA,JAMMU AND KASHMIR,PULWAMA,"output high, input high",0.0296131738886566,0.172847101835283,-0.2039004471122633,0.5436282705348167,0.0079365079365079,0.0317460317460317,0.5158730158730159,0.5175918595806738,2.8501255236178453,9.772727272727272,2.4377405519916766,0.3260398466788239
JAMMU AND KASHMIR|RAJAURI,JAMMU AND KASHMIR,RAJAURI,"output low, input high",-0.3484652145859028,0.105551058356833,-0.1952522420484981,-0.3157744393503052,0.0235849056603773,0.0377358490566037,0.25,0.1607098180642021,2.436390559759679,11.181818181818182,2.110360212735558,0.2541302656836135
JAMMU AND KASHMIR|RAMBAN,JAMMU AND KASHMIR,RAMBAN,"output high, input high",-0.1392636215404862,-0.2227946802845825,-0.7749433559899113,-0.3223248642095659,0.0,0.0476190476190476,0.087911188058584,0.308499897656413,2.5720074194224187,4.6923076923076925,2.080993046972836,0.5964210155348613
JAMMU AND KASHMIR|SAMBA,JAMMU AND KASHMIR,SAMBA,"output low, input low",-0.3817934950489874,-0.6029407982406444,-0.8943807199079877,-0.7018061041927769,0.0075757575757575,0.0,0.0757575757575757,0.2932318413705366,3.725322442251517,13.615384615384617,2.816926033778791,0.2991421279427657
JAMMU AND KASHMIR|SHOPIAN,JAMMU AND KASHMIR,SHOPIAN,"output low, input high",-0.3316576191787161,0.0592708791568883,0.0856705503824227,0.3003446178785997,0.028169014084507,0.0140845070422535,0.5352112676056338,0.6377371761547863,2.739215015144054,5.461538461538462,2.3457026608921483,0.5471690044865197
JAMMU AND KASHMIR|UDHAMPUR,JAMMU AND KASHMIR,UDHAMPUR,"output low, input high",-0.2736526636358616,-0.231424092759297,-0.7048669651517888,0.0027436441947798,0.0086580086580086,0.0173160173160173,0.1255411255411255,0.1651168689211734,3.029480734795215,15.909090909090908,2.388386732760796,0.2232410830095334
JHARKHAND|BOKARO,JHARKHAND,BOKARO,"output high, input low",0.3071296407958264,-0.5551558858000339,-0.4680626196478295,-0.3122477459277564,0.0271186440677966,0.2976879903945494,0.035593220338983,0.4940919168474555,2.9315686738053195,10.38095238095238,2.172111797964079,0.3050080543847615
JHARKHAND|CHATRA,JHARKHAND,CHATRA,"output low, input low",-0.2505791957919424,-0.5405456449540427,-0.6288310470531394,-0.568154115603017,0.0043923865300146,0.178623718887262,0.0512445095168374,0.5483728709618793,4.60309143610012,12.047619047619047,3.161463389067136,0.4113104888746602
JHARKHAND|DEOGHAR,JHARKHAND,DEOGHAR,"output high, input low",-0.0268372086618789,-0.4723961284633798,-0.4758498239211599,-0.3314961030079493,0.0167381974248927,0.2206008583690987,0.0532188841201716,0.5291501249157462,2.5494441826375995,9.523809523809524,1.856262442093525,0.2992809547120529
JHARKHAND|DHANBAD,JHARKHAND,DHANBAD,"output high, input low",-0.0807414762916416,-0.407829610115949,-0.4241922399231893,-0.127234411521918,0.0220820189274447,0.1798107255520504,0.0704521556256572,0.3930494206343593,1.814694345046116,8.380952380952381,1.363816659499013,0.2482345770796336
JHARKHAND|DUMKA,JHARKHAND,DUMKA,"output high, input low",0.3284517118126897,-0.3216709924441558,-0.3829763600052113,-0.1671670091381388,0.0198799699924981,0.3443360840210052,0.072768192048012,0.4703862445069595,2.935708959608184,12.0,2.015736895661738,0.2795730650830495
JHARKHAND|EAST SINGHBUM,JHARKHAND,EAST SINGHBUM,"output low, input low",-0.1807685677968029,-0.6834764067434633,-0.7512352063775217,-0.7881359043109736,0.0080896079651524,0.1953951462352209,0.0261356565028002,0.5132453586536707,1.823145985460369,10.142857142857142,1.376042309172681,0.2400557891316504
JHARKHAND|GARHWA,JHARKHAND,GARHWA,"output high, input low",0.0396420349613823,-0.5094645735363671,-0.6456217468354968,-0.1084664359310179,0.0233415233415233,0.2334152334152334,0.0651105651105651,0.4719298781990828,5.749931139402591,12.285714285714286,4.276207769431599,0.5073893699975363
JHARKHAND|GIRIDIH,JHARKHAND,GIRIDIH,"output high, input low",0.205340528435838,-0.5485255967275366,-0.6555163003025113,-0.2371604166043251,0.0443886097152428,0.2495812395309882,0.0544388609715242,0.4350582669104994,2.984414166101492,11.19047619047619,2.026804401788413,0.3107626072107757
JHARKHAND|GODDA,JHARKHAND,GODDA,"output high, input low",0.3327131663939882,-0.5523252634894105,-0.6169206857924072,-0.3589713439166702,0.0285532994923857,0.324238578680203,0.0539340101522842,0.5962816476180871,4.2160032946455335,12.19047619047619,2.9848400947496856,0.3732542672651365
JHARKHAND|GUMLA,JHARKHAND,GUMLA,"output high, input low",0.4546252238837113,-0.5373260636989065,-0.6434658082521765,-0.2398638487319743,0.0042643923240938,0.4360341151385927,0.0415778251599147,0.306468897961216,2.4755616567194374,11.761904761904765,1.6903844661314618,0.2478259362049503
JHARKHAND|HAZARIBAGH,JHARKHAND,HAZARIBAGH,"output high, input low",0.1190295058998491,-0.4691701929810212,-0.4477618202892715,0.027652912582599,0.0126796280642434,0.2806424344885883,0.0955198647506339,0.4383393613510778,3.867832673263994,12.666666666666666,2.556205917146896,0.3400376433667719
JHARKHAND|JAMTARA,JHARKHAND,JAMTARA,"output low, input low",-0.2523560567520209,-0.6108100676273054,-0.552490443194946,-0.7914282029127317,0.0188323917137476,0.1468926553672316,0.0433145009416195,0.4644200264395814,2.119543131326349,9.411764705882351,1.56924337724243,0.2349635415883734
JHARKHAND|KHUNTI,JHARKHAND,KHUNTI,"output high, input low",0.630517340205711,-0.5413364476098343,-0.7176056622109248,0.1049767572935452,0.0371352785145888,0.4257294429708222,0.0371352785145888,0.4771318103722772,2.9512785545182787,11.75,1.958659636193452,0.2645108075272074
JHARKHAND|KODERMA,JHARKHAND,KODERMA,"output high, input low",0.2716567913837593,-0.4549245607019169,-0.4861484361363526,0.156599873740609,0.0398550724637681,0.2590579710144927,0.0489130434782608,0.5747454588006381,4.1016451805395935,11.714285714285714,2.957605740605704,0.3697867251999852
JHARKHAND|LATEHAR,JHARKHAND,LATEHAR,"output high, input low",0.015723198829411,-0.5608332140194392,-0.5810906936861762,0.0842665854694374,0.0053763440860215,0.2795698924731182,0.0403225806451612,0.3917968021108729,5.226352137400289,11.294117647058824,3.8490823509739935,0.4683965574273139
JHARKHAND|LOHARDAGA,JHARKHAND,LOHARDAGA,"output high, input high",0.387188592189831,-0.2476432026396973,-0.1549562122442299,0.0242579824567917,0.03125,0.3267045454545454,0.1079545454545454,0.3427305266477899,3.3963508678270578,11.904761904761903,2.121732062149355,0.3259808649843055
JHARKHAND|PAKUR,JHARKHAND,PAKUR,"output high, input low",0.1837614632585436,-0.5091728684934395,-0.5527971469034403,-0.605699493829875,0.0169794459338695,0.3065236818588025,0.0446827524575513,0.6651934665841781,2.7664223490481463,10.80952380952381,1.932589648627913,0.2750281985360384
JHARKHAND|PALAMU,JHARKHAND,PALAMU,"output high, input low",-0.0630540130824102,-0.5802741317565883,-0.6440327040568352,-0.0360396443056695,0.0328947368421052,0.1650717703349282,0.0418660287081339,0.5162691646845162,6.015549659345986,13.142857142857142,4.487031124908114,0.49160875963729
JHARKHAND|RAMGARH,JHARKHAND,RAMGARH,"output high, input low",0.0916894019139997,-0.2971570609646484,-0.323360211579679,0.3354073344906868,0.0251798561151079,0.2446043165467626,0.1007194244604316,0.3960847417968438,3.9775332763153233,11.083333333333334,2.79840752676898,0.3603302655903506
JHARKHAND|RANCHI,JHARKHAND,RANCHI,"output high, input low",0.3184703239609023,-0.3925007127999037,-0.4925330606215624,-0.0699241514158529,0.0133228840125391,0.355798674556742,0.0877735961868361,0.4348573138375981,2.524093386747688,12.61904761904762,1.6621455505383618,0.2334951417796413
JHARKHAND|SAHEBGANJ,JHARKHAND,SAHEBGANJ,"output high, input low",0.0640808691853125,-0.6335949268723194,-0.6746573749750602,-0.5573461440288213,0.0200617283950617,0.247435874060351,0.033179012345679,0.5712482921599631,3.0773310269540226,10.571428571428571,2.0988131113593127,0.3045116034654356
JHARKHAND|SARAIKELA KHARSAWAN,JHARKHAND,SARAIKELA KHARSAWAN,"output low, input low",-0.1525645374255586,-0.5914691622116782,-0.6916929513893033,-0.6065161071328555,0.0070609002647837,0.2074139452780229,0.0335392762577228,0.371920300063478,2.2191352528767,10.176470588235292,1.6160809948480812,0.2181445651781649
JHARKHAND|SIMDEGA,JHARKHAND,SIMDEGA,"output high, input low",0.5794658474192768,-0.5829053314517438,-0.53916345627454,-0.2081469899089431,0.0044642857142857,0.4933035714285714,0.0513392857142857,0.1879707982987258,2.919525617610653,11.411764705882351,2.037841039532218,0.250730639065222
JHARKHAND|WEST SINGHBHUM,JHARKHAND,WEST SINGHBHUM,"output high, input low",0.1365724221220804,-0.714526237677809,-0.8084522979533624,-0.5218692503191973,0.0142238713667285,0.282536501697163,0.0136054421768707,0.4177903624245823,1.7814793509066265,10.857142857142858,1.3541484780937856,0.1932614630091375
KARNATAKA|BAGALKOTE,KARNATAKA,BAGALKOTE,"output high, input high",0.110934891562774,-0.2087263508491782,0.408576835365965,0.2390608654361942,0.0282608695652173,0.2608695652173913,0.1792441957729985,0.5289366011794115,9.610203695602898,31.63636363636364,7.179415811234839,0.3057608167607877
KARNATAKA|BALLARI,KARNATAKA,BALLARI,"output low, input high",-0.2438104082936367,0.2513427477334716,1.057876191040558,0.3651876732662353,0.009367681498829,0.1639344262295081,0.2505854800936768,0.4175477220033248,10.373344797416175,31.695652173913043,7.784892989911586,0.3346439156132569
KARNATAKA|BANGALORE RURAL,KARNATAKA,BANGALORE RURAL,"output low, input low",-0.569073190331722,-0.3901950657554107,-0.3777058727568746,-0.1693268560929792,0.0042964554242749,0.0669771896932836,0.0549752450530188,0.3763392746474107,4.66490784641526,30.13043478260869,2.569221965971184,0.1927730226767809
KARNATAKA|BELAGAVI,KARNATAKA,BELAGAVI,"output high, input high",0.0265805941357277,-0.0358576499228055,0.2879809043068063,0.2741823584682248,0.0196208672044531,0.2459145867895614,0.2107881471194322,0.4535320941956791,12.249482225802858,36.60869565217392,8.922208385479527,0.3419911348596043
KARNATAKA|BENGALURU URBAN,KARNATAKA,BENGALURU URBAN,"output high, input low",-0.1184073990677941,-0.5141107031808182,-0.2004294958599576,0.1183014845215687,0.0518867924528301,0.1014150943396226,0.0754716981132075,0.4002346831616742,3.909709118204741,26.565217391304348,2.105089768168345,0.1499354142800366
KARNATAKA|BIDAR,KARNATAKA,BIDAR,"output high, input high",-0.1397792794620825,0.0212114093143433,0.7439788277091446,0.2469920763039512,0.0311850311850311,0.1405772472358793,0.110683489513573,0.2374771129301009,9.177537409724277,33.34782608695652,6.806617066639998,0.2780446624413824
KARNATAKA|CHAMARAJANAGARA,KARNATAKA,CHAMARAJANAGARA,"output low, input high",-0.3969357977385283,-0.1722971424262144,-0.2242587725278609,0.2208403602176318,0.0314285714285714,0.04,0.1057142857142857,0.4004487170681228,14.269533302065808,33.04545454545455,10.86729829189689,0.4341595743268552
KARNATAKA|CHIKKABALLAPURA,KARNATAKA,CHIKKABALLAPURA,"output low, input low",-0.4452478827697214,-0.4610970984751328,-0.0553514706391615,-0.0668776160116405,0.0055335968379446,0.1122529644268774,0.0537549407114624,0.4013141452731025,6.292634392559449,27.0,4.4082339387051,0.2435749653594821
KARNATAKA|CHIKKAMAGALURU,KARNATAKA,CHIKKAMAGALURU,"output low, input low",-0.490961549337191,-0.3506881913541861,-0.2754519827036653,0.0813566366872943,0.0046457607433217,0.0917537746806039,0.1184668989547038,0.4218220288820065,11.60533979822507,34.91304347826087,7.836674340147733,0.334145533379772
KARNATAKA|CHITRADURGA,KARNATAKA,CHITRADURGA,"output low, input low",-0.43390373572857,-0.3577926465982795,-0.1480628154847132,0.1299430160247686,0.0107411385606874,0.0920474234684811,0.0694866809156584,0.3541860363227251,10.39035198249869,31.13043478260869,7.0331097028055805,0.3399672310518466
KARNATAKA|DAKSHINA KANNADA,KARNATAKA,DAKSHINA KANNADA,"output low, input high",-0.2259772861374507,0.3817506112829263,1.2897183737018345,0.9779311013238292,0.0190839694656488,0.1259541984732824,0.3320610687022901,0.5321259136009928,4.061198155976923,16.73913043478261,3.122485671443186,0.2451075233643924
KARNATAKA|DAVANGERE,KARNATAKA,DAVANGERE,"output low, input high",-0.2620833103770042,-0.1195079395564515,-0.0307026848324727,-0.0117151959099933,0.0031347962382445,0.1847983355207334,0.2247923669807153,0.4749026244837505,7.367991310337714,35.22727272727273,4.669623687244958,0.2103063009455794
KARNATAKA|DHARWAD,KARNATAKA,DHARWAD,"output high, input high",0.0559511512365803,0.2352721567610922,0.7802255704036728,0.7119617579385855,0.0062305295950155,0.2897196261682243,0.1775700934579439,0.3668292775816811,12.117571356687618,32.73913043478261,9.914820237530853,0.3744342095048503
KARNATAKA|GADAG,KARNATAKA,GADAG,"output high, input high",0.4894123993706745,0.2380009427427202,1.0958405482298148,0.7672049675078303,0.0160642570281124,0.4216867469879518,0.1847389558232931,0.2718550034271872,10.059524726335884,32.72727272727273,8.27538991964215,0.3108912593936466
KARNATAKA|HASSAN,KARNATAKA,HASSAN,"output low, input low",-0.5428603780608232,-0.5280097454028101,-0.4285853121969673,-0.1070404378750711,0.0075156576200417,0.0739980659972526,0.053094507449523,0.3770025976012878,10.528171418705725,34.130434782608695,7.019067302488765,0.3086361779367215
KARNATAKA|HAVERI,KARNATAKA,HAVERI,"output high, input high",-0.1279482257531722,-0.0865280867948166,0.4760680227664581,0.3595983299401442,0.0079872204472843,0.2234717532964406,0.1867305392389326,0.3546312818888131,8.412991409233753,36.18181818181818,5.571103206407124,0.2353310415928147
KARNATAKA|KALABURAGI,KARNATAKA,KALABURAGI,"output high, input high",0.0300472828068663,-0.2240737281835854,-0.2248401899436765,0.1464339401204674,0.0518518518518518,0.1718518518518518,0.1007407407407407,0.2537165211802517,7.711305971686541,32.869565217391305,5.370890648810382,0.2374094268021051
KARNATAKA|KODAGU,KARNATAKA,KODAGU,"output low, input low",-0.4886230784662095,-0.3149867537167073,-0.262549648970531,0.3729620912428291,0.0,0.1045296167247386,0.1707317073170731,0.4706223907494932,4.3812889354889615,17.26086956521739,2.865827701217671,0.2603521235687402
KARNATAKA|KOLAR,KARNATAKA,KOLAR,"output low, input low",-0.3336134907299034,-0.3868373031637736,-0.2439794069850293,-0.1464928587001297,0.0097902097902097,0.1419580419580419,0.0601398601398601,0.4509625990624128,5.519463443038083,22.782608695652176,3.368693674410249,0.2487077238326756
KARNATAKA|KOPPAL,KARNATAKA,KOPPAL,"output low, input low",-0.1689998031125958,-0.2610986153711727,0.3513236783370622,0.2028137551556263,0.0135135135135135,0.1914414414414414,0.0990990990990991,0.2890266083275857,11.87048444332247,26.954545454545453,9.105397321510267,0.4460838579999877
KARNATAKA|MANDYA,KARNATAKA,MANDYA,"output low, input high",-0.3992650848315546,0.0291702794870373,0.341383522618249,0.0344317126358445,0.0095870206489675,0.1150442477876106,0.1784660766961651,0.5297025204805568,6.744297691462793,29.13043478260869,4.966405224784504,0.2387971649019044
KARNATAKA|MYSURU,KARNATAKA,MYSURU,"output low, input high",-0.4286620622809735,-0.1448298108261179,-0.0607241925728637,0.0791098148770109,0.0162895927601809,0.0778280542986425,0.1384615384615384,0.4280992839257383,11.464234474974502,31.65217391304348,8.340590773760573,0.3635686742137211
KARNATAKA|RAICHUR,KARNATAKA,RAICHUR,"output low, input high",-0.2741960792372134,-0.0180722875743445,0.375017102571657,0.1858686895824703,0.0272873194221508,0.1139646869983948,0.1508828250401284,0.4295726388707619,7.469512874457396,25.869565217391305,5.863220452682231,0.3045766440204763
KARNATAKA|RAMANAGARA,KARNATAKA,RAMANAGARA,"output low, input high",-0.4814395721080536,-0.1526211319582773,0.0118386869976502,0.0119426008435194,0.0214285714285714,0.0553140872551545,0.1266376676833289,0.351200340453757,5.445171946576835,31.692307692307693,3.026028549858204,0.1757637541842919
KARNATAKA|SHIVAMOGGA,KARNATAKA,SHIVAMOGGA,"output low, input low",-0.5494633277457656,-0.4192259067958876,-0.0656390957101513,-0.3145757172594053,0.0034674063800277,0.0742024965325936,0.0922330097087378,0.5481778039443418,4.543496161745976,31.39130434782609,2.9997393695856966,0.1485494494844339
KARNATAKA|TUMAKURU,KARNATAKA,TUMAKURU,"output low, input high",-0.3837833396267427,-0.1866779993900426,-0.0644318721491034,0.0637692776664004,0.0138613861386138,0.1052330038173192,0.0827722772277227,0.3846241251908775,7.146032801451595,35.04347826086956,4.949007181587194,0.2066592101753714
KARNATAKA|UDUPI,KARNATAKA,UDUPI,"output high, input high",0.1246508021656288,0.4629863301635703,0.3950097090256825,1.2873538112258651,0.0166666666666666,0.225,0.2916666666666667,0.5641935464281356,3.8343930131876274,17.818181818181817,2.723310825607751,0.2397912513155728
KARNATAKA|UTTARA KANNADA,KARNATAKA,UTTARA KANNADA,"output low, input low",-0.5900002403122928,-0.5893678493342764,-0.5966166866439364,-0.1134412585219413,0.0074074074074074,0.0466263237401742,0.0543209876543209,0.3566033897783845,3.858691448229049,27.043478260869566,2.332420858023449,0.1433609947641557
KARNATAKA|VIJAYAPURA,KARNATAKA,VIJAYAPURA,"output high, input high",0.1058043474786835,-0.0210554186384604,0.1912106412113062,0.5643838820405622,0.0053191489361702,0.3031914893617021,0.1781914893617021,0.39517070985479,8.096505551113069,28.47826086956522,5.712795844121161,0.2896428442493336
KARNATAKA|YADAGIRI,KARNATAKA,YADAGIRI,"output low, input high",-0.2910552217460249,-0.1775611290379897,-0.206253139235195,0.2390076954630491,0.0113207547169811,0.1396226415094339,0.1698113207547169,0.4027928590914643,7.442736172822682,27.7,6.192128475736228,0.2770746968787212
KERALA|ALAPPUZHA,KERALA,ALAPPUZHA,"output high, input high",1.701813562022826,2.3330212225438025,-0.1314134914272195,3.1727941537100044,0.225,0.0,0.7668593052001562,0.5881708100155618,3.048875966390065,12.217391304347826,2.3975711127130053,0.2552447232330533
KERALA|ERNAKULAM,KERALA,ERNAKULAM,"output high, input high",1.460506293838404,4.615941437196549,1.2662620930021116,1.7401573504004306,0.0784313725490196,0.2549019607843137,0.9215686274509804,0.2391384356442612,3.723478111725444,12.130434782608695,2.5398447514499547,0.3127613070878624
KERALA|IDUKKI,KERALA,IDUKKI,"output high, input high",1.7499043578257838,1.819967154411199,1.950371309036367,1.3685071030005256,0.1142857142857142,0.0285714285714285,0.7426494129866463,0.2398102138047471,4.540421922955753,15.91304347826087,3.30578430773292,0.2988863626113562
KERALA|KANNUR,KERALA,KANNUR,"output high, input high",1.4478689791395265,2.90251504055308,2.823735483148951,1.4188333328556384,0.0,0.0,0.8695652173913043,0.066037072961581,3.623482091261145,12.826086956521738,2.501322128276277,0.2954437797421378
KERALA|KASARAGOD,KERALA,KASARAGOD,"output high, input high",1.274452220882767,1.15372744581062,1.5948389037204418,2.2131499055845203,0.0,0.0,0.717948717948718,0.3740896210123379,3.4602961650527804,13.91304347826087,2.5024261677745923,0.2607240781578477
KERALA|KOLLAM,KERALA,KOLLAM,"output high, input high",2.6140358962210755,5.082807226158004,0.4413239377070972,1.6761002847738125,0.2916666666666667,0.0625,0.9166666666666666,0.0923915435289776,3.547857277291292,12.652173913043478,2.444248807736392,0.2913192276843818
KERALA|KOTTAYAM,KERALA,KOTTAYAM,"output high, input high",1.12599619060267,1.8990058686558893,-0.3334181098883237,1.9067100475256165,0.1,0.14,0.96,0.1809311300438183,4.097274708582135,12.26086956521739,3.033860814567672,0.3405618962853828
KERALA|KOZHIKODE,KERALA,KOZHIKODE,"output high, input high",1.370130432334772,1.3231682601272872,1.2091285702572545,2.435546470789918,0.0,0.0,0.7931034482758621,0.0438782047334034,2.248111058904987,11.869565217391305,1.521442162663597,0.1973254177526206
KERALA|MALAPPURAM,KERALA,MALAPPURAM,"output high, input high",1.4478689791395265,2.767595378330439,0.7481175106915194,2.598543701764859,0.0,0.0,0.7971014492753623,0.1725255947131648,3.445744445614313,13.26086956521739,2.226892660254844,0.2697869530602448
KERALA|PALAKKAD,KERALA,PALAKKAD,"output high, input high",0.7316685406143063,2.089367400124937,1.679292543695685,2.1619652515230867,0.0175438596491228,0.1403508771929824,0.9035087719298246,0.4319322537374078,4.408433834544969,18.782608695652176,2.944427634038138,0.2554884269683825
KERALA|PATHANAMTHITTA,KERALA,PATHANAMTHITTA,"output high, input high",1.4478689791395265,6.751796167454605,1.1554046309534531,2.1364857221876767,0.0,0.0,0.9523809523809524,0.0977833761781682,4.791182144733761,12.391304347826088,3.2780454678333264,0.395684428351311
KERALA|THIRUVANANTHAPURAM,KERALA,THIRUVANANTHAPURAM,"output high, input high",1.3837964108514216,2.7002097315990063,0.4138844925063615,1.9788133328058053,0.0,0.1,0.875,0.1895142288614051,2.6578196992985728,11.782608695652174,1.8691775683202188,0.2350468990284944
KERALA|THRISSUR,KERALA,THRISSUR,"output high, input high",0.5251962641395754,1.2876920260241824,1.6170325538601884,2.106961504601134,0.0,0.0158730158730158,0.6190476190476191,0.4064909488135332,2.903146262968017,11.652173913043478,2.0844130497341244,0.2553626403244476
KERALA|WAYANAD,KERALA,WAYANAD,"output high, input high",3.710363454025691,2.983489546490654,0.504767489828625,0.8071532167652812,0.55,0.0,0.8,0.1284306867894106,6.47287046146234,13.826086956521738,5.308609777308053,0.4735110532797993
LADAKH|KARGIL,LADAKH,KARGIL,"output low, input low",-0.6171841432008484,-0.3789033426340172,0.3933334017541555,-0.7991733337564266,0.0,0.0135135135135135,0.0405405405405405,0.5498712828437713,2.2101090074208027,3.6666666666666665,1.877261524923652,0.7196871771398267
LADAKH|LEH LADAKH,LADAKH,LEH LADAKH,"output low, input low",-0.4963500723752756,-0.603032218344556,-0.0635098765542141,-0.1500472357480722,0.005708358568455,0.0,0.0101010101010101,0.6066577281022649,2.316922576212578,7.476190476190476,1.825922625973047,0.3976609620907708
MADHYA PRADESH|ALIRAJPUR,MADHYA PRADESH,ALIRAJPUR,"output low, input low",-0.3369619570909655,-0.290483618562661,-0.0010281450731546,0.2796727434551785,0.0070422535211267,0.1373239436619718,0.0985915492957746,0.3231571051515233,9.76904078329962,25.5,7.22943139452877,0.3956578734743892
MADHYA PRADESH|ANUPPUR,MADHYA PRADESH,ANUPPUR,"output low, input low",-0.1672267448408808,-0.3024387696528013,0.2485005790635521,0.1428047484172461,0.0071174377224199,0.2135231316725978,0.0516014234875444,0.1642902679611541,6.335399602698071,26.61111111111111,3.389545515566873,0.2871164979927512
MADHYA PRADESH|ASHOKNAGAR,MADHYA PRADESH,ASHOKNAGAR,"output low, input low",-0.6390922771289872,-0.5525909312071238,-0.3351066311387016,0.1405056487255764,0.0017574692442882,0.0439367311072056,0.0193321616871704,0.6793535125492514,5.468923138449638,23.88235294117647,4.303145743363021,0.2352800273108437
MADHYA PRADESH|BALAGHAT,MADHYA PRADESH,BALAGHAT,"output low, input high",-0.2789876761773703,-0.203544956079339,-0.0326215177051235,0.0301747150504832,0.0037105751391465,0.1753246753246753,0.1349440115082538,0.5557332917732718,3.440967505468194,29.043478260869566,2.023646787242452,0.137005173134787
MADHYA PRADESH|BARWANI,MADHYA PRADESH,BARWANI,"output low, input low",-0.2538881279958235,-0.3122589452055856,0.083360784918652,-0.2256696747021726,0.0117994100294985,0.1725663716814159,0.0722713864306784,0.4663456183683755,9.395435611607304,27.09090909090909,7.233579029993777,0.3595366517669744
MADHYA PRADESH|BETUL,MADHYA PRADESH,BETUL,"output low, input low",-0.2862481623172096,-0.3470554141860553,-0.3691501131357276,-0.3946207213680504,0.0035778175313059,0.1769679103028877,0.07231674751219,0.4662243803538952,7.498534007806288,27.217391304347824,5.103668438502851,0.2854770675837551
MADHYA PRADESH|BHIND,MADHYA PRADESH,BHIND,"output low, input low",-0.5824259361117549,-0.314807475701478,0.2504698755244161,-0.1615323562131967,0.010178117048346,0.0305343511450381,0.0788804071246819,0.596139237969225,5.5277796880534265,21.60869565217392,3.936206490070744,0.271206528205329
MADHYA PRADESH|BHOPAL,MADHYA PRADESH,BHOPAL,"output low, input high",-0.454866213985566,-0.1301420197509014,-0.0478137490174108,-0.4352879748574356,0.0044150110375275,0.1015452538631346,0.0927152317880794,0.6969714052631174,3.944450694271315,22.0,3.04875622425401,0.1961899321835211
MADHYA PRADESH|BURHANPUR,MADHYA PRADESH,BURHANPUR,"output high, input high",0.3280947478187423,0.2530314373034057,0.8976308064296823,0.3732472742037487,0.0257510729613733,0.3390557939914163,0.2188841201716738,0.4731005729869714,7.675865639189427,25.88235294117647,5.35539143427417,0.3168540539784883
MADHYA PRADESH|CHHATARPUR,MADHYA PRADESH,CHHATARPUR,"output low, input low",-0.1597782983222894,-0.3630375149265983,-0.325514023867913,0.0475651914122269,0.0087633885102239,0.2128794330091026,0.0778967867575462,0.6147630308796148,8.923067037273839,27.82608695652174,6.176819374690482,0.3354485108758947
MADHYA PRADESH|CHHINDWARA,MADHYA PRADESH,CHHINDWARA,"output low, input low",-0.2721472371749923,-0.3968660439649994,-0.3817597575233623,-0.1670237536020409,0.0022383883603805,0.1832449151462432,0.0744264129826524,0.4125442483584899,9.90469886965137,30.043478260869566,7.205707924270183,0.3448326500887693
MADHYA PRADESH|DAMOH,MADHYA PRADESH,DAMOH,"output low, input high",-0.4119091218283028,-0.1420699454881186,0.11434505739401,0.1081235095406057,0.0043936731107205,0.1256590509666081,0.0852372583479789,0.6388290379103938,6.562055631157559,26.0,5.00151289946315,0.2609643552576752
MADHYA PRADESH|DATIA,MADHYA PRADESH,DATIA,"output low, input low",-0.568178354073177,-0.3403679563477191,-0.2937798185121171,-0.1122149533498875,0.0116959064327485,0.0272904483430799,0.087719298245614,0.8543262106998053,6.467711944287886,23.95652173913044,4.121217529545576,0.2812839536613163
MADHYA PRADESH|DEWAS,MADHYA PRADESH,DEWAS,"output low, input low",-0.3476306834333887,-0.2785084192689159,-0.2313273299952789,-0.5419314904507331,0.0168421052631578,0.1242105263157894,0.0936842105263157,0.6916452122348289,4.263978449782292,24.26086956521739,3.035047149675603,0.1849930830793367
MADHYA PRADESH|DHAR,MADHYA PRADESH,DHAR,"output low, input low",-0.2368192275272009,-0.2829929954230065,0.1714861701046994,-0.2191745819600765,0.0185902401239349,0.155693261037955,0.1138652207591014,0.6090870331698978,6.228359590894457,28.869565217391305,4.517931080773664,0.2319445015607329
MADHYA PRADESH|DINDORI,MADHYA PRADESH,DINDORI,"output low, input low",-0.3167646046876184,-0.547142018597518,-0.4062050331043764,0.1740063068830097,0.00278940027894,0.1617852161785216,0.0362622036262203,0.1282090418977577,8.53935112115943,23.227272727272727,6.463988129291606,0.3799528925645414
MADHYA PRADESH|GUNA,MADHYA PRADESH,GUNA,"output low, input low",-0.4534400418077108,-0.4308669487584357,-0.5173503449659008,-0.2687767573602047,0.0120967741935483,0.0903225806451612,0.0491935483870967,0.6795154503186025,5.354901671588163,23.91304347826087,4.161663947263758,0.2337229049260319
MADHYA PRADESH|GWALIOR,MADHYA PRADESH,GWALIOR,"output low, input low",-0.3861540947432947,-0.3006351194743021,0.0415351889528331,-0.1053972099510054,0.0434782608695652,0.0124223602484472,0.0900621118012422,0.76603016823455,6.433829507418933,22.17391304347826,4.461733384521345,0.298106221394467
MADHYA PRADESH|HARDA,MADHYA PRADESH,HARDA,"output low, input low",-0.2211524834476495,-0.3031414921560837,-0.3463374069810385,-0.5228062222660839,0.0198807157057654,0.1650099403578528,0.0695825049701789,0.8848268029243367,3.2662504011191413,25.13636363636364,2.647499173301235,0.144872058103352
MADHYA PRADESH|HOSHANGABAD,MADHYA PRADESH,HOSHANGABAD,"output low, input low",-0.4080954256685958,-0.2692124781203827,-0.0464209016223203,-0.2021550299131427,0.0079726651480637,0.1218678815489749,0.0899772209567198,0.8570653746000528,4.120659011901202,27.39130434782609,3.1719660367243945,0.161782766771666
MADHYA PRADESH|INDORE,MADHYA PRADESH,INDORE,"output low, input high",-0.4755205250099132,-0.1506457055070903,-0.0302499429775648,-0.2712546115862118,0.012396694214876,0.0847107438016528,0.1652892561983471,0.7557482016524785,3.55136647578515,21.82608695652174,2.7157453128941302,0.1905575055296682
MADHYA PRADESH|JABALPUR,MADHYA PRADESH,JABALPUR,"output low, input low",-0.3766086350973276,-0.3874372635148015,-0.127092337414979,-0.449969017914623,0.009397024275646,0.1237274862960062,0.0696945967110415,0.6926620949480242,7.6069962975643985,26.52173913043478,5.621735131879104,0.2966297940974453
MADHYA PRADESH|JHABUA,MADHYA PRADESH,JHABUA,"output low, input high",-0.226104679936035,-0.1694004389014408,0.0166214635230122,0.0807132051366684,0.003030303030303,0.1909090909090909,0.0696969696969697,0.4878852202953869,7.852407803206929,25.26086956521739,5.904354831197861,0.3312574748604812
MADHYA PRADESH|KATNI,MADHYA PRADESH,KATNI,"output high, input low",-0.1125984329303639,-0.3243258674399024,-0.0571473011266661,0.1278882934968785,0.0091503267973856,0.2143790849673202,0.0732026143790849,0.5088512256229191,5.824602187523382,26.5,3.86768500949324,0.2277416846117761
MADHYA PRADESH|KHANDWA,MADHYA PRADESH,KHANDWA,"output high, input high",-0.1226340863337581,-0.1282656353804491,-0.0561416923390863,0.1407973368936451,0.0085470085470085,0.2293447293447293,0.141025641025641,0.5709155100355598,6.71767161535548,28.73913043478261,4.57599844637996,0.2577316658723997
MADHYA PRADESH|KHARGONE,MADHYA PRADESH,KHARGONE,"output low, input high",-0.2715140570336498,-0.2356660344984903,0.0531245741483809,-0.2670465661159412,0.0065604498594189,0.1743205248359887,0.1574507966260543,0.5823715050110507,6.5640061751063845,27.08695652173913,4.477285645850685,0.2585046988120799
MADHYA PRADESH|MANDLA,MADHYA PRADESH,MANDLA,"output low, input low",-0.2666234056242229,-0.4228011989328049,-0.1611956713611326,0.1976450723512066,0.0016680567139282,0.1909924937447873,0.0433694745621351,0.2811346972194382,6.978666788499738,26.08695652173913,4.416731139573663,0.2846966948031323
MADHYA PRADESH|MANDSAUR,MADHYA PRADESH,MANDSAUR,"output low, input high",-0.4079516946421604,0.0109252672676947,0.4460534490680042,-0.1836110890570504,0.034322199310551,0.0411764705882352,0.1847058823529411,0.6419590519071712,5.274160718790107,24.13043478260869,3.3955682781870187,0.2311994138921491
MADHYA PRADESH|MORENA,MADHYA PRADESH,MORENA,"output low, input low",-0.4463327767389704,-0.3357502737930218,-0.2720240231148974,0.0306246848178958,0.0249266862170087,0.0351906158357771,0.0733137829912023,0.7687693413022976,4.413404482069221,21.39130434782609,3.478044482453336,0.2186161422590324
MADHYA PRADESH|NARSINGHPUR,MADHYA PRADESH,NARSINGHPUR,"output low, input low",-0.473639990983058,-0.4411864581668602,-0.3598698343919927,-0.4629319479350856,0.009719222462203,0.0896328293736501,0.0730111336135602,0.7651792965707741,7.381780155638813,25.95652173913044,5.6694426864626895,0.296656551480935
MADHYA PRADESH|NEEMUCH,MADHYA PRADESH,NEEMUCH,"output low, input high",-0.5832589057729517,-0.1950117735008966,0.0894005731502649,-0.428755587261903,0.0222984562607204,0.0034305317324185,0.1454925987329597,0.6629369891271416,5.724327228379937,23.13636363636364,3.804611772292651,0.2639947131224197
MADHYA PRADESH|PANNA,MADHYA PRADESH,PANNA,"output low, input low",-0.501470079760255,-0.4172866346541903,-0.4621048974938805,-0.0556177533588181,0.0033783783783783,0.0968468468468468,0.0563063063063063,0.5247257576473425,7.687960431555089,26.0,5.6862948497225725,0.3065541569321242
MADHYA PRADESH|RAISEN,MADHYA PRADESH,RAISEN,"output low, input low",-0.4258350040201757,-0.405957233119201,-0.2877526918145243,-0.565656496872051,0.0157232704402515,0.0998427672955974,0.0605345911949685,0.719247349431974,5.510046310994102,25.39130434782609,4.29455285254771,0.2273367742109777
MADHYA PRADESH|RAJGARH,MADHYA PRADESH,RAJGARH,"output low, input low",-0.455076734889077,-0.3138646498090126,-0.4075896345362461,-0.6500016643954354,0.0193370165745856,0.0780386740331491,0.0877071823204419,0.6958045011078205,4.880618339203389,23.17391304347826,3.3285708067631026,0.2146523890684733
MADHYA PRADESH|RATLAM,MADHYA PRADESH,RATLAM,"output low, input low",-0.4007823730521643,-0.3322023936427881,0.0244298081148625,-0.1011194396444601,0.011144883485309,0.111731139489166,0.1056946531704503,0.6348223493149093,5.374724783743617,26.43478260869565,3.757373184210752,0.2167295033904134
MADHYA PRADESH|REWA,MADHYA PRADESH,REWA,"output low, input low",-0.4338024129938704,-0.348392092444933,-0.3191605889567813,-0.2521702244368842,0.0149700598802395,0.0517536355859709,0.0752780153977758,0.4774862484541805,7.085377647551512,27.695652173913043,4.8133401407847485,0.2696557619589774
MADHYA PRADESH|SAGAR,MADHYA PRADESH,SAGAR,"output low, input low",-0.4278954273971094,-0.3622024448383386,-0.4184404911167848,-0.2149988598092432,0.0088652482269503,0.1099290780141844,0.0626477541371158,0.6560006299962154,5.48994970838302,28.30434782608696,4.139637986752758,0.2032572575840779
MADHYA PRADESH|SATNA,MADHYA PRADESH,SATNA,"output low, input low",-0.412189187018618,-0.4104240121878647,-0.2488957885987957,0.0712465001504565,0.0120336943441636,0.0734055354993983,0.0766736897309836,0.5429989002037415,7.154840743670043,26.60869565217392,5.209753070303245,0.2797465297857396
MADHYA PRADESH|SEHORE,MADHYA PRADESH,SEHORE,"output low, input high",-0.2214662058730575,-0.2441342541093103,-0.0719129709527398,-0.59022119192147,0.0224609375,0.1572265625,0.1064453125,0.7520882296482063,4.05268349004069,23.347826086956523,3.0850622014463465,0.1833338734225585
MADHYA PRADESH|SEONI,MADHYA PRADESH,SEONI,"output low, input low",-0.3994531717609491,-0.4195466747410364,-0.3649154595235345,-0.1137656460544406,0.0019801980198019,0.1405940594059406,0.0514851485148514,0.4724532733174645,7.763672444041523,28.0,5.583463156999231,0.2908446925796383
MADHYA PRADESH|SHAHDOL,MADHYA PRADESH,SHAHDOL,"output low, input high",-0.3002682087069092,-0.2077944153102021,0.3952729533774805,0.1386557041285054,0.0113268608414239,0.1326860841423948,0.0841423948220064,0.2603759478112438,6.175217457649365,27.695652173913043,3.528022452703954,0.243667780697617
MADHYA PRADESH|SHAJAPUR,MADHYA PRADESH,SHAJAPUR,"output low, input high",-0.4157970138028922,-0.2000730638996082,-0.075521309750232,-0.393743554153906,0.0149551345962113,0.1006979062811565,0.1286141575274177,0.6894269071116029,4.309250163067805,23.73913043478261,2.921417946660526,0.1929127248406893
MADHYA PRADESH|SHEOPUR,MADHYA PRADESH,SHEOPUR,"output low, input high",-0.5269592761769946,-0.1120756083988024,-0.1112499398936022,0.0091186587474342,0.0097276264591439,0.0486381322957198,0.1070038910505836,0.7542782716662456,6.805417077705912,22.227272727272727,4.926168472109488,0.3151813153188164
MADHYA PRADESH|SHIVPURI,MADHYA PRADESH,SHIVPURI,"output low, input low",-0.5836177415443095,-0.3433367766801896,-0.1914424684513617,-0.0908885942916812,0.011669658886894,0.0368043087971274,0.0664272890484739,0.6619632228716813,8.036947990391655,26.39130434782609,6.15087751161141,0.3189944902151749
MADHYA PRADESH|SIDHI,MADHYA PRADESH,SIDHI,"output low, input high",-0.3710263603467723,-0.2062504029843336,0.1582337680070511,-0.0103855193588254,0.0103567318757192,0.0909090909090909,0.0828538550057537,0.4400057155610963,9.108669592553827,27.39130434782609,6.470210237724422,0.3614207660186223
MADHYA PRADESH|SINGRAULI,MADHYA PRADESH,SINGRAULI,"output low, input low",-0.3033659866220834,-0.3096684279688945,0.3894744061011529,0.0336113250299463,0.0019569471624266,0.146771037181996,0.0724070450097847,0.3543556443175604,10.788888275763524,27.83333333333333,8.326815510655004,0.4037656498165312
MADHYA PRADESH|TIKAMGARH,MADHYA PRADESH,TIKAMGARH,"output high, input low",0.9939926589601136,-0.4204644482049258,-0.2126610930933415,0.1909445110220036,0.0081411126187245,0.6187245590230664,0.0664857530529172,0.8180648247167139,8.166013296937896,25.52173913043478,5.708317461988123,0.3318440021914537
MADHYA PRADESH|UJJAIN,MADHYA PRADESH,UJJAIN,"output low, input high",-0.4167289262084483,-0.0937381829542942,0.1646251133185028,-0.299276363834034,0.024,0.0742857142857142,0.1542857142857142,0.7036574898099854,3.2682229057996324,24.13043478260869,2.479156418430614,0.14758391038276
MADHYA PRADESH|UMARIA,MADHYA PRADESH,UMARIA,"output low, input low",-0.4630963356807143,-0.3140434710639097,-0.2040926364668113,0.2343209117007932,0.0020325203252032,0.1138211382113821,0.056910569105691,0.4356035213108408,8.45650734540844,25.77272727272728,5.856138907275355,0.338655553463868
MADHYA PRADESH|VIDISHA,MADHYA PRADESH,VIDISHA,"output low, input low",-0.456702716433534,-0.2995073651535029,-0.278304544721936,-0.345922290255293,0.00418410041841,0.1108786610878661,0.0857740585774058,0.7615920876077746,4.771116524129824,24.217391304347824,3.9161726533930175,0.2051913997662307
MAHARASHTRA|AHMEDNAGAR,MAHARASHTRA,AHMEDNAGAR,"output high, input high",0.1447793666668426,0.3003078387266313,0.4926894533996926,-0.0567683767024839,0.0349139078493087,0.2430326484808268,0.2950609364977549,0.5433382247720622,7.087613227781004,23.17391304347826,4.525910808274051,0.3068543360432192
MAHARASHTRA|AKOLA,MAHARASHTRA,AKOLA,"output high, input low",0.3628042751678397,-0.4020389009147371,-0.2402238808156435,0.1450274861644969,0.0247641509433962,0.3419811320754717,0.1191037735849056,0.4007675033619444,6.368873677165633,17.17391304347826,4.769721762610572,0.3729940646376479
MAHARASHTRA|AMRAVATI,MAHARASHTRA,AMRAVATI,"output high, input high",0.3217646492677428,-0.2572821739696753,-0.2639806046222667,-0.2540392549793069,0.0160592958616429,0.3625694873378629,0.1260037059913527,0.3908044639944243,6.304541111613711,19.47826086956522,4.695381356833257,0.327704596532903
MAHARASHTRA|AURANGABAD,MAHARASHTRA,AURANGABAD,"output high, input high",0.0973878771518882,0.1371876112602723,0.1521348545134542,-0.4311671409218144,0.0357142857142857,0.2324698795574135,0.2432720257655647,0.589844774781333,7.260570198717209,20.60869565217392,5.037794160735497,0.3544909760362401
MAHARASHTRA|BEED,MAHARASHTRA,BEED,"output low, input low",-0.1742944148716575,-0.3607419351968259,-0.3543079905668148,-0.0794956500796386,0.0186706497386109,0.1814787154592979,0.1529733785804629,0.4762211258478322,7.868131963589727,22.43478260869565,5.3235063619612735,0.3510081247619071
MAHARASHTRA|BHANDARA,MAHARASHTRA,BHANDARA,"output high, input high",0.5082505070251246,-0.0785669806099787,0.6007423372322717,-0.2938267431323713,0.0766182298546895,0.2694848084544253,0.2272126816380449,0.5823436828576014,2.895469566408974,14.826086956521738,1.7864327057618048,0.1989937336466295
MAHARASHTRA|BULDHANA,MAHARASHTRA,BULDHANA,"output high, input high",0.1973621754080127,-0.217374081793228,-0.0919884488953496,-0.1286164054555043,0.0409582689335394,0.2403400309119011,0.1561051004636785,0.6015001720429201,7.477806667779525,19.52173913043478,5.589148193699853,0.3929479478716516
MAHARASHTRA|CHANDRAPUR,MAHARASHTRA,CHANDRAPUR,"output low, input high",-0.2718518540278782,-0.2497747054298276,-0.0321487774247586,-0.2494712676119992,0.015547703180212,0.1450074528466036,0.1520282791367268,0.5000047511102813,6.436797506912405,17.217391304347824,4.988153952509758,0.3781016321179634
MAHARASHTRA|DHULE,MAHARASHTRA,DHULE,"output low, input high",-0.27052032677573,-0.187730338411557,-0.593143410105457,0.031441726293792,0.0165912518853695,0.1402714932126696,0.2036199095022624,0.5751054071194566,8.95676987109851,20.47826086956522,6.1038299594175225,0.4394978274318763
MAHARASHTRA|GADCHIROLI,MAHARASHTRA,GADCHIROLI,"output low, input low",-0.3717459660123208,-0.5754548102414205,-0.3396930218973408,-0.909282002310302,0.0229729729729729,0.0966216216216216,0.0777027027027027,0.4837728431229036,2.6331037320683413,15.91304347826087,1.6201692858074674,0.1685573600877043
MAHARASHTRA|GONDIA,MAHARASHTRA,GONDIA,"output high, input high",0.1496020034654225,-0.0186889452412184,0.6018048804192949,-0.2074155230772298,0.0402298850574712,0.2425287356321839,0.2367816091954023,0.5054079705044852,2.092580616778205,14.142857142857142,1.4483813250324455,0.1502519413255262
MAHARASHTRA|HINGOLI,MAHARASHTRA,HINGOLI,"output low, input low",-0.2540191944625494,-0.3950163268714068,-0.5146793181979785,-0.2122739401664122,0.0164179104477611,0.135820895522388,0.1238805970149253,0.5951820188814014,8.530696238035645,20.761904761904763,6.368266675962748,0.4144073389573496
MAHARASHTRA|JALGAON,MAHARASHTRA,JALGAON,"output high, input high",0.0375826300005862,-0.1093256018802186,0.0751174041219885,0.1750601641431744,0.0405679513184584,0.196078431372549,0.1967545638945233,0.6069344471629899,6.378065861230601,18.347826086956523,3.8934776624881455,0.3512521864592897
MAHARASHTRA|JALNA,MAHARASHTRA,JALNA,"output high, input high",0.2123053289099155,-0.0877988453631845,-0.0696284945011621,-0.0136065625668112,0.0620399579390115,0.2166140904311251,0.1598317560462671,0.689258815283833,8.070454272591029,20.65217391304348,5.556118223011512,0.392646615594764
MAHARASHTRA|KOLHAPUR,MAHARASHTRA,KOLHAPUR,"output high, input high",-0.0473044837344555,0.2016032225304991,0.2900097042028601,-0.0859406299360728,0.0186282811176968,0.2044745902479808,0.3417228849270471,0.5512512474202022,7.308735894416439,18.95652173913044,5.452136650928211,0.3891637460648588
MAHARASHTRA|LATUR,MAHARASHTRA,LATUR,"output low, input low",-0.3816348444244181,-0.3081838863205036,-0.0780583171821744,0.0191370127365797,0.0065861690450054,0.1220512395667212,0.1295279912184412,0.442804053213743,8.721867938198601,22.217391304347824,5.978736736482347,0.3942040874918571
MAHARASHTRA|NAGPUR,MAHARASHTRA,NAGPUR,"output high, input low",-0.0038684515807777,-0.3692521037412294,-0.3341264415851367,-0.2423346036067488,0.0168644597126795,0.2345454645302281,0.1247246409184105,0.5776547893461164,6.393914541758815,19.0,4.799756592752104,0.3397729440518367
MAHARASHTRA|NANDED,MAHARASHTRA,NANDED,"output low, input low",-0.3408937764310862,-0.3231455447026316,-0.1312825573644812,-0.0503139618822941,0.0078585461689587,0.1394891944990176,0.106090373280943,0.5649264197605138,7.481194475883472,21.217391304347824,5.267163245335951,0.3541578627093981
MAHARASHTRA|NANDURBAR,MAHARASHTRA,NANDURBAR,"output low, input low",-0.1662673010626381,-0.4616118155576428,-0.2824083122519912,-0.2941523884429564,0.0497835497835497,0.0822510822510822,0.0627705627705627,0.583853476609193,11.4059073962734,21.38095238095238,8.889822873663624,0.5345781808740516
MAHARASHTRA|NASHIK,MAHARASHTRA,NASHIK,"output low, input high",-0.2730586322930177,-0.1300392737671931,-0.3063511793123675,-0.1271097534333124,0.0157977883096366,0.1304922761272309,0.2075579377169966,0.5618505411300204,9.989510380974464,22.26086956521739,6.647819631121606,0.4502721870772284
MAHARASHTRA|OSMANABAD,MAHARASHTRA,OSMANABAD,"output high, input high",-0.0089257504133011,-0.2505237044405434,0.2054937682299599,0.018764348041679,0.0458452722063037,0.1733524355300859,0.157593123209169,0.4696834133867595,9.015474314888449,22.043478260869566,5.521453545284952,0.4092781644321456
MAHARASHTRA|PARBHANI,MAHARASHTRA,PARBHANI,"output low, input low",-0.2235693826259369,-0.55469910180314,-0.6157116171799835,-0.0814931099025425,0.0217654171704957,0.1583303827319673,0.0785238531068162,0.5177729917797759,7.619016139623925,22.17391304347826,5.310273208977144,0.3451785426998653
MAHARASHTRA|PUNE,MAHARASHTRA,PUNE,"output low, input high",-0.1981132000712249,-0.1306475195344516,0.0394044167045252,-0.1725568309463779,0.023208062700067,0.1425438596491228,0.2148961172431083,0.5626694149303835,7.27224497398019,22.217391304347824,4.66120458628121,0.3304611109565955
MAHARASHTRA|RAIGAD,MAHARASHTRA,RAIGAD,"output low, input low",-0.492421409748004,-0.5680289912795846,-0.4421580477612237,-0.1766019083534687,0.0104109589041095,0.063439218705076,0.0460273972602739,0.4848806203501729,2.0794305200172927,11.869565217391305,1.457343629087934,0.1806234763676572
MAHARASHTRA|RATNAGIRI,MAHARASHTRA,RATNAGIRI,"output low, input low",-0.5083415892321859,-0.542826200697508,-0.5164795635186737,-0.1501891225630111,0.0105401844532279,0.069828722002635,0.069828722002635,0.4668805982163028,2.610077605570659,11.695652173913045,1.836017206616504,0.2299355122470562
MAHARASHTRA|SANGLI,MAHARASHTRA,SANGLI,"output high, input high",0.2465374382478928,0.2066263199530779,0.2734541085261025,0.2811504489299141,0.0084151472650771,0.3475441993268818,0.3598411081094839,0.6132695520796791,7.998042942681169,21.30434782608696,5.009650306752691,0.3753029451694558
MAHARASHTRA|SATARA,MAHARASHTRA,SATARA,"output low, input high",-0.3115600780575002,-0.1839774854841897,-0.0099728890823259,-0.2880423442288954,0.0155087671922135,0.1332222068678335,0.1614551279716126,0.5608047102960361,9.349338800423173,22.39130434782609,6.538089981297082,0.4173838309901148
MAHARASHTRA|SINDHUDURG,MAHARASHTRA,SINDHUDURG,"output low, input high",-0.2406906592841305,-0.2438786801284439,0.0477992132303666,0.1863365604003152,0.0125348189415041,0.1573839599084853,0.165598819982717,0.480584175809264,1.9591462874309744,11.0,1.389977701051081,0.182292115377007
MAHARASHTRA|SOLAPUR,MAHARASHTRA,SOLAPUR,"output high, input high",0.292476673355167,0.003679160281417,-0.0060408676660011,0.0738406538070142,0.053050397877984,0.2495541896660294,0.3050928166617227,0.5380324749374826,4.290855155880726,21.869565217391305,2.474470769002309,0.1967652882292841
MAHARASHTRA|THANE,MAHARASHTRA,THANE,"output low, input low",-0.2236038947987816,-0.368490797729607,-0.2666924821310339,-0.2958856292405949,0.020631067961165,0.1365291262135922,0.0637135922330097,0.6658329189629278,2.6632782021694688,13.08695652173913,1.6700109824107796,0.2074997403787658
MAHARASHTRA|WARDHA,MAHARASHTRA,WARDHA,"output low, input high",-0.1972303227155221,-0.2119186257017307,-0.3850467753173172,-0.2427359588668983,0.0156087408949011,0.1768990634755463,0.1966701352757544,0.3706381123614021,4.560178671673157,15.826086956521738,3.5009956079423525,0.2982747999053028
MAHARASHTRA|WASHIM,MAHARASHTRA,WASHIM,"output high, input low",0.0185207866056515,-0.539061645481425,-0.396326355900605,-0.3461577023731053,0.0172910662824207,0.2507204610951009,0.069164265129683,0.412396695138519,6.089437550073024,18.476190476190474,4.473992535625857,0.3302828223658198
MAHARASHTRA|YAVATMAL,MAHARASHTRA,YAVATMAL,"output high, input low",-0.0550942521155714,-0.4905504067282973,-0.3248275212601967,-0.1452042354053291,0.0136986301369863,0.2323601350724088,0.0840987037278365,0.5583773107843124,5.231127869543663,17.695652173913043,3.728459445729386,0.3044181911278844
MANIPUR|BISHNUPUR,MANIPUR,BISHNUPUR,"output high, input high",1.0506156421907529,-0.0308272443606091,-0.9219210221268554,0.0521700429978814,0.0975609756097561,0.1463414634146341,0.1951219512195122,0.4366256009523148,3.4359041967697848,15.090909090909092,2.08790799423926,0.2361907427231907
MANIPUR|CHANDEL,MANIPUR,CHANDEL,"output low, input low",-0.5166433065084384,-0.574470265233783,-0.3736790354057039,-1.0974069035850902,0.0185999072815729,0.0289383275552399,0.0223048327137546,0.3904394446740875,5.070374970002973,15.363636363636363,3.229614809535448,0.3313690557302561
MANIPUR|IMPHAL EAST,MANIPUR,IMPHAL EAST,"output high, input low",0.6315104143413761,-0.5894375802118651,-0.588090308740591,-0.3699499024320703,0.0751445086705202,0.1618497109826589,0.0924855491329479,0.4722558062946014,2.622889361796499,14.181818181818182,1.6821513736892442,0.2129740781740451
MANIPUR|IMPHAL WEST,MANIPUR,IMPHAL WEST,"output high, input high",1.655325148889231,-0.1909133205422596,-0.8139412233281265,-0.3187465773603641,0.2079207920792079,0.1386138613861386,0.1683168316831683,0.6216243261612653,2.3836477936865155,14.136363636363637,1.511970084861442,0.2070449740938144
MANIPUR|TAMENGLONG,MANIPUR,TAMENGLONG,"output low, input low",-0.7471248059212887,-0.7440659987350879,-0.6211358959161368,-1.816923164662424,0.0,0.0081967213114754,0.0081967213114754,0.510288327295971,3.0367408706091186,13.5,1.9014336909951275,0.2594583325560464
MANIPUR|THOUBAL,MANIPUR,THOUBAL,"output high, input low",1.13741868251052,-0.512627345466848,-0.6889752871173591,-0.2135788894295126,0.1886792452830188,0.0,0.1132075471698113,0.6052311548269208,3.3579827424692046,14.363636363636363,2.0014814659213083,0.2423126316425405
MANIPUR|UKHRUL,MANIPUR,UKHRUL,"output low, input low",-0.5520479159036102,-0.6840899366219789,-0.7069694715811172,-1.47551734041624,0.0158730158730158,0.022741902563861,0.0175367597463914,0.3554831282047034,4.423664488132087,14.272727272727272,2.848990324703247,0.3256150061921357
MEGHALAYA|EAST GARO HILLS,MEGHALAYA,EAST GARO HILLS,"output low, input low",-0.1577206795069222,-0.721904601751896,-0.7183108932139328,-1.0388429268946542,0.0115715990293814,0.1953612310788228,0.0102969003280487,0.5247029105531089,6.724863727228066,25.52173913043478,3.600441161923344,0.26157831880585
MEGHALAYA|EAST JAINTIA HILLS,MEGHALAYA,EAST JAINTIA HILLS,"output low, input low",-0.2400840877426139,-0.3744342556903814,-0.3861118046408848,-0.4743148716635563,0.0025445292620865,0.1906892211418735,0.0740186632025468,0.4435138272370518,3.535277636289309,16.652173913043477,2.156445946156691,0.2147785759108774
MEGHALAYA|EAST KHASI HILLS,MEGHALAYA,EAST KHASI HILLS,"output low, input low",-0.2568510929823014,-0.634733089139975,-0.7098790910261187,-0.6676602112711816,0.0065761210799378,0.1663695866977421,0.0421696710726588,0.3991986223103545,5.583619698821229,16.17391304347826,3.8558940273265447,0.3498545846968897
MEGHALAYA|RI BHOI,MEGHALAYA,RI BHOI,"output high, input low",0.0658094163341213,-0.5248322086239934,-0.7191142026470319,-0.756622010437547,0.0049382716049382,0.2834419091843647,0.0383083452878174,0.3404436143523601,3.2033070442802507,16.17391304347826,1.9599829753714293,0.2001995506839629
MEGHALAYA|SOUTH GARO HILLS,MEGHALAYA,SOUTH GARO HILLS,"output high, input low",0.095808263526074,-0.6072281290406465,-0.68977699019989,-1.3574168481008315,0.0575622814246866,0.1783412836581191,0.0064102564102564,0.5522006519555228,5.834566504597779,23.60869565217392,3.013623239995656,0.2454309972514334
MEGHALAYA|WEST GARO HILLS,MEGHALAYA,WEST GARO HILLS,"output high, input low",0.184386856684689,-0.5557750073139545,-0.5112125366898566,-0.6509519769830672,0.0032644178454842,0.3371894323504042,0.0238121187865735,0.5820489899757564,8.061908112898832,26.347826086956523,3.895412855739517,0.3045844066067582
MEGHALAYA|WEST KHASI HILLS,MEGHALAYA,WEST KHASI HILLS,"output high, input low",-0.0082442909744234,-0.6828050527756664,-0.7114427605079208,-1.2289144525057196,0.0017992863589968,0.2807505945357358,0.0147099285881854,0.3445850164408597,5.530435728246476,18.347826086956523,4.1336998347141805,0.3009248472836678
MIZORAM|AIZAWL,MIZORAM,AIZAWL,"output high, input low",0.1006683504198345,-0.4297956168997573,0.530937509545313,0.1422578052788832,0.0606060606060606,0.0757575757575757,0.0606060606060606,0.2216235184455641,3.3800203771690405,11.391304347826088,2.130611580542151,0.3095193909400594
MIZORAM|CHAMPHAI,MIZORAM,CHAMPHAI,"output high, input low",0.2522165748969744,-0.412323444384346,0.2649275042737968,-0.2952115352085078,0.1071428571428571,0.0892857142857142,0.0178571428571428,0.2321893389552073,2.3735911686775784,11.347826086956522,1.5971692351946374,0.2199801338774087
MIZORAM|KOLASIB,MIZORAM,KOLASIB,"output high, input high",0.1925149138943778,-0.0803004148759626,0.0040382745358928,0.3934618094136213,0.0,0.2,0.0,0.2670821114369501,2.9938019853111464,12.173913043478262,1.906949269050144,0.2515757556027451
MIZORAM|LAWNGTLAI,MIZORAM,LAWNGTLAI,"output low, input low",-0.3568593687877774,-0.675488112327137,-0.5369625144356641,-1.3275987186058495,0.0071942446043165,0.1162931768955375,0.014388489208633,0.2109754582425616,2.2733702185384748,11.75,1.5704704075459637,0.2043315367880525
MIZORAM|LUNGLEI,MIZORAM,LUNGLEI,"output high, input low",0.0862732852278917,-0.693378576801849,-0.0535160703698475,-0.6539443142368689,0.0608695652173913,0.1391304347826087,0.017391304347826,0.1964853427465522,2.841506537129223,12.565217391304348,1.820452041112721,0.235570920150532
MIZORAM|MAMIT,MIZORAM,MAMIT,"output high, input low",0.193813428130702,-0.6982564842349827,-0.1686236579257581,-0.1973216340705822,0.0597014925373134,0.1330907287147896,0.0,0.1094909785685268,3.045358793955364,11.470588235294118,2.0369242391060944,0.2704216799712479
MIZORAM|SAIHA,MIZORAM,SAIHA,"output low, input low",-0.2479931121127822,-0.650635936660889,1.238650670086224,-0.3468974100160656,0.0,0.1626599634369287,0.0,0.075927015891701,2.2468456888873334,9.0,1.671633428829163,0.259332351004513
MIZORAM|SERCHHIP,MIZORAM,SERCHHIP,"output low, input high",-0.2148943452567941,-0.0388469482064852,-0.0073933217192028,-0.2001581170652713,0.037037037037037,0.037037037037037,0.0,0.1570702995721646,3.4852071317629103,8.625,2.462632551510365,0.4034702325014831
NAGALAND|DIMAPUR,NAGALAND,DIMAPUR,"output high, input low",-0.0394218875607981,-0.4345013204673887,0.330061963223589,-0.8494238247886134,0.0107593180627061,0.1981146191830016,0.0641909856427432,0.519434662698214,5.570794268758084,25.55,2.9482155656350355,0.2239050052008194
NAGALAND|KIPHIRE,NAGALAND,KIPHIRE,"output low, input high",-0.5657567124717059,0.0230475022830487,-0.0907022195300592,-1.1603010647065295,0.0169491525423728,0.0338983050847457,0.0169491525423728,0.2800427885296837,5.723920175577582,24.33333333333333,3.7468910633900014,0.2332185592497347
NAGALAND|KOHIMA,NAGALAND,KOHIMA,"output low, input low",-0.3386908037888589,-0.6052593625382044,0.1326527678769841,-0.9385538705909088,0.0,0.125,0.0,0.4648814133354629,6.450581672892238,23.695652173913043,3.522110904405145,0.2936541690635235
NAGALAND|LONGLENG,NAGALAND,LONGLENG,"output low, input low",-0.8065488781983504,-0.6890698977973891,0.4084633556569995,-0.6149945506428723,0.0,0.0,0.0,0.5116546639963534,6.743723404590374,23.33333333333333,4.06354519021332,0.2877719897757957
NAGALAND|MOKOKCHUNG,NAGALAND,MOKOKCHUNG,"output low, input low",-0.152944392240102,-0.6090259775770668,-0.2121217230790958,-0.5719238156213833,0.0151515151515151,0.1777702397105382,0.0303030303030303,0.5197805239093192,6.764160652776306,23.695652173913043,3.5519335319333654,0.3065556579631728
NAGALAND|MON,NAGALAND,MON,"output low, input low",-0.5263436285013569,-0.7048210112705184,-0.2012017338629765,-1.0270478390895563,0.0,0.0769230769230769,0.0153846153846153,0.4065436972897939,6.6339714854102,24.26086956521739,3.8271066189714,0.308786096491905
NAGALAND|PEREN,NAGALAND,PEREN,"output low, input low",-0.2208287370113705,-0.3505709397167943,-0.4548552187629413,-1.1166525172112411,0.0317460317460317,0.125696789858368,0.0317460317460317,0.3669999515235224,5.851318584536433,24.666666666666668,3.16788290565459,0.2386663144885958
NAGALAND|PHEK,NAGALAND,PHEK,"output low, input low",-0.3691554308902303,-0.3499988614766337,-0.1647286218480206,-1.2419805293234756,0.0,0.095624178658541,0.0151515151515151,0.3511906985378141,6.705721714711892,23.43478260869565,3.982360595556993,0.3074656756321376
NAGALAND|TUENSANG,NAGALAND,TUENSANG,"output low, input low",-0.605167299926086,-0.2600032235850161,0.8385508248053859,-1.6095565102740492,0.0,0.0277777777777777,0.0416666666666666,0.4709194699773831,6.166407807885626,22.217391304347824,3.7618575400062846,0.3054778752054145
NAGALAND|WOKHA,NAGALAND,WOKHA,"output low, input low",-0.589714340108124,-0.7036909289285962,-0.143798152320908,-1.3165319990864366,0.0,0.0791106756252333,0.0,0.3672271598075786,6.972484814100669,24.565217391304348,3.789757403073577,0.3120987131113109
NAGALAND|ZUNHEBOTO,NAGALAND,ZUNHEBOTO,"output low, input low",-0.6201018990103867,-0.3858578962950286,1.2502906829754563,-1.5974209011105938,0.0074074074074074,0.0444444444444444,0.0148148148148148,0.4245106331958193,6.6142943640820135,22.73913043478261,4.426067000565821,0.3232925402071707
ODISHA|ANUGUL,ODISHA,ANUGUL,"output low, input low",-0.4468812202146059,-0.6078853581969466,-0.6428754280193743,-0.4287729780126631,0.0099317194289261,0.0980757293606455,0.0509000620732464,0.2643085652303928,3.071984201185141,16.130434782608695,1.890510659661872,0.1962592820027421
ODISHA|BALANGIR,ODISHA,BALANGIR,"output high, input low",-0.0819075355603727,-0.3947257405977437,-0.4188731590945799,-0.4461782223958642,0.0131805157593123,0.228080229226361,0.0853868194842406,0.2471146846913715,2.767309777214066,17.217391304347824,1.7053622606601355,0.1758357461694128
ODISHA|BALESHWAR,ODISHA,BALESHWAR,"output high, input low",0.1520382514906349,-0.4280884623358211,-0.615536312493336,-0.4814632898318451,0.0148538525014089,0.2514489434217081,0.1094009535319441,0.4331227054389601,1.4968031228766774,14.869565217391305,1.2249943306023483,0.1127582589050145
ODISHA|BARGARH,ODISHA,BARGARH,"output low, input low",-0.1538597311771983,-0.4342865963397969,-0.4692296961078818,-0.4663108477678407,0.0257731958762886,0.1730461983484973,0.1206407000667103,0.4115915968691436,1.9159798560711,16.0,1.3893597372536115,0.1357033593808012
ODISHA|BHADRAK,ODISHA,BHADRAK,"output high, input high",0.1183046666252795,-0.1356295213079227,-0.2589774999990562,0.1124158058524575,0.0247524752475247,0.1629458312626629,0.1465924128329245,0.4679123581446376,1.3823058845491585,14.478260869565217,1.1819992205631211,0.1132752870428886
ODISHA|BOUDH,ODISHA,BOUDH,"output high, input high",0.2241399980803188,1.9605313553830768,2.3300941298411493,1.7509946931200342,0.0421146953405017,0.1923522469329524,0.330345078474171,0.409697553260457,2.1372114090738203,16.0,1.4724108741149304,0.1450128687609526
ODISHA|CUTTACK,ODISHA,CUTTACK,"output high, input low",-0.1306532265008783,-0.295591707647142,-0.461358695531699,-0.0721481110310801,0.025599128540305,0.1225490196078431,0.1100217864923747,0.4479953927872367,2.842518943764329,16.347826086956523,1.9339008615689328,0.1933231288955645
ODISHA|DEOGARH,ODISHA,DEOGARH,"output low, input low",-0.4165107776403454,-0.5875690506603798,-0.6616329611278429,-0.6320808445469022,0.0028985507246376,0.1318840579710145,0.044870052954292,0.1917969619924092,2.3119502371441425,15.695652173913045,1.5272383421507447,0.1571575505865226
ODISHA|DHENKANAL,ODISHA,DHENKANAL,"output low, input low",-0.1861015820097057,-0.3911131811006102,-0.3738433341553988,-0.1427834045574291,0.0234962406015037,0.1353383458646616,0.0761278195488721,0.3237715617299914,2.3025075412514933,15.565217391304348,1.5733911845545925,0.1550767608200698
ODISHA|GAJAPATI,ODISHA,GAJAPATI,"output low, input low",-0.4334197075680944,-0.5921817367638489,-0.5971562943598357,-0.4027698736519562,0.0074982958418541,0.1049761417859577,0.0265848670756646,0.4237624334740699,4.710874365729346,16.434782608695652,2.802109320531326,0.2858173331395732
ODISHA|GANJAM,ODISHA,GANJAM,"output low, input low",-0.2594082440797693,-0.4072493919279657,-0.4527679813143063,-0.2331125406774505,0.0509088273800394,0.0278945357279327,0.0779088193319424,0.5866337002456457,2.606412245551638,16.869565217391305,1.73243184490181,0.1705962868432547
ODISHA|JAGATSINGHAPUR,ODISHA,JAGATSINGHAPUR,"output high, input high",0.270879366825971,-0.2076561007305595,-0.4817380407056833,-0.1712466805847512,0.0438016528925619,0.2074380165289256,0.1239669421487603,0.5171827513442642,2.368438194335124,13.869565217391305,1.820142656414424,0.1944535140707822
ODISHA|JAJAPUR,ODISHA,JAJAPUR,"output high, input low",-0.1209324051222904,-0.3776992712961209,-0.5126952760688118,-0.1773512869682365,0.0265200517464424,0.1513584783129156,0.114044038635046,0.3866008493108051,2.501624857695235,15.521739130434783,1.7131098928129054,0.1821499251318818
ODISHA|JHARSUGUDA,ODISHA,JHARSUGUDA,"output high, input low",-0.0152164788472852,-0.3462291120593632,-0.5418078361024571,-0.4005770766057526,0.0028818443804034,0.2795389048991354,0.0951008645533141,0.3304039422507723,1.6693004724769565,14.956521739130435,1.2555930514868907,0.12165908099964
ODISHA|KALAHANDI,ODISHA,KALAHANDI,"output high, input low",-0.1451915976803827,-0.2929505503366022,-0.4187362075748761,-0.4626847630002099,0.029731567489359,0.1606566997249046,0.1148529368747031,0.3616063259378438,2.6356348818513275,17.695652173913043,1.699656367569934,0.1579020742043911
ODISHA|KANDHAMAL,ODISHA,KANDHAMAL,"output low, input low",-0.5395475948148557,-0.6318382801065243,-0.7254789110969997,-0.7549850806499814,0.0077428566005664,0.0644411451000923,0.018943567591749,0.3301294740645013,3.3033798207686824,16.434782608695652,2.0659679879957995,0.1940787417415463
ODISHA|KENDRAPARA,ODISHA,KENDRAPARA,"output low, input low",-0.230770507571473,-0.3993853184807745,-0.422796374867448,-0.0281296321185997,0.0193687230989956,0.1084936356300596,0.0865364444968449,0.3817224591971723,2.223202178601954,14.608695652173912,1.5916473929571568,0.1698550466078969
ODISHA|KENDUJHAR,ODISHA,KENDUJHAR,"output high, input low",-0.0664440495728025,-0.5312936583619144,-0.6235180236424979,-0.4317769067041183,0.0049091801669121,0.2184585174275896,0.0628375061364752,0.2703058020294394,2.118885303392964,18.52173913043478,1.404199930033749,0.117887698186127
ODISHA|KHORDHA,ODISHA,KHORDHA,"output high, input low",-0.1142157906804379,-0.427664565800882,-0.5544390040513307,0.0750788142822241,0.0270473328324567,0.0861599039194502,0.0623591284748309,0.3828273925979329,1.8849979083189687,15.434782608695652,1.4041149775615402,0.1368136986443858
ODISHA|KORAPUT,ODISHA,KORAPUT,"output high, input low",-0.100003372162577,-0.3074077305095546,-0.2797985199859558,-0.190555221820562,0.0227392913802221,0.1819143310417768,0.0613432046536224,0.2888736910314106,3.5974067557604776,18.17391304347826,2.246912182786702,0.1998369160713519
ODISHA|MALKANGIRI,ODISHA,MALKANGIRI,"output high, input low",-0.0683365752240821,-0.6355568039214996,-0.686326106143675,-0.7882520940272504,0.0114939574171913,0.2270013993428043,0.0172676294726185,0.3039711352009455,2.57740522049992,13.956521739130435,1.6392222215560546,0.2053590711192949
ODISHA|MAYURBHANJ,ODISHA,MAYURBHANJ,"output high, input low",0.0713387038257544,-0.4367971001338537,-0.5833921014092645,-0.4524350359076848,0.0156078860898138,0.2679053450470033,0.0745124565374509,0.3202421097449224,1.7499888668816042,17.52173913043478,1.3309025563375425,0.1135573941157681
ODISHA|NABARANGPUR,ODISHA,NABARANGPUR,"output high, input low",-0.0230962689818134,-0.61845127157884,-0.6682787154372267,-0.2323985310805687,0.0092592592592592,0.2268518518518518,0.0405092592592592,0.2356440271228924,2.9697002260190017,17.17391304347826,1.965866215362024,0.2023017711199794
ODISHA|NAYAGARH,ODISHA,NAYAGARH,"output low, input low",-0.3618766430601896,-0.5055555488866101,-0.5640221646865121,-0.7397290337113414,0.0276497695852534,0.0612244897959183,0.0612244897959183,0.2959296243462775,2.6114342170909635,16.608695652173914,1.798875844656216,0.1788829650239342
ODISHA|NUAPADA,ODISHA,NUAPADA,"output high, input low",-0.0757615739032633,-0.4615627503615176,-0.5424980303993899,-0.7253000702282578,0.0333333333333333,0.1814042742007992,0.0663885764279465,0.1658505235616397,2.701731644728436,17.217391304347824,1.7040280323178378,0.1646571851533168
ODISHA|PURI,ODISHA,PURI,"output high, input low",0.0548161687502778,-0.3709417819973593,-0.4993801385264934,-0.0729524356640546,0.0429292929292929,0.1376262626262626,0.1073232323232323,0.4830215591578159,2.0112388555710594,13.782608695652174,1.487106287218586,0.1684537339447304
ODISHA|RAYAGADA,ODISHA,RAYAGADA,"output low, input low",-0.1543708118804792,-0.4801504117388084,-0.5165220070510343,-0.5925689518921029,0.0348460291734197,0.1316855753646677,0.0320097244732577,0.451691339807247,4.540383111168378,17.0,2.7862873217764026,0.2701637221376082
ODISHA|SAMBALPUR,ODISHA,SAMBALPUR,"output low, input low",-0.2520868610289997,-0.4736977961062123,-0.6301184178552472,-0.5233283291231204,0.0051369863013698,0.1866438356164383,0.047945205479452,0.2659843541072935,1.6706330316951623,16.0,1.2702066512592471,0.1137834126653904
ODISHA|SONEPUR,ODISHA,SONEPUR,"output low, input low",-0.2829392132332924,-0.4567316995713489,-0.5803305204424203,-1.0046738860691526,0.0199530516431924,0.1335025657822906,0.0793111217406949,0.5863458590031658,1.4809451317813207,15.217391304347826,1.186256780117557,0.1139572722429897
ODISHA|SUNDARGARH,ODISHA,SUNDARGARH,"output high, input low",-0.0024895742253745,-0.3906485099435922,-0.23902658687534,-0.318215557740201,0.0187134502923976,0.2385964912280701,0.0514619883040935,0.374324766378091,2.0182335027913147,18.0,1.3800876764511123,0.1222456885610631
PUNJAB|AMRITSAR,PUNJAB,AMRITSAR,"output high, input high",0.1422095637326959,0.0318248327223404,-0.3047445784423121,0.2276297343081849,0.0531496062992126,0.0118110236220472,0.1968503937007874,0.9591272769080972,2.3847138243534896,10.695652173913045,2.1312704732241974,0.2257520410961471
PUNJAB|BARNALA,PUNJAB,BARNALA,"output high, input high",-0.0174694454121605,0.6389714201727301,0.6240505589466965,0.6382254067099112,0.0980392156862745,0.0,0.2647058823529412,0.8921055445881255,2.407304147352125,8.076923076923077,2.1811655614521466,0.3041651021113974
PUNJAB|BATHINDA,PUNJAB,BATHINDA,"output high, input high",0.2762532231488049,0.322655477830863,0.2483371497257304,1.045030618162743,0.1435897435897435,0.0307692307692307,0.3128205128205128,0.9584847314638586,3.2082575451589643,9.869565217391305,2.775248783425218,0.3312535156246202
PUNJAB|FARIDKOT,PUNJAB,FARIDKOT,"output high, input high",0.6074800834149581,-0.0826133227780483,-0.2353342911819016,-0.061406637936595,0.1,0.14,0.12,0.984634168973586,2.655924417144637,7.521739130434782,2.35744937209096,0.3786998655537202
PUNJAB|FATEHGARH SAHIB,PUNJAB,FATEHGARH SAHIB,"output high, input high",-0.1355255284153705,-0.2465989148785976,-0.4710433187981112,-0.5509633514733072,0.0554216867469879,0.016867469879518,0.0963855421686747,0.9448548903264145,2.3198065887402617,6.304347826086956,2.125922067945998,0.4090167406519413
PUNJAB|FIROZEPUR,PUNJAB,FIROZEPUR,"output high, input high",0.1926743487849518,0.1450935742058899,-0.1585727023618993,0.3848622528310979,0.1107011070110701,0.025830258302583,0.2324723247232472,0.9608148069152254,2.8853620957947514,9.782608695652174,2.5102442250806827,0.3011853891415888
PUNJAB|GURDASPUR,PUNJAB,GURDASPUR,"output low, input low",-0.2187280243420279,-0.5273621362163728,-0.7038060144879088,-0.1152232111522652,0.065439672801636,0.0204498977505112,0.0695296523517382,0.902401251916748,2.6641512670873104,9.217391304347826,2.30734296902995,0.2914332473211337
PUNJAB|HOSHIARPUR,PUNJAB,HOSHIARPUR,"output low, input low",-0.4767428861121165,-0.4847476929646325,-0.4860239988752015,-0.1123012426208372,0.011783189316575,0.01885310290652,0.0675569520816967,0.8364036770107393,3.645656197722954,11.130434782608695,2.9837511862588384,0.3301310111049387
PUNJAB|JALANDHAR,PUNJAB,JALANDHAR,"output low, input low",-0.3589368479636121,-0.3213047376843042,-0.600025850040762,-0.2067669941521759,0.0313953488372093,0.0337209302325581,0.1127906976744186,0.8964278390120389,2.641134882426939,9.391304347826088,2.292494054111845,0.2845503719970372
PUNJAB|KAPURTHALA,PUNJAB,KAPURTHALA,"output low, input high",-0.3073973976353241,-0.1062223209817396,-0.1975606749886163,0.0321942020875344,0.0498384358398597,0.0169779286926994,0.1063585081329755,0.9757601321509992,2.350521330650761,6.826086956521739,2.131102948922679,0.3594596497545463
PUNJAB|LUDHIANA,PUNJAB,LUDHIANA,"output high, input high",1.055578564465251,0.6746074287252593,0.7824576664204193,0.5141342580612228,0.2136854741896758,0.0732292917166866,0.2448979591836734,0.8384731369270509,2.336082683987446,10.08695652173913,2.1055563559535715,0.2334457282380829
PUNJAB|MANSA,PUNJAB,MANSA,"output low, input low",-0.368600071933874,-0.4859158558331229,-0.5231245354762522,0.0813602268130101,0.0353982300884955,0.0398230088495575,0.0973451327433628,0.9376837161716608,3.2410913942152546,9.91304347826087,2.7851887704720504,0.3309637891630002
PUNJAB|MOGA,PUNJAB,MOGA,"output high, input high",0.8106158744700472,0.5525467249218191,-0.1614859384280833,0.8038517915765369,0.08,0.0666666666666666,0.28,0.9226507097621546,2.2927721016464755,8.043478260869565,2.108506098329804,0.2941436019572297
PUNJAB|MUKTSAR,PUNJAB,MUKTSAR,"output high, input high",0.8423917721029867,0.4232335509756719,-0.1752335649281123,0.7919897445210999,0.198019801980198,0.0445544554455445,0.2574257425742574,0.9014591857770364,3.079158161496649,9.826086956521738,2.662104510768448,0.3168685113501086
PUNJAB|PATIALA,PUNJAB,PATIALA,"output high, input low",0.0631594661648136,-0.528194164182712,-0.6403338965764411,-0.2077896481756195,0.0245310245310245,0.0505050505050505,0.0779220779220779,0.93910341306239,2.250506730142494,10.08695652173913,2.0775420834778866,0.232263258151828
PUNJAB|RUPNAGAR,PUNJAB,RUPNAGAR,"output low, input low",-0.5758139039966201,-0.5791914951842475,-0.5471939074734664,-0.1972868700045225,0.0155902004454342,0.0089086859688195,0.0623608017817371,0.7794331707725203,3.312255569558124,9.304347826086955,2.7519919446576573,0.3642058679878308
PUNJAB|S.A.S NAGAR,PUNJAB,S.A.S NAGAR,"output high, input high",0.0017284276548637,-0.1103922897260022,-0.8033907276175842,-0.1256410174128844,0.0181268882175226,0.0483383685800604,0.0483383685800604,0.9480232328429145,2.8114883077938666,9.285714285714286,2.3037691963257627,0.3093902073228594
PUNJAB|SANGRUR,PUNJAB,SANGRUR,"output high, input high",1.8540389942720767,1.4657418759947645,1.5218055999573536,1.4491357830705869,0.3824289405684754,0.0232558139534883,0.3720930232558139,0.9500870783754296,2.4526640591957243,11.73913043478261,2.152967556639441,0.2107863767652993
PUNJAB|SHAHID BHAGAT SINGH NAGAR,PUNJAB,SHAHID BHAGAT SINGH NAGAR,"output low, input high",-0.2640056899346195,-0.1714533349804369,0.2886802125019018,-0.2955365635197839,0.0159235668789808,0.0031847133757961,0.0796178343949044,0.9724408790434264,3.0568832979616536,7.0,2.592687402348601,0.450130501263063
PUNJAB|TARN TARAN,PUNJAB,TARN TARAN,"output high, input high",0.0464949719526794,-0.0667835828059863,-0.275149824681369,0.0327523297455199,0.0754098360655737,0.081967213114754,0.121311475409836,0.8299603651288294,2.182257828824416,8.857142857142858,2.0559368576570938,0.2578597191531903
RAJASTHAN|AJMER,RAJASTHAN,AJMER,"output low, input high",-0.3618810860417893,0.0785039280754886,0.6782222971445327,-0.0312685171178347,0.0254350736278447,0.0257570365851592,0.1394931720264266,0.3266311433568092,8.813298222383384,28.91304347826087,6.694156260993535,0.3110272371667683
RAJASTHAN|ALWAR,RAJASTHAN,ALWAR,"output low, input high",-0.4268850164802047,-0.1388600887810573,-0.1455191954566962,-0.3593001759188376,0.0205153837107265,0.0119100617500563,0.1319522979783723,0.7467972416371015,5.437769980044453,29.26086956521739,4.225723872664156,0.1906607765561199
RAJASTHAN|BANSWARA,RAJASTHAN,BANSWARA,"output low, input high",-0.3710461402786163,-0.0231019906137994,0.3001979867062045,-0.0068922979307006,0.0192290396164332,0.0417470990904892,0.136559361481285,0.6226038690821158,5.85378228599362,29.30434782608696,4.105647151735224,0.2047739831987866
RAJASTHAN|BARAN,RAJASTHAN,BARAN,"output low, input low",-0.4016492717212707,-0.3741231913112988,-0.0704838690149466,-0.4823734165303731,0.003683241252302,0.1074930894130023,0.0805937195307414,0.7924365060062651,5.699804496602152,28.73913043478261,4.404177907322555,0.2022926785161818
RAJASTHAN|BARMER,RAJASTHAN,BARMER,"output low, input low",-0.6314105593669143,-0.5392569874521298,-0.4527445374775172,-0.4646913133228625,0.0022901239889298,0.0108515227746943,0.0481217268215893,0.2823331900641294,3.315516934977205,19.695652173913043,2.4763801024658787,0.1683491282773813
RAJASTHAN|BHARATPUR,RAJASTHAN,BHARATPUR,"output high, input high",0.1154670986953065,-0.1759673952418686,0.4086383093693756,0.0314649487181698,0.0268681780016792,0.1678279454139288,0.0960020340443098,0.6499921751936786,4.8358775312169815,29.695652173913043,3.872471680636156,0.1667037420595267
RAJASTHAN|BHILWARA,RAJASTHAN,BHILWARA,"output low, input high",-0.4832794597027121,0.2144247871189941,0.657512548037496,-0.3960646634681238,0.0114573377870721,0.0281588447653429,0.1974068909478461,0.4804679186659325,8.76244209080292,31.565217391304348,5.984567293844499,0.2818079346749461
RAJASTHAN|BIKANER,RAJASTHAN,BIKANER,"output low, input high",-0.1961533544117435,-0.0445493641417366,0.8823674596468892,0.505871859287736,0.0286112183128944,0.0164383561643835,0.1402655431252952,0.3285722110879393,5.475938243433736,23.39130434782609,4.108829527636616,0.2419102998993343
RAJASTHAN|BUNDI,RAJASTHAN,BUNDI,"output low, input high",-0.4864281225509287,-0.0877108001207463,0.1883776626081168,-0.5548389663375416,0.0135168641676131,0.0307652821218857,0.1324608341433815,0.6755140968242194,7.044577016166401,29.52173913043478,5.110164859051621,0.241479403028841
RAJASTHAN|CHITTORGARH,RAJASTHAN,CHITTORGARH,"output low, input high",-0.5836299332400574,0.027424949785608,0.2914133690797368,-0.5388062009437776,0.0123203285420944,0.0108533005873749,0.1547584863249063,0.6243873073422177,7.351874213917456,31.73913043478261,5.256974948567167,0.2371458528200642
RAJASTHAN|CHURU,RAJASTHAN,CHURU,"output low, input high",-0.3327798364911188,-0.059191583388564,0.7323557990560465,0.5648140820234976,0.0343406593406593,0.0123626373626373,0.0963816821247123,0.214938546802279,5.243065509406645,19.52173913043478,4.34665327624486,0.2721171536142558
RAJASTHAN|DAUSA,RAJASTHAN,DAUSA,"output low, input high",-0.3771127485316639,0.0467560636981387,-0.1439509467258796,-0.4297453006611218,0.0029585798816568,0.014792899408284,0.1404185924632265,0.631278515938023,5.347116076923711,25.65217391304348,4.083347516145835,0.2188903581206661
RAJASTHAN|DHOLPUR,RAJASTHAN,DHOLPUR,"output low, input high",-0.3238127889543629,-0.1621594090673203,0.4180815170684993,0.0442753401701604,0.0169779286926994,0.0780984719864176,0.1213672065973747,0.7208099405423758,4.114468933465772,27.13043478260869,3.385484585961008,0.1568269327715319
RAJASTHAN|DUNGARPUR,RAJASTHAN,DUNGARPUR,"output high, input high",-0.1397154548541218,0.5746715830002425,1.0272758298174791,0.6432230099540159,0.0276034885133489,0.0350407308856095,0.2399202215374411,0.3539031191140734,5.720813574266916,27.695652173913043,4.008850361830902,0.2122903177180552
RAJASTHAN|GANGANAGAR,RAJASTHAN,GANGANAGAR,"output low, input low",-0.3550329190241224,-0.3829468142639994,-0.4428169955829084,-0.4059545037019697,0.0587557603686636,0.0038402457757296,0.0827742624896857,0.6898256647016507,5.877531375359621,27.52173913043478,4.78475754886842,0.217691966835121
RAJASTHAN|HANUMANGARH,RAJASTHAN,HANUMANGARH,"output low, input low",-0.4794625916703737,-0.2824170966971867,-0.3814210372806492,-0.6366915954790867,0.033935413245758,0.0108606790449664,0.1039093927833354,0.5619916170837631,6.854240324776224,25.47826086956522,5.428116083259347,0.2719555339766791
RAJASTHAN|JAIPUR,RAJASTHAN,JAIPUR,"output low, input high",-0.2201008779071498,-0.0021886674841754,-0.0863728358488098,-0.2942971779602906,0.0298501473870544,0.0646418842288532,0.1453991387196248,0.5450268464874989,8.05822203484381,28.782608695652176,5.932949097820132,0.2870403916942973
RAJASTHAN|JAISALMER,RAJASTHAN,JAISALMER,"output low, input low",-0.5024166321205418,-0.424486086038931,-0.0829546864301179,-0.2111202050309535,0.0150367224232816,0.0506494443244372,0.058951333788472,0.3059588334764997,3.769071285388597,18.695652173913043,2.7088463949385115,0.2047250006667225
RAJASTHAN|JALORE,RAJASTHAN,JALORE,"output low, input high",-0.3453026626658524,-0.0851028530135635,0.3599457202841976,0.2928918607364088,0.0157912485264381,0.0059055118110236,0.1551799332175499,0.4962141342224914,5.596079197443453,25.95652173913044,3.752861122401855,0.2174208296147966
RAJASTHAN|JHALAWAR,RAJASTHAN,JHALAWAR,"output low, input low",-0.5618631502113854,-0.3766670203221682,0.0480293178096045,-0.5837623777916063,0.0084348641049671,0.058567527140856,0.0901195458626396,0.7249950078243564,6.100615550609878,29.26086956521739,4.2412880565724524,0.2112993899044107
RAJASTHAN|JHUNJHUNU,RAJASTHAN,JHUNJHUNU,"output low, input high",-0.4298002475764211,-0.1121505762369795,0.1515999693357659,0.0610920870682785,0.0238070520851977,0.0037162556213631,0.119274416749754,0.5132612218426189,5.8976435039931925,23.565217391304348,4.388290065905387,0.2562019478371489
RAJASTHAN|JODHPUR,RAJASTHAN,JODHPUR,"output low, input high",-0.2279119302060558,0.0706027517924749,0.7373823607181937,0.1794497190523004,0.0055624859884089,0.0242889400821132,0.1501408205452898,0.2717171679965081,6.966714029718551,22.782608695652176,4.747774591275011,0.3050772547203709
RAJASTHAN|KARAULI,RAJASTHAN,KARAULI,"output low, input high",-0.4206880387602299,0.0190698374831567,-0.0478589063399332,-0.0066269740426036,0.0134573159780724,0.048261723076704,0.1404569563392951,0.5898152641756925,4.389633541877373,28.47826086956522,3.534436190402072,0.170708203845489
RAJASTHAN|KOTA,RAJASTHAN,KOTA,"output low, input high",-0.4790253182947651,0.0990936556051684,0.244779782231848,-0.7400227027067233,0.0099857346647646,0.0667123740828956,0.1219363122674837,0.7392675164106022,5.965562410029593,27.95652173913044,4.5284888811954485,0.2164705454434301
RAJASTHAN|NAGAUR,RAJASTHAN,NAGAUR,"output low, input high",-0.4188171141587045,-0.2125177954611341,0.2379750871648369,-0.0166856737085956,0.0255431674125398,0.0059105609456897,0.1057550663927829,0.2218834173374785,7.367823165243259,24.91304347826087,5.244049031641245,0.2987764481299531
RAJASTHAN|PALI,RAJASTHAN,PALI,"output low, input high",-0.2152778123157547,-0.0443016147388301,0.3232708504979197,0.2551616714369118,0.0232075501906066,0.0104666388312984,0.153165542548053,0.3477015452548014,8.579754443110335,28.26086956521739,6.915431626459297,0.310705611999079
RAJASTHAN|PRATAPGARH,RAJASTHAN,PRATAPGARH,"output low, input high",-0.3516609718494879,0.1739897160621962,0.6665432958901982,-0.1653721733109879,0.0187133168675407,0.0548453194586931,0.193487237892105,0.585793755572428,4.823447757077015,25.785714285714285,3.4411249286754857,0.2994125643356043
RAJASTHAN|RAJSAMAND,RAJASTHAN,RAJSAMAND,"output low, input high",-0.2574313546361289,0.2659387927794057,0.3540885863162507,0.1136200020342189,0.0424739527519604,0.0238371389095271,0.1553234483496413,0.4410490059870525,5.01060437075212,29.17391304347826,2.995681610089709,0.1772716415795349
RAJASTHAN|SAWAI MADHOPUR,RAJASTHAN,SAWAI MADHOPUR,"output low, input high",-0.3287289474341622,-0.0399006652158784,0.0797186569166698,-0.1925863391607382,0.0127753727753727,0.0585489358335311,0.1763939445006415,0.671533536507038,5.467785461555621,29.52173913043478,3.9547590440749048,0.1877310666305205
RAJASTHAN|SIKAR,RAJASTHAN,SIKAR,"output low, input high",-0.2999496479239899,0.0822389523816301,0.3250893047749026,0.1325820794003656,0.0217195351165331,0.013519250208074,0.1694675122612203,0.545256992815742,6.548498839957346,25.08695652173913,4.525051987270214,0.265071746252805
RAJASTHAN|SIROHI,RAJASTHAN,SIROHI,"output low, input high",-0.4232440253880028,0.1399195428659412,0.5393713380518603,0.155147301151297,0.005335602370889,0.0268456375838926,0.1788642797196875,0.5892642392676121,10.354517004858574,27.95652173913044,8.205750399232222,0.3762430519709492
RAJASTHAN|TONK,RAJASTHAN,TONK,"output low, input high",-0.4582259762013447,0.0058629702115195,0.3359265456221609,-0.3818089883436449,0.0180348409551031,0.0390860415365972,0.1665592463802756,0.6089682691601144,7.611057587249394,30.26086956521739,5.461655028096318,0.2575963391437842
RAJASTHAN|UDAIPUR,RAJASTHAN,UDAIPUR,"output high, input high",0.0557714533696066,0.4722293609322646,0.9430872485498976,0.5828370413853395,0.0492641255396129,0.0518524282342639,0.197414847492158,0.5109340190542859,5.086573443202182,31.869565217391305,2.9034612419129253,0.1654245691883274
SIKKIM|GANGTOK,SIKKIM,GANGTOK,"output low, input high",-0.482523378107183,0.1068645068221164,0.063884808382692,0.1740206920143689,0.0,0.0744680851063829,0.0212765957446808,0.4678600045919419,5.307954364391226,9.521739130434783,3.80525124514338,0.5585990827675676
SIKKIM|GYALSHING,SIKKIM,GYALSHING,"output high, input high",-0.0888434076996595,-0.0083039620768112,-0.1356937199462358,-0.026536616506305,0.0298507462686567,0.1791044776119403,0.0149253731343283,0.3705499557081604,4.345561670553705,9.347826086956522,2.841554728797764,0.4626486922072058
SIKKIM|MANGAN,SIKKIM,MANGAN,"output low, input high",-0.3700021629185517,0.9566764356384888,0.8185485431827239,-0.6712206194117785,0.0,0.125,0.0416666666666666,0.5209393555821534,5.371382957565242,9.130434782608695,3.96169452119872,0.5871606578235838
SIKKIM|NAMCHI,SIKKIM,NAMCHI,"output low, input high",-0.2505663642232781,0.0158735854021323,-0.2710292396607751,0.1367716732942019,0.0104166666666666,0.1354166666666666,0.0208333333333333,0.2151812533157862,4.603273675589783,9.565217391304348,2.9084602148865657,0.4806266232495818
TAMIL NADU|ARIYALUR,TAMIL NADU,ARIYALUR,"output high, input high",0.2609499176317858,0.4266287964981743,1.0758897171343589,0.7846010591925243,0.0149253731343283,0.3358208955223881,0.3582089552238806,0.4089707310891209,6.81603793932928,22.75,5.351829744531838,0.312149104421773
TAMIL NADU|COIMBATORE,TAMIL NADU,COIMBATORE,"output high, input high",0.7290071261826806,0.7308133024217971,0.8346016183963983,0.8202477904466101,0.0454545454545454,0.4454545454545454,0.3272727272727272,0.6519818696177386,6.54473042739741,28.454545454545453,3.942081240026894,0.2540927954757548
TAMIL NADU|CUDDALORE,TAMIL NADU,CUDDALORE,"output low, input high",-0.4700045157529338,-0.0649183946822506,0.0340358836551106,0.1035295903430154,0.0016501650165016,0.1039603960396039,0.1831683168316831,0.5413227454251794,6.599820596989747,24.09090909090909,4.309129550669115,0.2805732666942904
TAMIL NADU|DHARMAPURI,TAMIL NADU,DHARMAPURI,"output high, input high",0.1853257946294232,0.7304033491533892,1.569372850309549,0.7805416881682334,0.0136239782016348,0.2938578237756087,0.2970027247956403,0.423441235041004,12.72270949515815,27.77272727272728,10.228166976545737,0.4680095221772987
TAMIL NADU|DINDIGUL,TAMIL NADU,DINDIGUL,"output high, input high",0.6100624749858624,0.7925911795704399,0.6912767816947065,0.3341287121881615,0.1212121212121212,0.2164502164502164,0.3203463203463203,0.4589698899094823,9.888596418184198,30.863636363636363,6.637840487775904,0.3324388946438565
TAMIL NADU|ERODE,TAMIL NADU,ERODE,"output high, input high",-0.0383428641664136,0.3077516108830181,0.3719531181559357,0.3944637256307679,0.0118343195266272,0.2426035502958579,0.3076923076923077,0.5318824101919373,11.038091591285635,29.77272727272728,8.143481656808211,0.3807633296935439
TAMIL NADU|KANCHIPURAM,TAMIL NADU,KANCHIPURAM,"output low, input high",-0.4091288495830813,-0.0344108326768495,-0.2273716697155815,-0.2117350162952501,0.0043988269794721,0.1129032258064516,0.1451612903225806,0.5265292405812485,2.428860139734527,21.045454545454547,1.689429767163851,0.1193243585537906
TAMIL NADU|KANNIYAKUMARI,TAMIL NADU,KANNIYAKUMARI,"output high, input high",1.3893218075933251,0.2319499031012928,-0.9219210221268554,0.9596489135622004,0.2,0.0,0.2666666666666666,0.4592386186384061,3.523150584904116,12.954545454545457,2.756319887216547,0.2708745085802313
TAMIL NADU|KARUR,TAMIL NADU,KARUR,"output high, input high",0.6306472775892411,0.6281892070934516,0.7313685156418698,0.81039967819756,0.016,0.48,0.4704227740763174,0.3694842450642616,9.474648752488696,24.863636363636363,6.572629211131622,0.3914621564726642
TAMIL NADU|KRISHNAGIRI,TAMIL NADU,KRISHNAGIRI,"output low, input high",-0.1658725086038271,0.0197287169959102,0.0627927100365683,0.025769797761535,0.0326086956521739,0.1478260869565217,0.2434782608695652,0.4048330187810496,7.624090505452343,24.68421052631579,5.273179972789639,0.3586658988217991
TAMIL NADU|MADURAI,TAMIL NADU,MADURAI,"output low, input high",-0.2534759296954718,0.0901996920432896,0.7435195204903954,-0.1037421996777709,0.0144927536231884,0.153267136086045,0.2115942028985507,0.4446688460460088,7.495687001467206,25.63636363636364,4.471077304845078,0.2953361770606806
TAMIL NADU|NAGAPATTINAM,TAMIL NADU,NAGAPATTINAM,"output low, input high",-0.2077896510241011,0.297179430703491,0.2088226596477645,0.3309277551962739,0.019271948608137,0.1430161558641215,0.2767752987381215,0.6717830350264062,2.929350195956028,16.0,2.1068485865248108,0.1950844277792047
TAMIL NADU|NAMAKKAL,TAMIL NADU,NAMAKKAL,"output high, input high",-0.0992714936651724,0.1622081855189411,0.8050611894741599,1.0107432450292049,0.0082987551867219,0.2282157676348547,0.3402489626556016,0.4557378728106902,8.907614047873086,27.90909090909091,5.796774269953288,0.3318236178824627
TAMIL NADU|PERAMBALUR,TAMIL NADU,PERAMBALUR,"output high, input high",0.2590745692527774,1.0814715565733006,0.5380674544196645,0.3679578124435712,0.0,0.3809523809523809,0.4380952380952381,0.2704964868581609,6.90613187423815,25.545454545454547,5.025206227316992,0.27836695037202
TAMIL NADU|PUDUKKOTTAI,TAMIL NADU,PUDUKKOTTAI,"output low, input high",-0.3467774930376674,-0.1654094589518295,-0.2331607665292692,-0.3042778545949953,0.003338898163606,0.1502504173622704,0.1686143572621035,0.4971161105773249,3.9205618799844975,23.40909090909091,2.404110966439213,0.1703746888630448
TAMIL NADU|RAMANATHAPURAM,TAMIL NADU,RAMANATHAPURAM,"output high, input high",0.2850611469519973,-0.00504484899319,-0.0401356132373539,0.272774224157367,0.0635593220338983,0.2203389830508474,0.2076271186440678,0.4120373842901945,2.892146155778541,21.227272727272727,1.7597569554262371,0.1364962608701452
TAMIL NADU|SALEM,TAMIL NADU,SALEM,"output high, input high",-0.0886044497779686,0.2316937780961546,0.3383317031082455,0.2716267190346259,0.0075757575757575,0.2398989898989899,0.2803030303030303,0.4350959516656043,12.969189665856817,29.5,9.841827140282016,0.4565299790125347
TAMIL NADU|SIVAGANGA,TAMIL NADU,SIVAGANGA,"output high, input high",-0.147278363875043,-0.0457824182685009,0.4206473858522389,0.2099219201060709,0.0042194092827004,0.2236286919831223,0.1687763713080168,0.4851861944985666,2.951727842344936,22.681818181818183,1.77910546831965,0.1331316333894418
TAMIL NADU|THANJAVUR,TAMIL NADU,THANJAVUR,"output low, input high",-0.2090406651204779,0.3314335142482011,0.5279536850877973,0.5402894157992127,0.0181738600649312,0.1586432914154408,0.24699412541317,0.6312627845986437,3.400369497791958,22.045454545454547,2.110217829543554,0.1587781551146942
TAMIL NADU|THE NILGIRIS,TAMIL NADU,THE NILGIRIS,"output low, input high",-0.591653876431978,0.6815418709407817,-0.377010918202289,1.5709634312129883,0.0,0.0555555555555555,0.5833333333333334,0.4759477024476797,6.148800007027458,15.272727272727272,4.989754124787316,0.396235797415539
TAMIL NADU|THENI,TAMIL NADU,THENI,"output low, input high",-0.427546223268227,0.6625094096798698,0.364880666843915,0.3938228760876731,0.0217391304347826,0.0869565217391304,0.4130434782608695,0.5403740146445966,11.11732686195458,27.045454545454547,8.269058675988749,0.4178476246923869
TAMIL NADU|THIRUVALLUR,TAMIL NADU,THIRUVALLUR,"output low, input low",-0.3062136328452799,-0.3961296061632784,-0.0975209864988379,0.1029253863004717,0.0085653104925053,0.1306209850107066,0.0877944325481798,0.5484341806683956,3.039437631465072,21.13636363636364,1.9166132336744968,0.1503071607357784
TAMIL NADU|THIRUVARUR,TAMIL NADU,THIRUVARUR,"output low, input high",-0.2762361704001571,0.3642395836209857,0.6740437972563769,0.3126307070314624,0.0114942528735632,0.1062698418296135,0.3165322902273862,0.8194307672123322,2.838199563347866,15.090909090909092,2.0939791528231173,0.2051325678720274
TAMIL NADU|TIRUCHIRAPPALLI,TAMIL NADU,TIRUCHIRAPPALLI,"output high, input high",0.2742844487546136,0.2605004438779979,0.1709480129668036,0.6106822883004798,0.0055555555555555,0.3652266411199144,0.3,0.4217246078360104,8.599658461618482,26.681818181818183,5.360322862978055,0.3251513638535451
TAMIL NADU|TIRUNELVELI,TAMIL NADU,TIRUNELVELI,"output low, input high",-0.3100519490359237,0.0636832488039837,0.0251275022224098,0.2299803076258512,0.0444444444444444,0.0518518518518518,0.2925925925925925,0.5030058183266047,6.288999755274674,27.77272727272728,3.557856869736784,0.2301030216320229
TAMIL NADU|TIRUPPUR,TAMIL NADU,TIRUPPUR,"output high, input high",0.3776059289091311,0.1232630642017832,0.921762274046545,0.4604576294977157,0.0454545454545454,0.3164172786136892,0.3583030892975192,0.544033159791103,7.807682740263673,25.666666666666668,5.104174668502157,0.3244750823690093
TAMIL NADU|TIRUVANNAMALAI,TAMIL NADU,TIRUVANNAMALAI,"output low, input high",-0.5877565572733211,0.0511680888453838,0.0191683428244329,-0.0184078749210108,0.0043668122270742,0.0611353711790393,0.1834061135371179,0.507600886218472,5.304278261798753,26.045454545454547,3.551813688997956,0.2136331826056089
TAMIL NADU|TUTICORIN,TAMIL NADU,TUTICORIN,"output high, input high",0.0012182919021053,-0.1392649499776589,-0.0356377185910382,0.190059165799342,0.0887372013651877,0.0599595536208323,0.1653295179911512,0.2083744287698642,10.013715105044064,25.045454545454547,7.920689418925483,0.4040971209500273
TAMIL NADU|VELLORE,TAMIL NADU,VELLORE,"output low, input high",-0.1610625972037328,0.2369348229576134,0.2792489428693441,0.9554776829503302,0.010958904109589,0.1780821917808219,0.1863013698630137,0.5160004485349357,9.072297061833046,26.863636363636363,6.280010412698462,0.3520509035657877
TAMIL NADU|VILLUPURAM,TAMIL NADU,VILLUPURAM,"output low, input high",-0.3731620943955084,0.1931991188368122,0.2612203975049293,0.3728543331164298,0.0182795698924731,0.0946236559139784,0.1903225806451612,0.521042363158082,6.750154536625924,25.90909090909091,4.546243830819487,0.2658070322240128
TAMIL NADU|VIRUDHUNAGAR,TAMIL NADU,VIRUDHUNAGAR,"output low, input high",-0.5921336428029127,-0.1823535892530424,-0.2240598471422332,0.1278604176239648,0.0116279069767441,0.0436046511627907,0.0988372093023255,0.2798375665778844,10.693735190872337,25.90909090909091,7.779513880198891,0.4225972619105025
TELANGANA|ADILABAD,TELANGANA,ADILABAD,"output low, input high",-0.4833653839931135,0.2640438544792362,-0.0710691187845939,0.241232953389976,0.0072727272727272,0.0957575757575757,0.2746334160878499,0.4341326649386433,6.554349606478451,25.95652173913044,4.32597332005075,0.2608535468059797
TELANGANA|MAHABUBNAGAR,TELANGANA,MAHABUBNAGAR,"output low, input high",-0.2687231863450679,0.4643256629676953,0.54412538265545,0.6460935864857947,0.0192616372391653,0.1203852327447833,0.2744783306581059,0.4821474103264517,8.902258332161184,24.65217391304348,7.191538350426539,0.3673258909021137
UTTAR PRADESH|AGRA,UTTAR PRADESH,AGRA,"output low, input high",-0.1707070845014879,-0.2551757123767758,-0.3184661936872518,-0.1203638839816425,0.0134680134680134,0.1604938271604938,0.1054994388327721,0.8807156888101837,4.789346361361647,23.17391304347826,3.911835618625602,0.2081260383909755
UTTAR PRADESH|ALIGARH,UTTAR PRADESH,ALIGARH,"output low, input low",-0.3727411211816362,-0.3465768349596614,-0.5309207293332896,-0.2859925928986105,0.0122377622377622,0.097027972027972,0.0917832167832167,0.936095109717498,5.46475786207746,24.0,3.622806627815736,0.232966379003039
UTTAR PRADESH|ALLAHABAD,UTTAR PRADESH,ALLAHABAD,"output high, input high",0.2432143677427085,-0.2212808549544236,-0.3064485177436675,0.0659431826876606,0.0347432024169184,0.2099697885196374,0.1295317220543806,0.7784124445989766,4.710068194403546,23.869565217391305,3.178663538339465,0.2005126710631549
UTTAR PRADESH|AMBEDKAR NAGAR,UTTAR PRADESH,AMBEDKAR NAGAR,"output high, input high",-0.1353679610610291,-0.2312262646941586,-0.3569148034557146,-0.2561812757178589,0.0134969325153374,0.1141104294478527,0.1319018404907975,0.8813664287886754,3.455447046489695,22.43478260869565,2.586247629330657,0.1551661998435243
UTTAR PRADESH|AMETHI,UTTAR PRADESH,AMETHI,"output high, input low",0.0102874657867918,-0.2680770577557496,-0.4246418629748597,-0.0720617419729879,0.0125628140703517,0.1758793969849246,0.1608040201005025,0.8251601421365231,3.874598650664412,24.8,2.7013160083526984,0.1608402999062839
UTTAR PRADESH|AMROHA,UTTAR PRADESH,AMROHA,"output low, input low",-0.2568491298884209,-0.4141047337818396,-0.2559311746751457,-0.216379601622585,0.008433734939759,0.1746987951807229,0.1204819277108433,0.9313047277569452,3.797090911935471,17.82608695652174,2.973372992692343,0.2150855222561581
UTTAR PRADESH|AURAIYA,UTTAR PRADESH,AURAIYA,"output high, input low",0.0425603490733038,-0.3739430017481595,-0.3700611197634054,-0.2668106827995803,0.0235294117647058,0.2209150326797385,0.1084967320261438,0.8713348791765401,5.924469064308586,23.08695652173913,3.944519011362416,0.261918831697135
UTTAR PRADESH|AZAMGARH,UTTAR PRADESH,AZAMGARH,"output low, input low",-0.2770311057594943,-0.4973939398363959,-0.6028946817877632,0.015084947005386,0.0085421412300683,0.0313211845102505,0.0771640091116173,0.8905053177326415,3.351689121147064,25.95652173913044,2.5617380792522613,0.1312335616908904
UTTAR PRADESH|BAGHPAT,UTTAR PRADESH,BAGHPAT,"output high, input high",0.0620951466302337,-0.2342321807924787,-0.4250656171336433,0.3471044477436336,0.0106007067137809,0.254110639948451,0.1622378484290164,0.9385723636765674,2.7569000353545388,18.47826086956522,2.2819845804466143,0.150740041679313
UTTAR PRADESH|BAHRAICH,UTTAR PRADESH,BAHRAICH,"output high, input high",0.0198204310801671,-0.1886826982437807,-0.2822002826155327,-0.0569686079175109,0.0161883738042678,0.177336276674025,0.1611479028697571,0.7558129320505981,5.073371462089884,26.565217391304348,3.983740656144184,0.1938280404651347
UTTAR PRADESH|BALLIA,UTTAR PRADESH,BALLIA,"output low, input low",-0.1571977598197429,-0.4714195013028941,-0.6122926747490798,-0.0990939969363888,0.0109051254089422,0.153762268266085,0.0997818974918211,0.8365688899144872,4.706539132098774,23.043478260869566,3.2936747242059945,0.2057030141058528
UTTAR PRADESH|BALRAMPUR,UTTAR PRADESH,BALRAMPUR,"output high, input low",-0.1063933491223913,-0.4396318068669509,-0.6364946903442417,-0.0983403171055112,0.0040080160320641,0.1693386773547094,0.1362725450901803,0.606322752730906,5.265809066195268,21.13043478260869,4.066837123569645,0.2517085764937834
UTTAR PRADESH|BANDA,UTTAR PRADESH,BANDA,"output low, input low",-0.5892235302971404,-0.5860042188492957,-0.3255290373550588,0.3943412595488778,0.0121317157712305,0.0363951473136915,0.0571923743500866,0.609036409045095,6.094157431930241,25.217391304347824,4.457395324105233,0.2422846299109866
UTTAR PRADESH|BARABANKI,UTTAR PRADESH,BARABANKI,"output high, input high",-0.0847924389403949,-0.1393649850368247,-0.4023883390509001,-0.187399039874565,0.0133333333333333,0.1966666666666666,0.1605555555555555,0.861965735738362,4.539046373841421,25.73913043478261,3.125629510769484,0.1787861108102944
UTTAR PRADESH|BAREILLY,UTTAR PRADESH,BAREILLY,"output low, input low",-0.1858571283052872,-0.329452209485308,-0.2752511028883619,-0.0163928609722575,0.0137892995035852,0.1748483177054605,0.1042471042471042,0.9215330496712374,4.164578323114107,24.43478260869565,3.264756983555748,0.1716890225606943
UTTAR PRADESH|BASTI,UTTAR PRADESH,BASTI,"output low, input low",-0.2914058022760703,-0.515455299794442,-0.6480454253841963,-0.4191644231072546,0.0057239057239057,0.1292929292929293,0.0885521885521885,0.8311482983059194,3.905297221633354,22.0,3.015957948052733,0.1790439647919419
UTTAR PRADESH|BIJNOR,UTTAR PRADESH,BIJNOR,"output high, input low",-0.1235146276705944,-0.4979631651390438,-0.5693997534389044,-0.2335460330024249,0.0123513266239707,0.2031107044830741,0.0869167429094236,0.9021967342106956,3.017233071195916,20.17391304347826,2.526444089033102,0.1502918306493894
UTTAR PRADESH|BUDAUN,UTTAR PRADESH,BUDAUN,"output low, input low",-0.2857724520570485,-0.5120366899739306,-0.5115878566142689,0.0426157400856017,0.0047425474254742,0.1659891598915989,0.0697831978319783,0.8890189326269408,5.3709466365751295,25.39130434782609,3.6512882846541226,0.213391253689234
UTTAR PRADESH|BULANDSHAHR,UTTAR PRADESH,BULANDSHAHR,"output low, input low",-0.3493782081912524,-0.4140431493534817,-0.5783859783042797,-0.1470575196741598,0.0153846153846153,0.0974358974358974,0.0857197101946698,0.9621621281611776,5.266584788389016,23.565217391304348,3.6138033385684407,0.2279063906730177
UTTAR PRADESH|CHANDAULI,UTTAR PRADESH,CHANDAULI,"output low, input low",-0.2685213809264088,-0.3931459733026691,-0.348833408611631,-0.025071893734967,0.0278770550393137,0.0064331665475339,0.1029306647605432,0.8509348449628481,3.2342504980365683,21.869565217391305,2.4880377037449395,0.1486447692735608
UTTAR PRADESH|CHITRAKOOT,UTTAR PRADESH,CHITRAKOOT,"output low, input high",-0.5950333269610858,-0.2544321407030393,-0.4976465987103631,0.5142586302938067,0.0089820359281437,0.0239520958083832,0.1047904191616766,0.6417803769628992,7.342875541403307,24.0,5.416833117382639,0.3072612351361952
UTTAR PRADESH|DEORIA,UTTAR PRADESH,DEORIA,"output low, input low",-0.2820605484953172,-0.3444079203058567,-0.4935035388479946,-0.1487914671109523,0.0133928571428571,0.0793650793650793,0.1125992063492063,0.8739215576035141,3.2466680062360926,22.82608695652174,2.5095522715778804,0.1439542154790257
UTTAR PRADESH|ETAH,UTTAR PRADESH,ETAH,"output low, input low",-0.3935664421951121,-0.4127990759665639,-0.4942976946227314,0.0206765340908528,0.0152403282532239,0.0703399765533411,0.1008206330597889,0.9513069871084648,6.139819019089145,24.65217391304348,3.77610215644244,0.2511435294233433
UTTAR PRADESH|ETAWAH,UTTAR PRADESH,ETAWAH,"output high, input high",0.0790698144116431,0.0272906041917122,0.0712533901988559,0.2518886501998191,0.0468497576736672,0.1567043618739903,0.1340872374798061,0.8102659496762882,6.056843410877435,22.30434782608696,4.220884473388443,0.2767317994809012
UTTAR PRADESH|FAIZABAD,UTTAR PRADESH,FAIZABAD,"output high, input high",0.1283537291804871,-0.2490407308740038,-0.5247192557049353,0.0143311966743574,0.0125944584382871,0.2367758186397985,0.1956339210747271,0.8672224371543497,4.219370683415486,22.73913043478261,2.991707233293321,0.1883306520989631
UTTAR PRADESH|FARRUKHABAD,UTTAR PRADESH,FARRUKHABAD,"output low, input high",-0.2446763881284878,-0.1792295184756061,-0.2544942192451439,0.3447219411242569,0.0289017341040462,0.0901734104046242,0.1410404624277456,0.9203059216841653,7.414220705420987,24.08695652173913,4.778772738066876,0.3113853027847272
UTTAR PRADESH|FATEHPUR,UTTAR PRADESH,FATEHPUR,"output high, input high",-0.0309913851562191,-0.2376128087896677,-0.240323742885265,-0.1093592895067012,0.0148038490007401,0.2139156180606957,0.1169504071058475,0.7382597308640952,6.765785309058037,26.13043478260869,4.194440413518242,0.2612960778007326
UTTAR PRADESH|FIROZABAD,UTTAR PRADESH,FIROZABAD,"output high, input low",-0.0754458011507949,-0.2957702199750676,-0.3848376474998624,-0.3653517016771133,0.0306859205776173,0.0992779783393501,0.1191335740072202,0.9253978326710316,5.893131167200945,24.47826086956522,4.217111758506115,0.2424494655166307
UTTAR PRADESH|GAUTAM BUDDHA NAGAR,UTTAR PRADESH,GAUTAM BUDDHA NAGAR,"output low, input low",-0.2596145234782028,-0.3540962759760396,-0.6734550890431376,-0.1467794969451852,0.0408163265306122,0.0612244897959183,0.0510204081632653,0.8854349978876285,3.596063958290272,17.130434782608695,2.4168139245710214,0.2108458203933535
UTTAR PRADESH|GHAZIABAD,UTTAR PRADESH,GHAZIABAD,"output low, input low",-0.2334332775859001,-0.3730625406458118,-0.5665592194031415,0.207818507994524,0.0024449877750611,0.1711491442542787,0.1198044009779951,0.9757814913922572,3.820633256505002,17.91304347826087,3.0039683305640104,0.2146756144471682
UTTAR PRADESH|GHAZIPUR,UTTAR PRADESH,GHAZIPUR,"output high, input low",-0.1178257891583836,-0.4463344521468787,-0.5676527226060224,0.0155416654154617,0.0189732142857142,0.117485888301611,0.1001226168971301,0.8501687273059024,4.234407369765878,23.782608695652176,2.9205677968320662,0.180066827726311
UTTAR PRADESH|GONDA,UTTAR PRADESH,GONDA,"output high, input high",-0.0742363951048251,-0.1654834780833323,-0.321095018629067,0.000732966805777,0.0199252801992528,0.0931286142485333,0.1936488169364881,0.791624577524838,5.192390925994714,23.43478260869565,4.014307749327934,0.2230616019602086
UTTAR PRADESH|GORAKHPUR,UTTAR PRADESH,GORAKHPUR,"output high, input low",-0.1106289363269629,-0.3896262089284696,-0.4872714496025048,-0.0033305211989586,0.0139173147769136,0.1473598035202619,0.0922531033773238,0.8409903160598546,3.12625353843806,23.82608695652174,2.398533626918024,0.1327857177950434
UTTAR PRADESH|HAMIRPUR,UTTAR PRADESH,HAMIRPUR,"output low, input low",-0.2055452571994519,-0.6883949635423651,-0.81845707834371,0.5196419473150353,0.0,0.2088607594936709,0.0502984963709777,0.5594689196569269,7.33419025655266,25.13043478260869,5.366212339389635,0.2925840940555266
UTTAR PRADESH|HARDOI,UTTAR PRADESH,HARDOI,"output high, input low",0.0948036708094602,-0.4489133880098348,-0.5624847385076301,-0.1450710754187432,0.0058510638297872,0.2953521403463388,0.0845744680851063,0.8940440177077507,5.497693942775014,25.782608695652176,3.35073218846444,0.2152359340356502
UTTAR PRADESH|HATHRAS,UTTAR PRADESH,HATHRAS,"output low, input low",-0.3415768296314138,-0.4510386413126745,-0.3460167722029502,-0.2123633275514953,0.0138248847926267,0.0814132104454685,0.0675883256528417,0.9016179376358444,5.529955391526157,22.65217391304348,3.973836114207169,0.248854180004749
UTTAR PRADESH|JALAUN,UTTAR PRADESH,JALAUN,"output low, input low",-0.5025049113170595,-0.4505973903582609,-0.3942412145027483,-0.2094851457476342,0.0138004246284501,0.0626326963906581,0.0668789808917197,0.7605861816925942,7.006245169048609,24.0,4.928025720515143,0.2933063679943348
UTTAR PRADESH|JAUNPUR,UTTAR PRADESH,JAUNPUR,"output high, input low",-0.0925285129158152,-0.4167721408050663,-0.343635681132289,-0.1383839504199649,0.0177902621722846,0.0508739076154806,0.0923845193508114,0.8414300316641247,4.75313078070188,24.17391304347826,3.2617631183889246,0.1997336379241343
UTTAR PRADESH|JHANSI,UTTAR PRADESH,JHANSI,"output high, input low",0.0912466376115898,-0.3976630608454461,-0.4770336564094676,0.2271086036809605,0.0180055401662049,0.2645429362880886,0.0554016620498614,0.7283749659185587,7.339975103149454,25.0,5.403987776835743,0.2949501994994004
UTTAR PRADESH|KANNAUJ,UTTAR PRADESH,KANNAUJ,"output high, input low",-0.0256136548157976,-0.2881862276831737,-0.2112132215938976,-0.18816000616147,0.0292825768667642,0.1844802342606149,0.1273792093704246,0.9051648268493768,6.28742217397688,24.0,4.491882865923981,0.2670758934940168
UTTAR PRADESH|KANPUR DEHAT,UTTAR PRADESH,KANPUR DEHAT,"output low, input low",-0.1986403601785683,-0.4109763098923994,-0.3876880701526934,-0.2066580557410473,0.0106157112526539,0.1687898089171974,0.1040339702760085,0.7892274030586774,6.745777973012459,23.61904761904762,4.230183254745666,0.3535156302544654
UTTAR PRADESH|KANPUR NAGAR,UTTAR PRADESH,KANPUR NAGAR,"output high, input high",0.0613318276784013,0.0294610547015669,-0.1270758079631125,0.4075422289838084,0.0319888734353268,0.191933240611961,0.1766342141863699,0.7936465634296147,7.869931410896982,26.347826086956523,4.7408348812116445,0.3007580844831629
UTTAR PRADESH|KASGANJ,UTTAR PRADESH,KASGANJ,"output high, input low",-0.0777173431193116,-0.3245156992730363,-0.4459555693723969,0.2762993040536855,0.0233644859813084,0.1479750778816199,0.1183800623052959,0.8632303369305953,6.731288429968254,24.727272727272727,4.322122646358388,0.2725362773949927
UTTAR PRADESH|KAUSHAMBI,UTTAR PRADESH,KAUSHAMBI,"output high, input high",0.1265401750958314,-0.2070908278166051,0.1365045833029168,-0.0136367766156355,0.0059880239520958,0.2844311377245509,0.1362275449101796,0.8037744238699823,6.120743944053566,25.47826086956522,3.9957179993856817,0.2458527981560194
UTTAR PRADESH|KHERI,UTTAR PRADESH,KHERI,"output high, input low",0.0801136339625397,-0.2941328807569505,-0.3595298167266254,-0.2200707068182327,0.0071386079714455,0.2748364069006543,0.1136228435455086,0.8767755127537341,4.646866096555248,25.60869565217392,3.760313177033687,0.184134798422219
UTTAR PRADESH|KUSHI NAGAR,UTTAR PRADESH,KUSHI NAGAR,"output high, input high",0.2302479738072119,-0.2025164865891168,-0.3368863381197816,0.0306385126661727,0.0150862068965517,0.2460258118025535,0.1419618987613159,0.8140149166149387,4.028255563594899,24.95652173913044,3.345270893937284,0.1634965638649948
UTTAR PRADESH|LALITPUR,UTTAR PRADESH,LALITPUR,"output low, input low",-0.2046849635335154,-0.4520556888481708,-0.4461047041858242,0.3810186424272216,0.0153061224489795,0.1666666666666666,0.0561224489795918,0.8243127140247717,7.110560692498848,23.695652173913043,5.152311062177935,0.3033812219322262
UTTAR PRADESH|LUCKNOW,UTTAR PRADESH,LUCKNOW,"output high, input high",0.2481764142306009,0.0117018832381538,-0.2178803017371963,-0.0791053141118737,0.0158959537572254,0.3092485549132948,0.2052023121387283,0.9033820242828924,4.284376513802732,24.217391304347824,2.8252872210209854,0.1792983031650204
UTTAR PRADESH|MAHARAJGANJ,UTTAR PRADESH,MAHARAJGANJ,"output high, input high",0.1717303294719556,-0.1053606913646615,-0.0086414146486701,0.0854986863685011,0.0207020702070207,0.2655265526552655,0.1750081932988533,0.8568129091793466,3.163891073040615,22.782608695652176,2.5217574464518218,0.1406385494928677
UTTAR PRADESH|MAHOBA,UTTAR PRADESH,MAHOBA,"output low, input low",-0.2118070248276925,-0.5421451136500431,-0.7183727573884816,0.1955990471807875,0.011574074074074,0.1782407407407407,0.0694444444444444,0.5192260721519432,8.112772915874176,24.52173913043478,6.1757019772309,0.3303173162792246
UTTAR PRADESH|MAINPURI,UTTAR PRADESH,MAINPURI,"output low, input high",-0.1825667274738409,-0.231904993185337,-0.2848776348891861,-0.1768202046716669,0.0211706102117061,0.1469489414694894,0.1295143212951432,0.9138811313870624,5.313809440790823,23.47826086956522,3.5358146098235124,0.2302905458271945
UTTAR PRADESH|MATHURA,UTTAR PRADESH,MATHURA,"output high, input low",-0.1226862204874621,-0.4490900147880878,-0.2782014271792838,-0.2777436388476427,0.0127795527156549,0.1549520766773162,0.0814696485623003,0.923039664679134,4.347593732228495,21.43478260869565,2.9437779101681967,0.2043837379578678
UTTAR PRADESH|MAU,UTTAR PRADESH,MAU,"output low, input low",-0.2338175402521164,-0.3709315105989227,-0.5680398557488597,-0.0023901399648651,0.0123626373626373,0.1057692307692307,0.0796703296703296,0.8920752522796563,3.080468611271128,22.39130434782609,2.4317058456477785,0.1392638099511221
UTTAR PRADESH|MEERUT,UTTAR PRADESH,MEERUT,"output low, input low",-0.1655110399625146,-0.265224802181661,-0.2333427172772485,-0.1015424451698447,0.0067796610169491,0.159322033898305,0.1559322033898305,0.9623306427528948,3.214842328252042,19.782608695652176,2.486283130851092,0.1635544731130794
UTTAR PRADESH|MIRZAPUR,UTTAR PRADESH,MIRZAPUR,"output low, input low",-0.318219477171091,-0.4273654899498927,-0.4660870278746339,0.0081563573111184,0.0263929618768328,0.0357771260997067,0.0879765395894428,0.6838065255205512,5.827595435038337,23.52173913043478,3.6787005823112007,0.2486648189743591
UTTAR PRADESH|MORADABAD,UTTAR PRADESH,MORADABAD,"output high, input high",0.0037550329873067,-0.2459215505263048,-0.3690273460059105,0.2193743803202627,0.0153846153846153,0.2388278388278388,0.1428571428571428,0.8995682599108078,4.275510177645334,22.73913043478261,3.344792146175461,0.1895411718454519
UTTAR PRADESH|MUZAFFARNAGAR,UTTAR PRADESH,MUZAFFARNAGAR,"output high, input high",-0.0980265963600668,-0.2198874897080938,-0.357414871706896,-0.005464262622085,0.0099502487562189,0.1828358208955224,0.1517412935323383,0.9624810198633575,2.7557703664201005,21.08695652173913,2.234256901313881,0.131989999364487
UTTAR PRADESH|PILIBHIT,UTTAR PRADESH,PILIBHIT,"output low, input low",-0.2721786239517468,-0.4166957378049324,-0.4636958494718046,-0.0257667603145808,0.0108527131782945,0.1565891472868217,0.1162790697674418,0.9448479311193856,3.365765281655281,22.43478260869565,2.884709110713422,0.1516713379546359
UTTAR PRADESH|PRATAPGARH,UTTAR PRADESH,PRATAPGARH,"output high, input low",0.2127709819118347,-0.3865948700097848,-0.4623602400848965,-0.0964402650879428,0.0097947761194029,0.28125,0.1058768656716417,0.8043527211601901,4.307385369537178,23.347826086956523,2.904687254510346,0.186406509248404
UTTAR PRADESH|RAE BARELI,UTTAR PRADESH,RAE BARELI,"output high, input low",0.3719542717461773,-0.271137557850325,-0.2569987850050448,-0.146641695165274,0.0117647058823529,0.3710158746669902,0.1371104291996787,0.8085916437608868,4.53759628104503,26.347826086956523,2.9811952614392982,0.1742725772969423
UTTAR PRADESH|RAMPUR,UTTAR PRADESH,RAMPUR,"output high, input low",-0.0811849261515541,-0.3551155322008246,-0.2604067920281467,0.0574769442498414,0.0225631768953068,0.1913357400722021,0.1083032490974729,0.9372355060205186,3.311507345256881,22.52173913043478,2.604247991913379,0.1481653015065985
UTTAR PRADESH|SAHARANPUR,UTTAR PRADESH,SAHARANPUR,"output low, input low",-0.4849795160525813,-0.4083205793131583,-0.5202733793733356,-0.4680245845405664,0.0048348106365834,0.0813859790491539,0.1087832393231265,0.9124844246040854,3.7074085173565847,21.13043478260869,3.094169245547755,0.1774942879431286
UTTAR PRADESH|SANT KABEER NAGAR,UTTAR PRADESH,SANT KABEER NAGAR,"output high, input low",-0.1499704236285001,-0.312208856722049,-0.4727594430159147,-0.334026407544406,0.010547132498352,0.1707317073170731,0.086354647330257,0.8555379114805285,3.2294091048263764,22.65217391304348,2.465455690727383,0.1444704315571682
UTTAR PRADESH|SANT RAVIDAS NAGAR,UTTAR PRADESH,SANT RAVIDAS NAGAR,"output low, input low",-0.3140660640557369,-0.5049296814870308,-0.6533729377691805,-0.1791948168110574,0.0065913370998116,0.0301318267419962,0.0932203389830508,0.8193309622425501,4.265109052622243,20.08695652173913,2.954239153714481,0.2152168735185073
UTTAR PRADESH|SHAHJAHANPUR,UTTAR PRADESH,SHAHJAHANPUR,"output low, input low",-0.3161692744243575,-0.5318937562560246,-0.621231177354503,-0.438819523807248,0.007976071784646,0.139581256231306,0.0782652043868394,0.8971571556594243,4.258941175588878,25.347826086956523,3.0122507068881346,0.1695987802345922
UTTAR PRADESH|SHRAVASTI,UTTAR PRADESH,SHRAVASTI,"output high, input high",-0.0486270427233494,-0.0506698692128334,0.0890391358807502,-0.1961588015695382,0.0,0.181159420289855,0.178743961352657,0.7650197239734444,4.430393733386474,22.39130434782609,3.465913316618966,0.1986808725081311
UTTAR PRADESH|SIDDHARTH NAGAR,UTTAR PRADESH,SIDDHARTH NAGAR,"output high, input low",-0.0086180425845129,-0.5653056331795067,-0.6787649190629275,-0.2888968097009275,0.0100612423447069,0.2353455818022747,0.0822397200349956,0.8530279369093972,2.864347656025476,20.0,2.302905872716087,0.1434623168489337
UTTAR PRADESH|SITAPUR,UTTAR PRADESH,SITAPUR,"output high, input low",0.065328585061477,-0.4458815680388666,-0.5777813216828264,-0.1691490864416856,0.0056301429190125,0.2763100909484625,0.0861844954525768,0.8593588858628742,5.7838350417953945,26.82608695652174,4.16447520641364,0.218266328191001
UTTAR PRADESH|SONBHADRA,UTTAR PRADESH,SONBHADRA,"output low, input low",-0.3071347528466338,-0.5359694482948651,-0.5809505455493235,0.0344330385157528,0.0216450216450216,0.0699855699855699,0.0707070707070707,0.3976704561967826,8.706897048222489,24.43478260869565,5.777619473080396,0.3566675944003016
UTTAR PRADESH|SULTANPUR,UTTAR PRADESH,SULTANPUR,"output high, input low",0.0102874657867918,-0.2680770577557496,-0.4246418629748597,-0.0720617419729879,0.0125628140703517,0.1758793969849246,0.1608040201005025,0.8251601421365231,4.768640124209277,25.08695652173913,3.122124451349856,0.1920581589115251
UTTAR PRADESH|UNNAO,UTTAR PRADESH,UNNAO,"output high, input high",0.282682577732835,-0.2160713788831882,-0.1265325879464648,-0.2183217653948147,0.0094530722484807,0.3578663065496286,0.112761647535449,0.8552396386591503,4.881243131559514,26.0,2.996922947699926,0.1892842680310088
UTTAR PRADESH|VARANASI,UTTAR PRADESH,VARANASI,"output high, input low",-0.0819710353117784,-0.313685298361488,-0.2549189132007006,0.1242346914436124,0.0188172043010752,0.0120967741935483,0.1451612903225806,0.9145523589875648,4.8310512843076046,22.565217391304348,3.122088406097243,0.219619447592688
UTTARAKHAND|ALMORA,UTTARAKHAND,ALMORA,"output low, input low",-0.313939856506262,-0.4577675438718176,-0.6253462419772834,-0.170731014550979,0.0132187706543291,0.0251156642432253,0.0442828816920026,0.1352652246650751,5.888679527718489,21.043478260869566,4.41764789376887,0.2806291794285471
UTTARAKHAND|BAGESHWAR,UTTARAKHAND,BAGESHWAR,"output low, input low",-0.7491848243265361,-0.641009803228781,-0.4669259501686469,-0.2040654969766904,0.0015082956259426,0.0,0.028657616892911,0.2296583433264467,5.034623801281515,20.0,3.735437825258318,0.2733182077090536
UTTARAKHAND|CHAMOLI,UTTARAKHAND,CHAMOLI,"output low, input low",-0.6795247694598947,-0.5091997534752997,-0.4083833207279845,-0.3266526395154494,0.0,0.0014367816091954,0.0445402298850574,0.148219574923172,6.429705301670818,20.47826086956522,4.973861744606699,0.3157509497897213
UTTARAKHAND|CHAMPAWAT,UTTARAKHAND,CHAMPAWAT,"output low, input low",-0.4463788923292902,-0.5945312685604242,-0.66643149397127,-0.2929907144795521,0.0239234449760765,0.0119617224880382,0.0334928229665071,0.1591465572193902,7.792379919548837,22.40909090909091,5.386369482630477,0.3670540589749497
UTTARAKHAND|DEHRADUN,UTTARAKHAND,DEHRADUN,"output low, input low",-0.4756313756398273,-0.5652169914296552,-0.678540198015725,-0.1900638461725328,0.0148514851485148,0.0544554455445544,0.0346534653465346,0.3892587597115311,7.09749259776065,26.60869565217392,4.688099392992497,0.2695451231722746
UTTARAKHAND|HARIDWAR,UTTARAKHAND,HARIDWAR,"output high, input high",0.360211580664112,0.3157891247871639,-0.0652236560899423,-0.2305602279813624,0.0131578947368421,0.3026315789473684,0.2072368421052631,0.8945887508359078,3.18215702506412,20.39130434782609,2.573922023398982,0.1565966924120616
UTTARAKHAND|NAINITAL,UTTARAKHAND,NAINITAL,"output low, input low",-0.275546498862434,-0.3087448144158352,-0.4243906385939957,-0.0080366317556627,0.0078563411896745,0.0976430976430976,0.0942760942760942,0.6262580320413036,7.515191442326258,25.0,4.817518524248349,0.303499231587408
UTTARAKHAND|PAURI GARHWAL,UTTARAKHAND,PAURI GARHWAL,"output low, input low",-0.4992772312497532,-0.5942084074131273,-0.6704236381919255,-0.1268651053836554,0.0115511551155115,0.0057755775577557,0.0305280528052805,0.1015598714779716,7.096699465676648,22.217391304347824,5.495265285274378,0.3202330525177871
UTTARAKHAND|PITHORAGARH,UTTARAKHAND,PITHORAGARH,"output low, input low",-0.5844739440608275,-0.6101563937203001,-0.675672308366289,-0.4208258966321253,0.0029556650246305,0.0108374384236453,0.0315270935960591,0.1806455682846006,6.955518035222661,22.08695652173913,4.73102280861472,0.3161334764411305
UTTARAKHAND|RUDRA PRAYAG,UTTARAKHAND,RUDRA PRAYAG,"output low, input low",-0.6058892037492535,-0.6257696290179523,-0.6691448228702613,-0.0856491531866329,0.0069930069930069,0.0034965034965034,0.0139860139860139,0.1378963019435971,5.2206542440605626,19.45,4.156665091164593,0.2694057395030075
UTTARAKHAND|TEHRI GARHWAL,UTTARAKHAND,TEHRI GARHWAL,"output low, input low",-0.6727390611875009,-0.6020450261988081,-0.7262818853660599,-0.1093246171219385,0.0036697247706422,0.0009174311926605,0.0357798165137614,0.1517539946563404,7.3824346325250065,21.347826086956523,5.3336792281217935,0.3457034951972498
UTTARAKHAND|UDAM SINGH NAGAR,UTTARAKHAND,UDAM SINGH NAGAR,"output high, input high",0.1131078609679723,-0.1739202837188162,0.0299667392517045,-0.1786106089970022,0.0232558139534883,0.251937984496124,0.1821705426356589,0.9242609593243656,3.3461618563477287,21.35,2.7808322604057643,0.1566691271484802
UTTARAKHAND|UTTAR KASHI,UTTARAKHAND,UTTAR KASHI,"output low, input low",-0.5823219007747243,-0.5467866631054226,-0.5733099706080805,-0.2239977749393562,0.0038387715930902,0.0095969289827255,0.0510300579179803,0.1905610325567093,8.154094252112374,22.3,5.823338402719188,0.3664327463063762
WEST BENGAL|BANKURA,WEST BENGAL,BANKURA,"output low, input low",-0.4201898188648716,-0.2810641311006513,-0.5628483524790532,-0.093594126187026,0.0036547652516165,0.0681669136957798,0.1894482813547853,0.5357106455912439,2.011727783150456,26.782608695652176,1.4236684546607226,0.0781371735065013
WEST BENGAL|BIRBHUM,WEST BENGAL,BIRBHUM,"output low, input low",-0.3252411115563172,-0.2983017786214424,-0.6152432791949496,0.3266695717123931,0.0063520871143375,0.1179921573119985,0.2309424101780204,0.6211110498637308,2.512801035761823,27.39130434782609,1.6147881132309987,0.0927745665738647
WEST BENGAL|COOCHBEHAR,WEST BENGAL,COOCHBEHAR,"output high, input high",0.2521058168111846,-0.0382693306261484,-0.5497338134124955,0.1056857711126375,0.0153846153846153,0.2352941176470588,0.3294117647058823,0.4924992120324886,3.880740332962328,25.043478260869566,2.3563733667410367,0.1552122720153535
WEST BENGAL|DAKSHIN DINAJPUR,WEST BENGAL,DAKSHIN DINAJPUR,"output high, input high",0.2280521492949817,0.0433351054503447,-0.305882223122724,-0.0158304340582398,0.0051380860629415,0.3082851637764932,0.302504816955684,0.6653574411914774,2.8054958619511536,19.13043478260869,1.858415127828544,0.1541962071791245
WEST BENGAL|DARJEELING,WEST BENGAL,DARJEELING,"output high, input low",0.358844109337514,-0.3573780085622834,-0.68363670136252,0.5169201665662256,0.0324675324675324,0.287117932572478,0.2142857142857142,0.3837479311287757,5.517249933987594,24.13043478260869,3.699917958758771,0.2293981579161687
WEST BENGAL|HOOGHLY,WEST BENGAL,HOOGHLY,"output high, input high",0.3686523231821739,0.2984628423486739,-0.2130921978549978,0.638370610710586,0.0324711062190423,0.1737375670997742,0.4785382642272238,0.7882022507548105,3.1514902890015866,19.30434782608696,2.2274446913661587,0.1658454901502813
WEST BENGAL|HOWRAH,WEST BENGAL,HOWRAH,"output high, input high",0.3168838344185558,0.237503765207496,-0.4706795395197318,0.7374537046120899,0.0093603744149766,0.1388455538221528,0.4024960998439937,0.7037089310126138,2.2180230842834945,18.043478260869566,1.4680842328187087,0.1258891072761299
WEST BENGAL|JALPAIGURI,WEST BENGAL,JALPAIGURI,"output high, input high",0.8708534731986957,0.0462080350049136,-0.3389962807541239,0.6680115964153149,0.0058055152394775,0.4669690880124749,0.3722424684774001,0.4258213591860214,3.786444136144788,27.08695652173913,2.2365223986338973,0.1404814185725749
WEST BENGAL|MALDAH,WEST BENGAL,MALDAH,"output high, input high",0.1674013853879262,0.2395831897257803,0.2229431288735744,0.1581369782403466,0.0089858793324775,0.2116472513510353,0.3331193838254172,0.5976501920117286,4.694236345481555,24.73913043478261,2.750643812742415,0.1919561049468141
WEST BENGAL|MURSHIDABAD,WEST BENGAL,MURSHIDABAD,"output high, input high",0.0236420424168129,0.5262259429819377,0.0697866461402568,0.618673406193469,0.0083752093802345,0.179787828029034,0.5544388609715243,0.7186256932392576,5.398021801594587,24.217391304347824,3.592139889942021,0.2269551024713753
WEST BENGAL|NADIA,WEST BENGAL,NADIA,"output high, input high",0.2756542135820402,0.6240225850845442,0.0717324385905266,1.0154885009710743,0.009700176366843,0.2116402116402116,0.6287477954144621,0.7342731509147996,5.707235519234792,24.565217391304348,3.769255867319892,0.2352748526480304
WEST BENGAL|NORTH 24 PARGANAS,WEST BENGAL,NORTH 24 PARGANAS,"output high, input high",0.4223579724266194,0.2428655769684523,-0.393412419173707,0.8001825623121677,0.0033266799733865,0.2547131969514641,0.4968954990140056,0.6614165947926298,3.6021568928536425,21.73913043478261,2.2040187594840144,0.1679708036146134
WEST BENGAL|PASHCHIM MEDINIPUR,WEST BENGAL,PASHCHIM MEDINIPUR,"output low, input low",-0.2087147450470614,-0.3330324020394103,-0.5637703957360837,-0.3469466392477777,0.0081395976604911,0.1507119270496385,0.2112535583421193,0.6951637871310999,2.428483543443293,26.217391304347824,1.5816207142130003,0.0941194703530255
WEST BENGAL|PURBA BARDHAMAN,WEST BENGAL,PURBA BARDHAMAN,"output high, input high",0.1485226248981724,0.2185559897614283,-0.262405883173959,0.81377889042931,0.0151196976060478,0.1998519804652005,0.4014479485458389,0.776719544411567,2.107640512074665,26.347826086956523,1.4471509239349438,0.081460461741084
WEST BENGAL|PURBA MEDINIPUR,WEST BENGAL,PURBA MEDINIPUR,"output high, input high",0.2175530703375448,0.0197759035092534,-0.3693641689222432,0.559362193480272,0.0068941744226128,0.2531502003423377,0.4015092254629647,0.5976289626919076,1.9291438758313784,16.652173913043477,1.4363667842895256,0.1174084004283942
WEST BENGAL|PURULIA,WEST BENGAL,PURULIA,"output low, input high",-0.1970832824275332,-0.049062150645504,0.1121940168896601,-0.2482681861663103,0.0059390582061899,0.1806633317148955,0.1708703233398687,0.3152613237994405,1.8198073221448217,28.65217391304348,1.288529658205736,0.0639574097606214
WEST BENGAL|SOUTH 24 PARGANAS,WEST BENGAL,SOUTH 24 PARGANAS,"output high, input high",0.3881768598766482,0.770160383858446,1.6355400276378331,0.941358100659986,0.0092783505154639,0.2183256904458159,0.4943298969072165,0.5631218721401592,1.8326727416754245,21.13043478260869,1.304799539892814,0.0878189160762045
WEST BENGAL|UTTAR DINAJPUR,WEST BENGAL,UTTAR DINAJPUR,"output high, input high",0.3879370408404958,0.3962102017450238,-0.2096090984430681,0.2563901350208896,0.03099173553719,0.2431129476584022,0.4600550964187327,0.6548205621959398,4.098582316144532,25.695652173913043,2.650229082710952,0.1626472767122541
