pc11_state_id,pc11_district_id,n_villages,shg_per_1000hh,bpl_share,villages_per_100k_pop,viirs_mean,log_viirs,ec13_count_all,ec13_emp_all,estab_per_1000pop,nonfarm_emp_per_1000pop,idx_output_market,idx_input_supply,idx_postharvest,idx_connectivity,m_mandi_vshare,m_mandi_n,m_regular_market_vshare,m_regular_market_n,m_weekly_haat_vshare,m_weekly_haat_n,m_fpo_vshare,m_fpo_n,m_fert_shop_vshare,m_fert_shop_n,m_seed_centre_vshare,m_seed_centre_n,m_soil_test_vshare,m_soil_test_n,m_custom_hire_vshare,m_custom_hire_n,m_storage_vshare,m_storage_n,m_farmgate_proc_vshare,m_farmgate_proc_n,m_pasture_vshare,m_pasture_n,m_livestock_ext_vshare,m_livestock_ext_n,m_pds_vshare,m_pds_n,m_pucca_road_vshare,m_pucca_road_n,m_public_transport_vshare,m_public_transport_n,m_bank_vshare,m_bank_n,m_atm_vshare,m_atm_n,m_railway_vshare,m_railway_n,m_no_electricity_vshare,m_no_electricity_n,m_vet_vshare,m_vet_n,m_milk_route_vshare,m_milk_route_n,m_csc_vshare,m_csc_n
01,001,90,9.079873755765963,0.6188395241563486,71.87178074315422,0.2669139801429311,0.236584006487183,22204.0,43585.0,177.31566884677736,348.05906263226404,-0.283770665460968,-0.29967382952204347,-0.38920622718039377,-0.2236282695946324,0.011111111111111112,1.0,0.2,18.0,0.0,0.0,0.05555555555555555,5.0,0.17777777777777778,16.0,0.05555555555555555,5.0,0.022222222222222223,2.0,0.022222222222222223,2.0,0.06666666666666667,6.0,0.03333333333333333,3.0,0.4222222222222222,38.0,0.1,9.0,0.5888888888888889,53.0,0.5555555555555556,50.0,0.7666666666666667,69.0,0.06666666666666667,6.0,0.03333333333333333,3.0,0.0,0.0,0.0,0.0,0.1111111111111111,10.0,0.044444444444444446,4.0,0.16666666666666666,15.0
01,002,311,10.972147625258957,0.44230798741655797,78.31169060083448,1.5109298173856107,0.92065312971937,44944.0,91532.0,113.17172419176543,230.4831403239737,0.6346783895391964,0.9864216752454155,-0.1195736279257301,0.5207701270879389,0.006430868167202572,2.0,0.6012861736334405,187.0,0.01607717041800643,5.0,0.05787781350482315,18.0,0.4855305466237942,151.0,0.20257234726688103,63.0,0.16720257234726688,52.0,0.05144694533762058,16.0,0.09967845659163987,31.0,0.05144694533762058,16.0,0.39228295819935693,122.0,0.16720257234726688,52.0,0.7491961414790996,233.0,0.6141479099678456,191.0,0.8745980707395499,272.0,0.09967845659163987,31.0,0.09967845659163987,31.0,0.05144694533762058,16.0,0.0,0.0,0.3279742765273312,102.0,0.10610932475884244,33.0,0.2508038585209003,78.0
01,003,99,21.009398941631783,0.3938077561014138,139.5761959142241,0.019700505776203,0.019508962392826297,7719.0,18508.0,108.82713699615108,260.93699333135953,-0.4963500723752756,-0.603032218344556,-0.06350987655421411,-0.15004723574807227,0.005708358568455054,0.5651274982770503,0.12121212121212122,12.0,0.0,0.0,0.050505050505050504,5.0,0.010101010101010102,1.0,0.050505050505050504,5.0,0.0,0.0,0.030303030303030304,3.0,0.12121212121212122,12.0,0.030303030303030304,3.0,0.5353535353535354,53.0,0.25252525252525254,25.0,0.8528775000174035,84.43487250172295,0.42424242424242425,42.0,0.5656565656565656,56.0,0.3939393939393939,39.0,0.12121212121212122,12.0,0.0,0.0,0.09090909090909091,9.0,0.30303030303030304,30.0,0.0,0.0,0.030303030303030304,3.0
01,004,74,23.424270931326436,0.6211665098777046,97.39661480955013,0.0391827958820134,0.03843463108133837,4569.0,11003.0,60.13582879254521,144.81823685803786,-0.6171841432008484,-0.3789033426340172,0.3933334017541555,-0.7991733337564266,0.0,0.0,0.06756756756756757,5.0,0.013513513513513514,1.0,0.02702702702702703,2.0,0.04054054054054054,3.0,0.10810810810810811,8.0,0.02702702702702703,2.0,0.013513513513513514,1.0,0.1891891891891892,14.0,0.04054054054054054,3.0,0.6351351351351351,47.0,0.1891891891891892,14.0,0.7702702702702703,57.0,0.22972972972972974,17.0,0.6486486486486487,48.0,0.08108108108108109,6.0,0.06756756756756757,5.0,0.0,0.0,0.14864864864864866,11.0,0.21621621621621623,16.0,0.0,0.0,0.05405405405405406,4.0
01,005,91,15.064467448571655,0.48576950570543537,48.742079412095535,0.8080052795673811,0.5922241820804232,12607.0,24703.0,67.52652693937235,132.31599865021934,0.1455018417920201,-0.3438173832601963,-0.24732724950362145,-0.6589250381208509,0.054945054945054944,5.0,0.1978021978021978,18.0,0.054945054945054944,5.0,0.07692307692307693,7.0,0.12087912087912088,11.0,0.08791208791208792,8.0,0.01098901098901099,1.0,0.02197802197802198,2.0,0.07692307692307693,7.0,0.054945054945054944,5.0,0.38461538461538464,35.0,0.12087912087912088,11.0,0.5164835164835165,47.0,0.31868131868131866,29.0,0.6813186813186813,62.0,0.06593406593406594,6.0,0.08791208791208792,8.0,0.0,0.0,0.02197802197802198,2.0,0.12087912087912088,11.0,0.01098901098901099,1.0,0.14285714285714285,13.0
01,006,212,7.6468171017133875,0.4987225527505315,76.39419404125286,0.7530115174344036,0.5613351760455254,15264.0,33107.0,55.003819709702064,119.30106519451691,-0.3484652145859028,0.10555105835683308,-0.19525224204849811,-0.31577443935030525,0.02358490566037736,5.0,0.08962264150943396,19.0,0.03773584905660377,8.0,0.05660377358490566,12.0,0.25,53.0,0.14150943396226415,30.0,0.03773584905660377,8.0,0.05188679245283019,11.0,0.05660377358490566,12.0,0.10377358490566038,22.0,0.25,53.0,0.08018867924528301,17.0,0.6745283018867925,143.0,0.37264150943396224,79.0,0.7264150943396226,154.0,0.1179245283018868,25.0,0.07547169811320754,16.0,0.014150943396226415,3.0,0.0047169811320754715,1.0,0.18867924528301888,40.0,0.1509433962264151,32.0,0.1320754716981132,28.0
01,007,310,10.144338586113996,0.435168043828359,87.4878293140672,1.0117639834226742,0.6990119408948947,20407.0,54178.0,57.59239138103772,152.90050376056556,-0.4616114401775246,-0.07727815060177111,-0.7484539025974007,0.20340344554046597,0.0,0.0,0.14516129032258066,45.0,0.0064516129032258064,2.0,0.025806451612903226,8.0,0.18387096774193548,57.0,0.12258064516129032,38.0,0.012903225806451613,4.0,0.06774193548387097,21.0,0.012903225806451613,4.0,0.025806451612903226,8.0,0.34838709677419355,108.0,0.17096774193548386,53.0,0.5387096774193548,167.0,0.6774193548387096,210.0,0.7032258064516129,218.0,0.0935483870967742,29.0,0.03870967741935484,12.0,0.03225806451612903,10.0,0.025806451612903226,8.0,0.13870967741935483,43.0,0.03225806451612903,10.0,0.11290322580645161,35.0
01,008,269,16.308988444242043,0.5132065805202938,58.584859842800924,0.5921995187130762,0.4651164053943628,44288.0,85022.0,96.45376478505455,185.1673588682015,-0.18240520959998074,-0.04414102341705168,-0.2561640862293809,0.2101775900612643,0.011152416356877323,3.0,0.22676579925650558,61.0,0.01486988847583643,4.0,0.05204460966542751,14.0,0.2862453531598513,77.0,0.07063197026022305,19.0,0.01486988847583643,4.0,0.06691449814126393,18.0,0.07063197026022305,19.0,0.06319702602230483,17.0,0.46096654275092935,124.0,0.1449814126394052,39.0,0.7137546468401487,192.0,0.620817843866171,167.0,0.8698884758364313,234.0,0.11524163568773234,31.0,0.07806691449814127,21.0,0.01486988847583643,4.0,0.0037174721189591076,1.0,0.20446096654275092,55.0,0.01858736059479554,5.0,0.12267657992565056,33.0
01,009,29,12.926697112779626,0.3839306447867482,35.2412200753433,0.2374643146651511,0.21306437841070325,10754.0,21128.0,130.6841657552558,256.7505164661563,1.6340354471630967,0.026335463977246898,-0.709056815997488,0.19758221611555726,0.0,0.0,0.034482758620689655,1.0,0.8620689655172413,25.0,0.9655172413793104,28.0,0.13793103448275862,4.0,0.06896551724137931,2.0,0.10344827586206896,3.0,0.06896551724137931,2.0,0.034482758620689655,1.0,0.0,0.0,0.034482758620689655,1.0,0.13793103448275862,4.0,0.0,0.0,0.8275862068965517,24.0,0.7586206896551724,22.0,0.10344827586206896,3.0,0.10344827586206896,3.0,0.0,0.0,0.0,0.0,0.4482758620689655,13.0,0.034482758620689655,1.0,0.0,0.0
01,010,2,38.03680981595092,0.1901840490797546,35.69516330537212,7.419971946217045,2.1306064964454836,66625.0,156205.0,11890.951276102089,27878.81492057826,-0.8065488781983504,3.748729705233824,-0.9219210221268554,0.03588476121513601,0.0,0.0,0.0,0.0,0.0,0.0,0.0,0.0,0.5,1.0,1.0,2.0,0.5,1.0,0.0,0.0,0.0,0.0,0.0,0.0,1.0,2.0,1.0,2.0,1.0,2.0,0.5,1.0,0.5,1.0,0.5,1.0,0.5,1.0,0.0,0.0,0.0,0.0,0.5,1.0,0.0,0.0,0.0,0.0
01,011,46,26.11202635914333,0.46902800658978583,58.73040192022879,0.5981084857077017,0.46882073346761627,9246.0,20768.0,118.04810785965988,265.1549971911547,1.000423401448833,-0.058636118664161616,0.634792457216218,0.058983431414364185,0.021739130434782608,1.0,0.7391304347826086,34.0,0.0,0.0,0.06521739130434782,3.0,0.2608695652173913,12.0,0.021739130434782608,1.0,0.043478260869565216,2.0,0.08695652173913043,4.0,0.021739130434782608,1.0,0.391304347826087,18.0,0.391304347826087,18.0,0.08695652173913043,4.0,0.8695652173913043,40.0,0.6521739130434783,30.0,0.9130434782608695,42.0,0.043478260869565216,2.0,0.043478260869565216,2.0,0.0,0.0,0.0,0.0,0.30434782608695654,14.0,0.21739130434782608,10.0,0.2391304347826087,11.0
01,012,126,7.977500743665323,0.6144568538900457,58.37873901923719,1.0706530579767948,0.7278640444670474,24266.0,50343.0,112.43003817784202,233.2508617813855,0.029613173888656696,0.17284710183528307,-0.2039004471122633,0.5436282705348167,0.007936507936507936,1.0,0.30952380952380953,39.0,0.031746031746031744,4.0,0.07142857142857142,9.0,0.5158730158730159,65.0,0.023809523809523808,3.0,0.015873015873015872,2.0,0.06349206349206349,8.0,0.05555555555555555,7.0,0.10317460317460317,13.0,0.4365079365079365,55.0,0.19047619047619047,24.0,0.8968253968253969,113.0,0.7380952380952381,93.0,0.8968253968253969,113.0,0.15079365079365079,19.0,0.1349206349206349,17.0,0.023809523809523808,3.0,0.007936507936507936,1.0,0.31746031746031744,40.0,0.09523809523809523,12.0,0.2222222222222222,28.0
01,013,71,12.912105918594744,0.398505603985056,80.88494970323198,0.7244822431299615,0.5449268565194562,8902.0,15945.0,101.413777782841,181.6493694391597,-0.3316576191787161,0.059270879156888334,0.08567055038242272,0.3003446178785997,0.028169014084507043,2.0,0.11267605633802817,8.0,0.014084507042253521,1.0,0.028169014084507043,2.0,0.5352112676056338,38.0,0.028169014084507043,2.0,0.0,0.0,0.014084507042253521,1.0,0.15492957746478872,11.0,0.014084507042253521,1.0,0.6056338028169014,43.0,0.0,0.0,0.8591549295774648,61.0,0.7323943661971831,52.0,0.8450704225352113,60.0,0.18309859154929578,13.0,0.09859154929577464,7.0,0.0,0.0,0.0,0.0,0.19718309859154928,14.0,0.014084507042253521,1.0,0.15492957746478872,11.0
01,014,141,11.554491808690628,0.48039862996739985,46.24103055187522,0.477285460388279,0.39020625527998776,43943.0,84551.0,144.11131954191865,277.2854875313193,0.09019684803553603,0.26476448760601234,-0.4476237005037248,0.45631525648937626,0.0070921985815602835,1.0,0.36879432624113473,52.0,0.0070921985815602835,1.0,0.06382978723404255,9.0,0.574468085106383,81.0,0.03546099290780142,5.0,0.028368794326241134,4.0,0.03546099290780142,5.0,0.014184397163120567,2.0,0.10638297872340426,15.0,0.49645390070921985,70.0,0.02127659574468085,3.0,0.75177304964539,106.0,0.5815602836879432,82.0,0.8297872340425532,117.0,0.09219858156028368,13.0,0.06382978723404255,9.0,0.05673758865248227,8.0,0.0070921985815602835,1.0,0.14184397163120568,20.0,0.0425531914893617,6.0,0.24113475177304963,34.0
01,015,98,9.53683956380025,0.512534706852843,65.13099304826339,0.3194008648607861,0.2771777433019364,20704.0,34434.0,137.59919184400462,228.8490423085614,-0.09341669883636887,0.3013872185945705,-0.3731985011663356,0.2030215710019253,0.0,0.0,0.3163265306122449,31.0,0.0,0.0,0.01020408163265306,1.0,0.6326530612244898,62.0,0.030612244897959183,3.0,0.02040816326530612,2.0,0.030612244897959183,3.0,0.04081632653061224,4.0,0.08163265306122448,8.0,0.6224489795918368,61.0,0.10204081632653061,10.0,0.7857142857142857,77.0,0.7653061224489796,75.0,0.8571428571428571,84.0,0.08163265306122448,8.0,0.07142857142857142,7.0,0.0,0.0,0.0,0.0,0.15306122448979592,15.0,0.030612244897959183,3.0,0.07142857142857142,7.0
01,016,153,28.533214444939812,0.546391241888344,147.40310413595768,0.287494118400909,0.25269778531301607,8785.0,17000.0,84.63635750551558,163.78122681773075,-0.21400660376690203,-0.4344332408704171,-0.5112792078422412,-0.3214479136228535,0.032679738562091505,5.0,0.13725490196078433,21.0,0.026143790849673203,4.0,0.0457516339869281,7.0,0.0915032679738562,14.0,0.06535947712418301,10.0,0.013071895424836602,2.0,0.0196078431372549,3.0,0.058823529411764705,9.0,0.013071895424836602,2.0,0.16339869281045752,25.0,0.10457516339869281,16.0,0.43790849673202614,67.0,0.3790849673202614,58.0,0.7712418300653595,118.0,0.0784313725490196,12.0,0.06535947712418301,10.0,0.013071895424836602,2.0,0.013071895424836602,2.0,0.12418300653594772,19.0,0.006535947712418301,1.0,0.0915032679738562,14.0
01,017,42,0.16732667744994142,0.5271348095264655,39.45662589481991,0.6061242942658125,0.4738240062196289,6162.0,11586.0,57.888506848542924,108.84392086128177,-0.1392636215404862,-0.22279468028458255,-0.7749433559899113,-0.32232486420956596,0.0,0.0,0.23809523809523808,10.0,0.047619047619047616,2.0,0.047619047619047616,2.0,0.08791118805858406,3.6922698984605304,0.14285714285714285,6.0,0.023809523809523808,1.0,0.023809523809523808,1.0,0.023809523809523808,1.0,0.0,0.0,0.394128349720455,16.55339068825911,0.09523809523809523,4.0,0.47619047619047616,20.0,0.21428571428571427,9.0,0.7151926541316319,30.03809147352854,0.06410166424906025,2.6922698984605304,0.11172071186810786,4.69226989846053,0.047619047619047616,2.0,0.047619047619047616,2.0,0.047619047619047616,2.0,0.0,0.0,0.31283045738574816,13.138879210201422
01,018,54,13.00836251876206,0.5805160460295905,90.40834435533827,0.0659616398388183,0.06387733995435056,7718.0,14427.0,129.2169632841668,241.54096000267876,-0.5143095263212182,-0.5204737211999166,-0.44433165695952126,-0.40413212024449613,0.0,0.0,0.12962962962962962,7.0,0.0,0.0,0.037037037037037035,2.0,0.018518518518518517,1.0,0.09259259259259259,5.0,0.0,0.0,0.018518518518518517,1.0,0.05555555555555555,3.0,0.037037037037037035,2.0,0.37037037037037035,20.0,0.05555555555555555,3.0,0.6296296296296297,34.0,0.4444444444444444,24.0,0.5555555555555556,30.0,0.1111111111111111,6.0,0.05555555555555555,3.0,0.018518518518518517,1.0,0.2037037037037037,11.0,0.12962962962962962,7.0,0.0,0.0,0.14814814814814814,8.0
01,019,231,21.51359615594627,0.5282297695751884,76.04788053569312,0.7056025672206349,0.5339184601598286,16704.0,36477.0,54.991506340615494,120.0865168095445,-0.27365266363586166,-0.231424092759297,-0.7048669651517888,0.002743644194779876,0.008658008658008658,2.0,0.19047619047619047,44.0,0.017316017316017316,4.0,0.05627705627705628,13.0,0.12554112554112554,29.0,0.1341991341991342,31.0,0.017316017316017316,4.0,0.012987012987012988,3.0,0.017316017316017316,4.0,0.030303030303030304,7.0,0.4805194805194805,111.0,0.1471861471861472,34.0,0.48484848484848486,112.0,0.5281385281385281,122.0,0.8398268398268398,194.0,0.09956709956709957,23.0,0.05627705627705628,13.0,0.012987012987012988,3.0,0.004329004329004329,1.0,0.1471861471861472,34.0,0.04329004329004329,10.0,0.17316017316017315,40.0
01,020,37,5.645628257093225,0.49276201505500866,109.8868462475127,0.4420088263570739,0.3660371597573907,10506.0,24530.0,312.01924504766714,728.5200914733747,-0.319107179314485,-0.6078136843873543,-0.9219210221268554,-0.6053332548072498,0.0,0.0,0.21621621621621623,8.0,0.0,0.0,0.02702702702702703,1.0,0.02702702702702703,1.0,0.02702702702702703,1.0,0.02702702702702703,1.0,0.0,0.0,0.0,0.0,0.0,0.0,0.6486486486486487,24.0,0.10810810810810811,4.0,0.4864864864864865,18.0,0.35135135135135137,13.0,0.7027027027027027,26.0,0.05405405405405406,2.0,0.0,0.0,0.0,0.0,0.0,0.0,0.02702702702702703,1.0,0.0,0.0,0.08108108108108109,3.0
01,021,240,9.155431682654914,0.2561900440757065,83.04239660356598,3.1745046817845544,1.428995712171125,66717.0,162125.0,230.84748225833798,560.9686895563806,-0.6574740871163711,-0.2433849713277984,-0.8310380248045919,0.07238777748155574,0.004166666666666667,1.0,0.05416666666666667,13.0,0.0,0.0,0.020833333333333332,5.0,0.26060311284046694,62.54474708171206,0.058333333333333334,14.0,0.0125,3.0,0.004166666666666667,1.0,0.0,0.0,0.025,6.0,0.15,36.0,0.09583333333333334,23.0,0.6625,159.0,0.5666666666666667,136.0,0.8208333333333333,197.0,0.07916666666666666,19.0,0.05,12.0,0.020833333333333332,5.0,0.008333333333333333,2.0,0.12310311284046693,29.544747081712064,0.0375,9.0,0.09583333333333334,23.0
01,022,132,13.563433864475932,0.2256712797044715,151.7607698409961,3.0161774192610777,1.3903305595164626,13743.0,54494.0,158.0036560549098,626.5190448269122,-0.3817934950489874,-0.6029407982406444,-0.8943807199079877,-0.7018061041927769,0.007575757575757576,1.0,0.16666666666666666,22.0,0.0,0.0,0.0,0.0,0.07575757575757576,10.0,0.015151515151515152,2.0,0.015151515151515152,2.0,0.0,0.0,0.0,0.0,0.007575757575757576,1.0,0.1893939393939394,25.0,0.07575757575757576,10.0,0.21212121212121213,28.0,0.38636363636363635,51.0,0.5075757575757576,67.0,0.030303030303030304,4.0,0.015151515151515152,2.0,0.015151515151515152,2.0,0.0,0.0,0.022727272727272728,3.0,0.0,0.0,0.10606060606060606,14.0
02,023,956,17.951148501108722,0.32525348274286103,180.56439594976683,0.0959801423188762,0.09164907003949176,20083.0,41928.0,37.9317443918323,79.19146436591866,-0.500404382357413,-0.4894558780563551,-0.2002167514462439,-0.6555569402372011,0.013598326359832637,13.0,0.08786610878661087,84.0,0.007322175732217573,7.0,0.13284518828451883,127.0,0.04811715481171548,46.0,0.04497907949790795,43.0,0.02405857740585774,23.0,0.028242677824267783,27.0,0.0596234309623431,57.0,0.09728033472803348,93.0,0.2928870292887029,280.0,0.13807531380753138,132.0,0.4686192468619247,448.0,0.28870292887029286,276.0,0.645397489539749,617.0,0.06799163179916318,65.0,0.0502092050209205,48.0,0.009414225941422594,9.0,0.036610878661087864,35.0,0.2186192468619247,209.0,0.009414225941422594,9.0,0.18828451882845187,180.0
02,024,2845,10.92091575932257,0.13647269920090133,203.17495684763878,0.3594741049956571,0.3070979374618757,87138.0,168812.0,62.22938274091229,120.55666367438874,-0.34940352565305033,-0.4320364862379042,-0.3444369710537326,-0.026272881826327657,0.01687170474516696,48.0,0.1359774818880643,386.8559359715429,0.015114235500878734,43.0,0.12714980959429242,361.74120829576196,0.11327876503053969,322.2780865118854,0.04534270650263621,129.0,0.01054481546572935,30.0,0.03163444639718805,90.0,0.04780316344463972,136.0,0.07768014059753954,221.0,0.26493539834648927,753.7412082957619,0.09420035149384885,268.0,0.4395772036088945,1250.5971442673049,0.45729349736379615,1301.0,0.8952548330404217,2547.0,0.07943760984182777,226.0,0.06045694200351494,172.0,0.01616871704745167,46.0,0.012302284710017574,35.0,0.1985433869847251,564.8559359715429,0.008084358523725835,23.0,0.24428822495606328,695.0
02,025,253,26.23119454802623,0.1782178217821782,622.677266126849,0.006275563606786,0.00625595425455856,2529.0,9261.0,62.243114863035615,227.92941350200587,-0.6302736040889501,-0.6188989219101219,-0.6979876798035578,-0.5118179725013141,0.019762845849802372,5.0,0.011857707509881422,3.0,0.007905138339920948,2.0,0.03162055335968379,8.0,0.02766798418972332,7.0,0.043478260869565216,11.0,0.003952569169960474,1.0,0.011857707509881422,3.0,0.03162055335968379,8.0,0.007905138339920948,2.0,0.31225296442687744,79.0,0.015810276679841896,4.0,0.28063241106719367,71.0,0.308300395256917,78.0,0.8023715415019763,203.0,0.04743083003952569,12.0,0.03557312252964427,9.0,0.003952569169960474,1.0,0.007905138339920948,2.0,0.18972332015810275,48.0,0.0,0.0,0.007905138339920948,2.0
02,026,133,15.0080720706356,0.13092699260558469,65.55405498654417,0.1417547736863968,0.13256635410019693,32530.0,63576.0,160.33634651972042,313.35824058831065,-0.4469135758752352,-0.11705850677042792,-0.12658999362379547,-0.18850070609330943,0.0023360610723982397,0.3106961226289659,0.14318180252207438,19.043179735435892,0.0079273802678058,1.0543415756181713,0.15226482017762624,20.25122108362429,0.15893829718079508,21.138793525045745,0.12417381402282487,16.51511726503571,0.027765393392658894,3.692797321223633,0.040692026976232164,5.412039587838878,0.0879020384789939,11.690971117706189,0.06951418429385761,9.245386511083062,0.4395532380649512,58.46058066263851,0.19236813674690767,25.58496218733872,0.8333029412144519,110.82929118152211,0.33850444917243183,45.02109173993343,0.8671104300656589,115.32568719873264,0.1991450763191491,26.486295150446832,0.14431582929442816,19.194005296158945,0.0,0.0,0.015070142889691763,2.0043290043290045,0.49906760648312865,66.37599166225611,0.08967252183212392,11.926445403672481,0.33131578099849024,44.0649988727992
02,027,2153,22.067834566181464,0.13278611921744268,231.7119238547049,0.2623529385654507,0.23297739107796084,53956.0,106510.0,58.06896685324875,114.62906181962201,-0.579770065959878,-0.5149170383356996,-0.35102575153289084,-0.678244987131067,0.006502554575011612,14.0,0.06781235485369252,146.0,0.011611704598235021,25.0,0.08221086855550395,177.0,0.06038086391082211,130.0,0.037621922898281465,81.0,0.008824895494658615,19.0,0.03901532745006967,84.0,0.04598235020901068,99.0,0.07895959126799815,170.0,0.26474686483975846,570.0,0.09382257315373897,202.0,0.3525313516024152,759.0,0.2573153738968881,554.0,0.7412912215513238,1596.0,0.04505341384115188,97.0,0.025081281932187643,54.0,0.0023223409196470044,5.0,0.02229447282861124,48.0,0.15141662796098468,326.0,0.05155596841616349,111.0,0.1114723641430562,240.0
02,028,1359,14.860928877846328,0.13401822022463544,265.0998659870435,0.3833576835510786,0.32451364798661864,28380.0,55727.0,55.36081086616846,108.70655063914622,-0.44520902116013356,-0.305161553320105,-0.28100884046265173,-0.2622045342803511,0.014716703458425313,20.0,0.1108846588947761,150.6922514380007,0.005886681383370125,8.0,0.13275736115632725,180.41725381144872,0.11894012914969022,161.63963551442902,0.05277223849813032,71.71747211895911,0.03569216758392411,48.50565574655286,0.042678440029433405,58.0,0.05497974401689412,74.71747211895911,0.08294148058790221,112.71747211895911,0.1896077344458761,257.6769111119456,0.08153379901050796,110.80443285528031,0.3789194186206944,514.9514899055237,0.32240777026623096,438.1521597918079,0.9006497119506305,1223.9829585409068,0.09060020475073848,123.1256782562536,0.06967788921118523,94.69225143800072,0.008094186902133923,11.0,0.012509197939661517,17.0,0.15524476026773762,210.97762920385543,0.025754231052244298,35.0,0.18118459283774463,246.22986166649497
02,029,455,11.899800898272908,0.1343396459384791,151.68537452952532,0.8522511849821368,0.6164017560672316,25444.0,67652.0,84.82379493470862,225.53448258618562,-0.21434911538609716,-0.32543231908595593,-0.27805874594423247,0.18860935162972495,0.013186813186813187,6.0,0.22216391446395928,101.08458108110148,0.002197802197802198,1.0,0.11235916718729845,51.12342107022079,0.14839216115855916,67.51843332714442,0.05388427581232044,24.517345494605802,0.01770631485065459,8.056373257047838,0.03894122203636234,17.718256026544864,0.03578004210447995,16.279919157538377,0.11635560863084703,52.9418019270354,0.29655404575968053,134.93209082065465,0.19998050428507289,90.99112944970817,0.5384615384615384,245.0,0.5209825766446802,237.04707237332946,0.8256679583196878,375.6789210354579,0.09879213599698511,44.95042187862823,0.07441351494408953,33.858149299560736,0.036240548661692885,16.489449641070262,0.004395604395604396,2.0,0.2626799795865296,119.51939071187097,0.03205856803602289,14.586648456390416,0.33519583382867163,152.5141043920456
02,030,732,17.124113646230285,0.1591336645603203,207.4218484347018,0.7741623384292349,0.5733283895254415,23300.0,47844.0,66.02362115476163,135.57228028018952,-0.5822797112013496,-0.3592588863894948,-0.2815565262552546,-0.2544926870441036,0.00273224043715847,2.0,0.08333333333333333,61.0,0.006830601092896175,5.0,0.09153005464480875,67.0,0.11885245901639344,87.0,0.03825136612021858,28.0,0.017759562841530054,13.0,0.060109289617486336,44.0,0.040983606557377046,30.0,0.10655737704918032,78.0,0.31830601092896177,233.0,0.1325136612021858,97.0,0.40027322404371585,293.0,0.40710382513661203,298.0,0.842896174863388,617.0,0.09153005464480875,67.0,0.0546448087431694,40.0,0.004098360655737705,3.0,0.00273224043715847,2.0,0.1598360655737705,117.0,0.01912568306010929,14.0,0.15846994535519127,116.0
02,031,1996,16.386790686060305,0.1287013338327403,439.72506168487837,1.441842687439835,0.8927529540556769,38372.0,171992.0,84.53471977440958,378.90377158970745,-0.4901783100193576,-0.5676208183269287,-0.625761217947347,-0.5791568555583502,0.011523046092184368,23.0,0.07010478564562342,139.92915214866434,0.030561122244488977,61.0,0.10069702724225744,200.99126637554585,0.02701861330093404,53.92915214866434,0.03156312625250501,63.0,0.01753507014028056,35.0,0.02952362332097412,58.92915214866434,0.025573993295907444,51.045690618631255,0.038040657389110395,75.92915214866434,0.33790958557144773,674.4675328006097,0.08864185979392002,176.92915214866434,0.21469858750097462,428.5383806519453,0.2294632933990251,458.0087336244541,0.7685370741482966,1534.0,0.047559695465262695,94.92915214866434,0.050100200400801605,100.0,0.013026052104208416,26.0,0.012525050100200401,25.0,0.07774914903064793,155.18730146517328,0.0195035832408138,38.92915214866434,0.11983331736732128,239.18730146517328
02,032,766,18.78134257556102,0.11134238193893159,163.66926842401023,0.4035032124691849,0.3389714057157805,23115.0,76851.0,49.38923158774147,164.2055737291594,-0.44855558483178387,-0.5234567493846564,-0.4077627225130928,-0.4242508015704595,0.03263707571801567,25.0,0.03655352480417755,28.0,0.02349869451697128,18.0,0.10574412532637076,81.0,0.06096688895910595,46.70063694267516,0.037859007832898174,29.0,0.015665796344647518,12.0,0.02349869451697128,18.0,0.04177545691906005,32.0,0.07049608355091384,54.0,0.27023498694516973,207.0,0.06005221932114883,46.0,0.42297650130548303,324.0,0.29686904522026136,227.4016886387202,0.8381201044386423,642.0,0.08485639686684072,65.0,0.07441253263707572,57.0,0.0039164490861618795,3.0,0.015665796344647518,12.0,0.21148825065274152,162.0,0.031331592689295036,24.0,0.23459613177894928,179.70063694267515
02,033,2071,21.563729942476538,0.17347108689070542,352.5874573524104,0.2203941300340513,0.19917386397831785,40637.0,110113.0,69.18443507691889,187.46722690220167,-0.6071298174241074,-0.6420259423839497,-0.6099921851534095,-0.7401616734236172,0.00552489707462142,11.44206184154096,0.05411250272488117,112.0669931432289,0.01520592037690452,31.49146110056926,0.06657856430349676,137.8842066725418,0.03451332799695015,71.47710228168376,0.02143067272635779,44.38292321628698,0.009439961148656308,19.550159538867213,0.011524278696582506,23.866781180622368,0.0273411393885176,56.62349967361995,0.03937763201134887,81.5510758955035,0.22623270188420805,468.52792560219484,0.04215288032216477,87.29861514720324,0.2254254827019518,466.8561746757422,0.19314983067268443,400.01329932312944,0.7407116546022983,1534.0138366813596,0.04667530532275109,96.66455732341751,0.029329386813119203,60.74116008996987,0.004979446291624223,10.312433269953766,0.025564982747003064,52.94507926904335,0.09701533428274133,200.91875729955729,0.015537569924222555,32.17830731306491,0.09537733183142198,197.52645422287492
02,034,213,17.324400711818278,0.12315502983356014,155.76437895352663,0.053215473723105,0.051847840635303406,6538.0,18332.0,47.81162016892757,134.05974624300705,-0.5705046364364815,-0.39680732654043344,0.4031865770870639,-0.8070782691319358,0.004694835680751174,1.0,0.07981220657276995,17.0,0.009389671361502348,2.0,0.09859154929577464,21.0,0.046948356807511735,10.0,0.07981220657276995,17.0,0.014084507042253521,3.0,0.051643192488262914,11.0,0.14553990610328638,31.0,0.11737089201877934,25.0,0.4694835680751174,100.0,0.11737089201877934,25.0,0.3286384976525822,70.0,0.22065727699530516,47.0,0.596244131455399,127.0,0.1267605633802817,27.0,0.07042253521126761,15.0,0.0,0.0,0.07981220657276995,17.0,0.26291079812206575,56.0,0.03286384976525822,7.0,0.2112676056338028,45.0
03,035,978,4.324824492587452,0.15577414358417316,85.60332399982845,1.8701643674485104,1.0543692990195979,85391.0,171091.0,74.74185521134305,149.75417491262422,-0.2187280243420279,-0.5273621362163728,-0.7038060144879088,-0.11522321115226529,0.065439672801636,64.0,0.04805725971370143,47.0,0.02044989775051125,20.0,0.15030674846625766,147.0,0.06952965235173825,68.0,0.03578732106339468,35.0,0.015337423312883436,15.0,0.018404907975460124,18.0,0.011247443762781187,11.0,0.0408997955010225,40.0,0.02147239263803681,21.0,0.03067484662576687,30.0,0.42433537832310836,415.0,0.41513292433537835,406.0,0.8803680981595092,861.0,0.0705521472392638,69.0,0.050102249488752554,49.0,0.016359918200409,16.0,0.0081799591002045,8.0,0.09304703476482618,91.0,0.06646216768916155,65.0,0.12883435582822086,126.0
03,036,589,1.9584535037804973,0.24988307740275936,113.94853936931709,2.112247512728265,1.1353451380917983,43860.0,117442.0,84.85200232153221,227.20448829560843,-0.30739739763532414,-0.10622232098173964,-0.1975606749886163,0.032194202087534485,0.04983843583985979,29.35483870967742,0.057724957555178265,34.0,0.01697792869269949,10.0,0.19864176570458403,117.0,0.10635850813297552,62.645161290322584,0.08938057944027604,52.645161290322584,0.06451612903225806,38.0,0.0639136864012268,37.645161290322584,0.07070485787830659,41.645161290322584,0.07919382222465633,46.645161290322584,0.07919382222465633,46.645161290322584,0.029464921408620406,17.35483870967742,0.1963415302042828,115.64516129032258,0.23150227285174432,136.3548387096774,0.6598389835149789,388.64516129032256,0.19124815159647296,112.64516129032258,0.14710553699545428,86.64516129032258,0.06960950764006792,41.0,0.02037351443123939,12.0,0.13522098691056464,79.64516129032258,0.18106139438085328,106.64516129032258,0.06342077879401939,37.354838709677416
03,037,860,4.720982731268243,0.16592456971956884,87.10307332053121,3.2401072167126816,1.4445885558846947,129663.0,324320.0,131.32611390651206,328.47986906179864,-0.35893684796361214,-0.32130473768430423,-0.600025850040762,-0.20676699415217592,0.031395348837209305,27.0,0.06744186046511629,58.0,0.03372093023255814,29.0,0.21046511627906977,181.0,0.1127906976744186,97.0,0.0755813953488372,65.0,0.02441860465116279,21.0,0.031395348837209305,27.0,0.030232558139534883,26.0,0.037209302325581395,32.0,0.056976744186046514,49.0,0.0872093023255814,75.0,0.38372093023255816,330.0,0.34069767441860466,293.0,0.7337209302325581,631.0,0.19069767441860466,164.0,0.13372093023255813,115.0,0.01744186046511628,15.0,0.0034883720930232558,3.0,0.12209302325581395,105.0,0.12790697674418605,110.0,0.13604651162790699,117.0
03,038,1273,4.349914602903501,0.11195915172217479,115.16391180959326,1.1854884538565502,0.7818393522400382,77358.0,176549.0,69.9831098960449,159.71778056615773,-0.47674288611211657,-0.4847476929646325,-0.48602399887520153,-0.11230124262083727,0.01178318931657502,15.0,0.08955223880597014,114.0,0.018853102906520033,24.0,0.23095051060487037,294.0,0.06755695208169678,86.0,0.05577376276512176,71.0,0.015710919088766692,20.0,0.018067556952081697,23.0,0.024351924587588374,31.0,0.07855459544383346,100.0,0.09662215239591516,123.0,0.13197172034564023,168.0,0.28515318146111546,363.0,0.4540455616653574,578.0,0.8405341712490181,1070.0,0.12568735271013354,160.0,0.08012568735271014,102.0,0.007069913589945012,9.0,0.002356637863315004,3.0,0.08326787117046347,106.0,0.0589159465828751,75.0,0.20974076983503534,267.0
03,039,314,6.457903738870506,0.06323630492814783,99.29167720718442,1.8853477809675592,1.059645440690425,23863.0,59344.0,75.45851252213508,187.65494561092842,-0.2640056899346195,-0.17145333498043697,0.2886802125019018,-0.29553656351978397,0.01592356687898089,5.0,0.1910828025477707,60.0,0.0031847133757961785,1.0,0.35668789808917195,112.0,0.07961783439490445,25.0,0.07961783439490445,25.0,0.01592356687898089,5.0,0.13694267515923567,43.0,0.05732484076433121,18.0,0.2356687898089172,74.0,0.06050955414012739,19.0,0.20382165605095542,64.0,0.3885350318471338,122.0,0.24203821656050956,76.0,0.7929936305732485,249.0,0.18152866242038215,57.0,0.10509554140127389,33.0,0.01592356687898089,5.0,0.0031847133757961785,1.0,0.1592356687898089,50.0,0.3630573248407643,114.0,0.2802547770700637,88.0
03,040,415,9.46574272136901,0.3998027436564153,102.27796439741027,2.557356907416564,1.2690178273806603,25079.0,74106.0,61.80792937644945,182.6364055333611,-0.13552552841537058,-0.24659891487859767,-0.4710433187981112,-0.5509633514733072,0.05542168674698795,23.0,0.1180722891566265,49.0,0.016867469879518072,7.0,0.22650602409638554,94.0,0.0963855421686747,40.0,0.0891566265060241,37.0,0.024096385542168676,10.0,0.06506024096385542,27.0,0.03614457831325301,15.0,0.06265060240963856,26.0,0.14698795180722893,61.0,0.07228915662650602,30.0,0.46440695001067883,192.7288842544317,0.23132530120481928,96.0,0.7180722891566265,298.0,0.12530120481927712,52.0,0.09156626506024096,38.0,0.00963855421686747,4.0,0.004819277108433735,2.0,0.12771084337349398,53.0,0.5228915662650603,217.0,0.15838285362513663,65.7288842544317
03,041,833,3.120646195227626,0.16653378753835374,66.64597147904452,3.779638490811837,1.5643649141060343,185493.0,627284.0,148.40769732968073,501.87216774623005,1.055578564465251,0.6746074287252593,0.7824576664204193,0.5141342580612228,0.21368547418967587,178.0,0.12364945978391356,103.0,0.07322929171668667,61.0,0.45018007202881155,375.0,0.24489795918367346,204.0,0.21008403361344538,175.0,0.08403361344537816,70.0,0.1872749099639856,156.0,0.1608643457382953,134.0,0.19567827130852342,163.0,0.14765906362545017,123.0,0.1368547418967587,114.0,0.5090036014405762,424.0,0.4549819927971189,379.0,0.8955582232893158,746.0,0.39615846338535415,330.0,0.3457382953181273,288.0,0.021608643457382955,18.0,0.007202881152460984,6.0,0.2689075630252101,224.0,0.4789915966386555,399.0,0.4057623049219688,338.0
03,042,150,1.4756458925872595,0.36137853887255894,33.79002428376412,1.798465954599771,1.0290713936864857,36406.0,85358.0,82.0106416049811,192.2832595209025,0.8106158744700472,0.5525467249218191,-0.16148593842808337,0.8038517915765369,0.08,12.0,0.4066666666666667,61.0,0.06666666666666667,10.0,0.58,87.0,0.28,42.0,0.16,24.0,0.04,6.0,0.22666666666666666,34.0,0.08,12.0,0.07333333333333333,11.0,0.03333333333333333,5.0,0.14,21.0,0.68,102.0,0.3,45.0,0.9666666666666667,145.0,0.43333333333333335,65.0,0.3,45.0,0.06,9.0,0.006666666666666667,1.0,0.4866666666666667,73.0,0.7733333333333333,116.0,0.38,57.0
03,043,542,8.50625643585983,0.3564389802477611,54.64166860735324,1.6407474944829297,0.9710620189307307,77837.0,165775.0,78.47128338358955,167.12587847571925,0.19267434878495182,0.14509357420588997,-0.15857270236189935,0.3848622528310979,0.11070110701107011,60.0,0.0940959409594096,51.0,0.025830258302583026,14.0,0.33210332103321033,180.0,0.23247232472324722,126.0,0.14760147601476015,80.0,0.04797047970479705,26.0,0.06088560885608856,33.0,0.08671586715867159,47.0,0.06273062730627306,34.0,0.11992619926199262,65.0,0.05904059040590406,32.0,0.5571955719557196,302.0,0.36531365313653136,198.0,0.8247232472324724,447.0,0.14022140221402213,76.0,0.11070110701107011,60.0,0.07380073800738007,40.0,0.03874538745387454,21.0,0.21217712177121772,115.0,0.41697416974169743,226.0,0.17158671586715868,93.0
03,044,202,8.279556800194813,0.08110968539557362,32.514933529496034,1.31294089939245,0.8385198314280236,30597.0,71762.0,49.25046639613813,115.51171583879676,0.8423917721029867,0.4232335509756719,-0.17523356492811232,0.7919897445210999,0.19801980198019803,40.0,0.10891089108910891,22.0,0.04455445544554455,9.0,0.30198019801980197,61.0,0.25742574257425743,52.0,0.20297029702970298,41.0,0.054455445544554455,11.0,0.10891089108910891,22.0,0.024752475247524754,5.0,0.16336633663366337,33.0,0.22277227722772278,45.0,0.12871287128712872,26.0,0.5544554455445545,112.0,0.6336633663366337,128.0,0.9356435643564357,189.0,0.27722772277227725,56.0,0.22277227722772278,45.0,0.039603960396039604,8.0,0.07425742574257425,15.0,0.3811881188118812,77.0,0.43564356435643564,88.0,0.35148514851485146,71.0
03,045,100,3.468636640453306,0.11081102549845102,48.914585351059976,1.5485654571161926,0.9355306350340151,26491.0,59877.0,129.579628053493,292.88586270654184,0.6074800834149581,-0.08261332277804834,-0.23533429118190166,-0.06140663793659508,0.1,10.0,0.17,17.0,0.14,14.0,0.46,46.0,0.12,12.0,0.07,7.0,0.05,5.0,0.11,11.0,0.07,7.0,0.07,7.0,0.1,10.0,0.01,1.0,0.41,41.0,0.28,28.0,0.92,92.0,0.23,23.0,0.15,15.0,0.01,1.0,0.0,0.0,0.21,21.0,0.74,74.0,0.23,23.0
03,046,195,5.293240109998742,0.19687438215575967,32.42579896337215,3.331828867270791,1.4659898240349725,46496.0,113340.0,77.31640762056162,188.46872074403075,0.2762532231488049,0.322655477830863,0.24833714972573045,1.045030618162743,0.14358974358974358,28.0,0.03076923076923077,6.0,0.03076923076923077,6.0,0.7487179487179487,146.0,0.3128205128205128,61.0,0.1076923076923077,21.0,0.010256410256410256,2.0,0.19487179487179487,38.0,0.07179487179487179,14.0,0.2,39.0,0.27692307692307694,54.0,0.26666666666666666,52.0,0.5076923076923077,99.0,0.5282051282051282,103.0,0.9897435897435898,193.0,0.3282051282051282,64.0,0.2358974358974359,46.0,0.06666666666666667,13.0,0.005128205128205128,1.0,0.6461538461538462,126.0,0.49743589743589745,97.0,0.3384615384615385,66.0
03,047,226,4.168183472879505,0.17969603203494722,39.41127232142857,1.22954390644233,0.8017970382946349,21979.0,51647.0,38.328334263392854,90.06522042410714,-0.36860007193387406,-0.4859158558331229,-0.5231245354762522,0.08136022681301014,0.035398230088495575,8.0,0.04424778761061947,10.0,0.03982300884955752,9.0,0.2345132743362832,53.0,0.09734513274336283,22.0,0.048672566371681415,11.0,0.004424778761061947,1.0,0.022123893805309734,5.0,0.017699115044247787,4.0,0.07964601769911504,18.0,0.18584070796460178,42.0,0.21238938053097345,48.0,0.7389380530973452,167.0,0.42035398230088494,95.0,0.9646017699115044,218.0,0.168141592920354,38.0,0.10619469026548672,24.0,0.008849557522123894,2.0,0.0,0.0,0.27876106194690264,63.0,0.2345132743362832,53.0,0.084070796460177,19.0
03,048,693,10.309799363218275,0.17530449284884014,81.98030343359063,2.598333036644875,1.2804706928470249,79533.0,185721.0,94.08570668086239,219.7036642711383,0.0631594661648136,-0.528194164182712,-0.6403338965764411,-0.20778964817561954,0.024531024531024532,17.0,0.25396825396825395,176.0,0.050505050505050504,35.0,0.19480519480519481,135.0,0.07792207792207792,54.0,0.044733044733044736,31.0,0.002886002886002886,2.0,0.021645021645021644,15.0,0.015873015873015872,11.0,0.050505050505050504,35.0,0.11688311688311688,81.0,0.050505050505050504,35.0,0.6320346320346321,438.0,0.3593073593073593,249.0,0.8268398268398268,573.0,0.1240981240981241,86.0,0.08802308802308802,61.0,0.012987012987012988,9.0,0.008658008658008658,6.0,0.13997113997113997,97.0,0.417027417027417,289.0,0.15151515151515152,105.0
03,049,508,1.8659394287354671,0.15323366547558792,65.27591280268814,3.488255721783009,1.5014641456040625,132858.0,290208.0,170.71707132164448,372.9053563512307,0.14220956373269597,0.03182483272234045,-0.3047445784423121,0.22762973430818495,0.0531496062992126,27.0,0.25393700787401574,129.0,0.011811023622047244,6.0,0.21456692913385828,109.0,0.1968503937007874,100.0,0.06692913385826772,34.0,0.051181102362204724,26.0,0.1141732283464567,58.0,0.05708661417322835,29.0,0.07283464566929133,37.0,0.15748031496062992,80.0,0.2125984251968504,108.0,0.531496062992126,270.0,0.42322834645669294,215.0,0.8917322834645669,453.0,0.1377952755905512,70.0,0.10826771653543307,55.0,0.03937007874015748,20.0,0.005905511811023622,3.0,0.24606299212598426,125.0,0.3700787401574803,188.0,0.08464566929133858,43.0
03,050,305,5.123262124529844,0.15878969480444644,46.03217724652117,2.2019718433162203,1.1637668210680965,50965.0,102453.0,76.91901355308038,154.62736575206011,0.04649497195267945,-0.06678358280598636,-0.27514982468136906,0.03275232974551992,0.07540983606557378,23.0,0.06229508196721312,19.0,0.08196721311475409,25.0,0.29180327868852457,89.0,0.12131147540983607,37.0,0.08524590163934426,26.0,0.07213114754098361,22.0,0.06557377049180328,20.0,0.06229508196721312,19.0,0.07213114754098361,22.0,0.029508196721311476,9.0,0.20327868852459016,62.0,0.18032786885245902,55.0,0.31475409836065577,96.0,0.8721311475409836,266.0,0.12459016393442623,38.0,0.1180327868852459,36.0,0.03934426229508197,12.0,0.02622950819672131,8.0,0.1377049180327869,42.0,0.17704918032786884,54.0,0.23278688524590163,71.0
03,051,449,10.154681780611643,0.10774589680009446,114.43309741595284,2.009046763349245,1.1016233386867484,29475.0,70186.0,75.12061350412495,178.87753619679435,-0.5758139039966201,-0.5791914951842475,-0.5471939074734664,-0.1972868700045225,0.015590200445434299,7.0,0.0467706013363029,21.0,0.008908685968819599,4.0,0.3363028953229399,151.0,0.062360801781737196,28.0,0.042316258351893093,19.0,0.0022271714922048997,1.0,0.011135857461024499,5.0,0.0200445434298441,9.0,0.06904231625835189,31.0,0.155902004454343,70.0,0.11358574610244988,51.0,0.22494432071269488,101.0,0.534521158129176,240.0,0.7260579064587973,326.0,0.08240534521158129,37.0,0.051224944320712694,23.0,0.008908685968819599,4.0,0.0022271714922048997,1.0,0.09131403118040089,41.0,0.47438752783964366,213.0,0.18040089086859687,81.0
03,052,331,1.683096898292859,0.47510006647525566,83.68475875529667,7.435273971362903,2.1324221957742995,33561.0,138895.0,84.85027760080095,351.1599567165236,0.0017284276548637696,-0.11039228972600229,-0.8033907276175842,-0.12564101741288441,0.01812688821752266,6.0,0.24773413897280966,82.0,0.04833836858006042,16.0,0.311178247734139,103.0,0.04833836858006042,16.0,0.045317220543806644,15.0,0.012084592145015106,4.0,0.2326283987915408,77.0,0.012084592145015106,4.0,0.012084592145015106,4.0,0.01812688821752266,6.0,0.6102719033232629,202.0,0.28700906344410876,95.0,0.3806646525679758,126.0,0.8308157099697885,275.0,0.16012084592145015,53.0,0.1540785498489426,51.0,0.012084592145015106,4.0,0.0030211480362537764,1.0,0.10876132930513595,36.0,0.5861027190332326,194.0,0.23867069486404835,79.0
03,053,387,7.760708315589426,0.08207536976183968,40.738085688931555,1.8152621263211228,1.0350553749549152,79688.0,190925.0,83.88466595296067,200.97981938396015,1.8540389942720772,1.4657418759947645,1.5218055999573536,1.4491357830705869,0.38242894056847543,148.0,0.05426356589147287,21.0,0.023255813953488372,9.0,0.58656330749354,227.0,0.37209302325581395,144.0,0.2868217054263566,111.0,0.17829457364341086,69.0,0.2558139534883721,99.0,0.2041343669250646,79.0,0.32558139534883723,126.0,0.21963824289405684,85.0,0.3953488372093023,153.0,0.5917312661498708,229.0,0.29457364341085274,114.0,0.9302325581395349,360.0,0.3488372093023256,135.0,0.25839793281653745,100.0,0.14987080103359174,58.0,0.00516795865633075,2.0,0.4315245478036176,167.0,0.599483204134367,232.0,0.4263565891472868,165.0
03,054,102,3.8971445221445222,0.25296838578088576,35.13437174920948,1.7724370968147456,1.0197267517306279,22058.0,63528.0,75.97980118079046,218.82513416507643,-0.017469445412160518,0.6389714201727301,0.6240505589466965,0.6382254067099112,0.09803921568627451,10.0,0.06862745098039216,7.0,0.0,0.0,0.5196078431372549,53.0,0.2647058823529412,27.0,0.13725490196078433,14.0,0.0784313725490196,8.0,0.24509803921568626,25.0,0.11764705882352941,12.0,0.22549019607843138,23.0,0.13725490196078433,14.0,0.37254901960784315,38.0,0.7156862745098039,73.0,0.5098039215686274,52.0,0.9901960784313726,101.0,0.30392156862745096,31.0,0.2549019607843137,26.0,0.029411764705882353,3.0,0.0,0.0,0.4019607843137255,41.0,0.2647058823529412,27.0,0.14705882352941177,15.0
05,056,521,25.145915157963916,0.3108423177429703,150.45019549862255,0.0804428013243933,0.07737095833488244,10382.0,21358.0,29.980305751760064,61.67591699538542,-0.5823219007747243,-0.5467866631054226,-0.5733099706080805,-0.22399777493935621,0.003838771593090211,2.0,0.07677543186180422,40.0,0.009596928982725527,5.0,0.09788867562380038,51.0,0.05103005791798036,26.58666017526777,0.04911067212143526,25.58666017526777,0.003838771593090211,2.0,0.02495201535508637,13.0,0.03838771593090211,20.0,0.030710172744721688,16.0,0.34036382728166675,177.32955401374838,0.2600788129964017,135.50106157112526,0.6372360844529751,332.0,0.6840675931025757,356.3992160064419,0.6464349937502094,336.7926317438591,0.039513743138709735,20.58666017526777,0.02223927096980378,11.58666017526777,0.0019193857965451055,1.0,0.0,0.0,0.06430146174880089,33.50106157112526,0.02495201535508637,13.0,0.07293666026871401,38.0
05,057,696,48.71547666307492,0.30590370328361594,219.57290546061412,0.1243424076519798,0.11719833822257572,15625.0,30997.0,49.293486319282984,97.78881250808413,-0.6795247694598947,-0.5091997534752997,-0.40838332072798456,-0.32665263951544943,0.0,0.0,0.05459770114942529,38.0,0.0014367816091954023,1.0,0.06321839080459771,44.0,0.04454022988505747,31.0,0.0603448275862069,42.0,0.010057471264367816,7.0,0.02586206896551724,18.0,0.0603448275862069,42.0,0.03879310344827586,27.0,0.3764367816091954,262.0,0.20402298850574713,142.0,0.47844827586206895,333.0,0.5847701149425287,407.0,0.6652298850574713,463.0,0.04885057471264368,34.0,0.01867816091954023,13.0,0.0014367816091954023,1.0,0.014367816091954023,10.0,0.04454022988505747,31.0,0.05028735632183908,35.0,0.07614942528735633,53.0
05,058,572,31.72069417157826,0.3248608382449247,250.21872265966755,0.3486467745708045,0.29910170051548474,8229.0,16485.0,35.99737532808399,72.11286089238845,-0.6058892037492535,-0.6257696290179523,-0.6691448228702613,-0.08564915318663291,0.006993006993006993,4.0,0.06468531468531469,37.0,0.0034965034965034965,2.0,0.07342657342657342,42.0,0.013986013986013986,8.0,0.038461538461538464,22.0,0.0,0.0,0.02972027972027972,17.0,0.024475524475524476,14.0,0.027972027972027972,16.0,0.291958041958042,167.0,0.3041958041958042,174.0,0.4965034965034965,284.0,0.736013986013986,421.0,0.6888111888111889,394.0,0.04895104895104895,28.0,0.024475524475524476,14.0,0.0017482517482517483,1.0,0.008741258741258742,5.0,0.05419580419580419,31.0,0.008741258741258742,5.0,0.10839160839160839,62.0
05,059,1090,18.814432989690722,0.3220946579194002,230.27650081124932,0.479237899407145,0.39152702231957226,18258.0,41296.0,38.57237020010817,87.24310438074635,-0.6727390611875009,-0.6020450261988081,-0.7262818853660599,-0.10932461712193858,0.003669724770642202,4.0,0.047706422018348627,52.0,0.0009174311926605505,1.0,0.07522935779816514,82.0,0.03577981651376147,39.0,0.03944954128440367,43.0,0.005504587155963303,6.0,0.01651376146788991,18.0,0.01926605504587156,21.0,0.02110091743119266,23.0,0.29174311926605506,318.0,0.11651376146788991,127.0,0.3585055704589065,390.7710718002081,0.6871559633027523,749.0,0.7376146788990826,804.0,0.047496396146979925,51.77107180020812,0.03211009174311927,35.0,0.0,0.0,0.011009174311926606,12.0,0.023853211009174313,26.0,0.01926605504587156,21.0,0.046788990825688076,51.0
05,060,606,23.477771046562296,0.3106845646143545,104.45412378330768,2.4755388206141244,1.2457495232886056,60316.0,185439.0,103.96460280716148,319.6347897731484,-0.4756313756398273,-0.5652169914296552,-0.678540198015725,-0.19006384617253286,0.01485148514851485,9.0,0.037953795379537955,23.0,0.054455445544554455,33.0,0.15536976658390916,94.15407854984895,0.034653465346534656,21.0,0.04455445544554455,27.0,0.006600660066006601,4.0,0.028052805280528052,17.0,0.021787771997538737,13.203389830508474,0.029951575217944757,18.150654582074523,0.1306172913363844,79.15407854984895,0.1439502258382938,87.23383685800604,0.4987093376555514,302.2178586192642,0.5379537953795379,326.0,0.7287713665626381,441.6354481369587,0.07590759075907591,46.0,0.057755775577557754,35.0,0.009900990099009901,6.0,0.006600660066006601,4.0,0.04645920785432017,28.154279959718025,0.07095709570957096,43.0,0.1551155115511551,94.0
05,061,2424,35.37727429584588,0.3645775075264467,678.3854203107028,0.2693785237950986,0.23852742935661453,21328.0,50275.0,59.68896140423543,140.70060646089348,-0.49927723124975326,-0.5942084074131273,-0.6704236381919255,-0.12686510538365547,0.01155115511551155,28.0,0.09612211221122112,233.0,0.005775577557755775,14.0,0.07590759075907591,184.0,0.03052805280528053,74.0,0.037953795379537955,92.0,0.007425742574257425,18.0,0.02268976897689769,55.0,0.022277227722772276,54.0,0.03135313531353135,76.0,0.3432343234323432,832.0,0.1967821782178218,477.0,0.2306105610561056,559.0,0.7083333333333334,1717.0,0.7025577557755776,1703.0,0.036303630363036306,88.0,0.02145214521452145,52.0,0.0016501650165016502,4.0,0.011963696369636964,29.0,0.03424092409240924,83.0,0.009488448844884489,23.0,0.04826732673267327,117.0
05,062,1015,23.95631495508191,0.3378951504722158,291.99054123251653,0.0948967709501672,0.09066008571960556,17974.0,33691.0,51.70677820801234,96.9207224104898,-0.5844739440608275,-0.6101563937203001,-0.675672308366289,-0.4208258966321253,0.002955665024630542,3.0,0.07684729064039408,78.0,0.01083743842364532,11.0,0.054187192118226604,55.0,0.03152709359605911,32.0,0.03645320197044335,37.0,0.0049261083743842365,5.0,0.019704433497536946,20.0,0.023645320197044337,24.0,0.027586206896551724,28.0,0.45024630541871924,457.0,0.2019704433497537,205.0,0.38620689655172413,392.0,0.5684729064039409,577.0,0.6019704433497537,611.0,0.04532019704433497,46.0,0.024630541871921183,25.0,0.002955665024630542,3.0,0.035467980295566505,36.0,0.04039408866995074,41.0,0.08571428571428572,87.0,0.06798029556650247,69.0
05,063,663,14.584408879710892,0.3724832214765101,276.0981460196892,0.1296673546533122,0.12192321297400968,8029.0,14901.0,33.43577698932254,62.05337064614462,-0.7491848243265361,-0.641009803228781,-0.46692595016864696,-0.20406549697669046,0.0015082956259426848,1.0,0.021116138763197588,14.0,0.0,0.0,0.030165912518853696,20.0,0.02865761689291101,19.0,0.02564102564102564,17.0,0.00904977375565611,6.0,0.012066365007541479,8.0,0.015082956259426848,10.0,0.09954751131221719,66.0,0.21568627450980393,143.0,0.25188536953242835,167.0,0.41025641025641024,272.0,0.6018099547511312,399.0,0.7601809954751131,504.0,0.03469079939668175,23.0,0.0196078431372549,13.0,0.0015082956259426848,1.0,0.006033182503770739,4.0,0.02865761689291101,19.0,0.013574660633484163,9.0,0.06033182503770739,40.0
05,064,1513,25.145150273224044,0.3146238900273224,331.81134343022313,0.2191508369232492,0.19815458109131714,18145.0,39327.0,39.79323745235558,86.24682553258681,-0.31393985650626205,-0.4577675438718176,-0.6253462419772834,-0.17073101455097908,0.013218770654329148,20.0,0.15003304692663583,227.0,0.02511566424322538,38.0,0.046926635822868476,71.0,0.044282881692002646,67.0,0.050892267019167214,77.0,0.007270323859881031,11.0,0.06609385327164574,100.0,0.023132848645076007,35.0,0.04230006609385327,64.0,0.2812027982782643,425.4598337950139,0.23691991658626166,358.4598337950139,0.40360407995569925,610.652972972973,0.6210710582829535,939.6805111821086,0.760079312623926,1150.0,0.036351619299405155,55.0,0.025776602775941838,39.0,0.0019828155981493722,3.0,0.003304692663582287,5.0,0.03965631196298744,60.0,0.07799074686054197,118.0,0.09120951751487112,138.0
05,065,418,25.29859396260646,0.34568865594920123,222.73376388089605,0.2172891830248491,0.1966264053550342,9433.0,17081.0,50.26429652364814,91.01711533132979,-0.44637889232929023,-0.5945312685604242,-0.66643149397127,-0.29299071447955216,0.023923444976076555,10.0,0.07655502392344497,32.0,0.011961722488038277,5.0,0.15789473684210525,66.0,0.03349282296650718,14.0,0.03588516746411483,15.0,0.014354066985645933,6.0,0.011961722488038277,5.0,0.028708133971291867,12.0,0.0215311004784689,9.0,0.20813397129186603,87.0,0.11244019138755981,47.0,0.4880382775119617,204.0,0.6435406698564593,269.0,0.6602870813397129,276.0,0.03110047846889952,13.0,0.01674641148325359,7.0,0.0,0.0,0.0215311004784689,9.0,0.03349282296650718,14.0,0.20574162679425836,86.0,0.13157894736842105,55.0
05,066,891,32.21059705470008,0.273905940421982,202.29862091826772,0.7932261778578149,0.584016331596459,28741.0,74499.0,65.25549566567825,169.14753041290714,-0.27554649886243404,-0.30874481441583523,-0.42439063859399573,-0.008036631755662771,0.007856341189674524,7.0,0.09427609427609428,84.0,0.09764309764309764,87.0,0.16610549943883277,148.0,0.09427609427609428,84.0,0.07744107744107744,69.0,0.020202020202020204,18.0,0.05499438832772166,49.0,0.03367003367003367,30.0,0.07968574635241302,71.0,0.05723905723905724,51.0,0.46352413019079686,413.0,0.3681257014590348,328.0,0.5723905723905723,510.0,0.7519640852974186,670.0,0.122334455667789,109.0,0.0920314253647587,82.0,0.013468013468013467,12.0,0.005611672278338945,5.0,0.10213243546576879,91.0,0.3961840628507295,353.0,0.19528619528619529,174.0
05,067,516,21.925741471577638,0.21701857891039517,52.80392959476054,3.004426680931081,1.3874004194445708,53074.0,184551.0,54.31232091690544,188.85693819074908,0.11310786096797239,-0.17392028371881624,0.029966739251704597,-0.17861060899700226,0.023255813953488372,12.0,0.03488372093023256,18.0,0.25193798449612403,130.0,0.13565891472868216,70.0,0.1821705426356589,94.0,0.08139534883720931,42.0,0.013565891472868217,7.0,0.06589147286821706,34.0,0.08914728682170543,46.0,0.11046511627906977,57.0,0.04263565891472868,22.0,0.18992248062015504,98.0,0.501937984496124,259.0,0.5891472868217055,304.0,0.5658914728682171,292.0,0.1375968992248062,71.0,0.08139534883720931,42.0,0.015503875968992248,8.0,0.001937984496124031,1.0,0.1065891472868217,55.0,0.26744186046511625,138.0,0.2693798449612403,139.0
05,068,304,9.1875,0.1549772727272727,33.237738390571856,2.84865091115505,1.3477226742038213,80547.0,270248.0,88.06579322846682,295.4747475189231,0.360211580664112,0.3157891247871639,-0.06522365608994232,-0.2305602279813624,0.013157894736842105,4.0,0.1118421052631579,34.0,0.3026315789473684,92.0,0.1611842105263158,49.0,0.20723684210526316,63.0,0.20394736842105263,62.0,0.09539473684210527,29.0,0.02631578947368421,8.0,0.10197368421052631,31.0,0.0625,19.0,0.09868421052631579,30.0,0.14144736842105263,43.0,0.6052631578947368,184.0,0.40131578947368424,122.0,0.5328947368421053,162.0,0.17434210526315788,53.0,0.12171052631578948,37.0,0.03618421052631579,11.0,0.009868421052631578,3.0,0.1611842105263158,49.0,0.14473684210526316,44.0,0.5789473684210527,176.0
06,069,73,39.59183673469388,0.11338775510204081,108.03451184679818,3.5100320007217016,1.5063042489931173,17410.0,54127.0,257.65491113051456,801.0389072235131,-0.014337705102808887,-0.4814367542086371,-0.5038015232233485,-0.3624098366983811,0.0821917808219178,6.0,0.0821917808219178,6.0,0.0273972602739726,2.0,0.0273972602739726,2.0,0.0821917808219178,6.0,0.0547945205479452,4.0,0.0136986301369863,1.0,0.0136986301369863,1.0,0.0273972602739726,2.0,0.0684931506849315,5.0,0.0821917808219178,6.0,0.1506849315068493,11.0,0.273972602739726,20.0,0.3424657534246575,25.0,0.8356164383561644,61.0,0.1095890410958904,8.0,0.0821917808219178,6.0,0.0,0.0,0.0136986301369863,1.0,0.1506849315068493,11.0,0.2054794520547945,15.0,0.2054794520547945,15.0
06,070,241,22.792611337774794,0.3128819569970218,76.60618698266984,3.4098626971547303,1.4838435545420343,45301.0,118474.0,143.9973807677148,376.59092931887244,-0.142716974545439,0.4063481730244797,0.6428458754520704,-0.5353829116234737,0.07883817427385892,19.0,0.058091286307053944,14.0,0.008298755186721992,2.0,0.14937759336099585,36.0,0.2033195020746888,49.0,0.14107883817427386,34.0,0.0912863070539419,22.0,0.14937759336099585,36.0,0.14107883817427386,34.0,0.1908713692946058,46.0,0.2697095435684647,65.0,0.3651452282157676,88.0,0.44398340248962653,107.0,0.1078838174273859,26.0,0.7883817427385892,190.0,0.1950207468879668,47.0,0.12863070539419086,31.0,0.008298755186721992,2.0,0.004149377593360996,1.0,0.26141078838174275,63.0,0.5477178423236515,132.0,0.2987551867219917,72.0
06,071,294,20.68560522645526,0.23690817000660647,80.45294460513749,2.239525125329448,1.1754267528060114,51945.0,130297.0,142.14721794264855,356.5570518100544,-0.3827878449231196,-0.20697754800951118,0.25064200423133687,-0.6926343540632166,0.030612244897959183,9.0,0.09183673469387756,27.0,0.006802721088435374,2.0,0.09523809523809523,28.0,0.12585034013605442,37.0,0.05782312925170068,17.0,0.030612244897959183,9.0,0.08843537414965986,26.0,0.12585034013605442,37.0,0.10884353741496598,32.0,0.3129251700680272,92.0,0.4489795918367347,132.0,0.445578231292517,131.0,0.14285714285714285,42.0,0.6972789115646258,205.0,0.14625850340136054,43.0,0.06462585034013606,19.0,0.006802721088435374,2.0,0.006802721088435374,2.0,0.08843537414965986,26.0,0.3435374149659864,101.0,0.3673469387755102,108.0
06,072,252,15.781296016085955,0.21874460501061227,51.22544685054976,2.5770219405699843,1.2745305940489509,49576.0,107460.0,100.77590289931963,218.43994121270148,-0.4770518311377938,0.21408235848393353,-0.01336810605351657,-0.24586483512530333,0.03571428571428571,9.0,0.04365079365079365,11.0,0.0,0.0,0.1865079365079365,47.0,0.17063492063492064,43.0,0.07936507936507936,20.0,0.03968253968253968,10.0,0.2261904761904762,57.0,0.03968253968253968,10.0,0.18253968253968253,46.0,0.2261904761904762,57.0,0.27380952380952384,69.0,0.6428571428571429,162.0,0.20238095238095238,51.0,0.7103174603174603,179.0,0.1984126984126984,50.0,0.07936507936507936,20.0,0.03571428571428571,9.0,0.007936507936507936,2.0,0.24206349206349206,61.0,0.4246031746031746,107.0,0.5714285714285714,144.0
06,073,156,13.971172512296443,0.3000432512899949,29.830824803183486,1.6322743217674325,0.9678482336274898,45118.0,98621.0,86.27609958141234,188.5862674945358,0.24583778946624657,0.4172839544734024,-0.16259042092856374,0.016383312053960875,0.08333333333333333,13.0,0.17307692307692307,27.0,0.04487179487179487,7.0,0.17307692307692307,27.0,0.1987179487179487,31.0,0.21794871794871795,34.0,0.0641025641025641,10.0,0.11538461538461539,18.0,0.05128205128205128,8.0,0.12179487179487179,19.0,0.30128205128205127,47.0,0.1794871794871795,28.0,0.5769230769230769,90.0,0.19230769230769232,30.0,0.8205128205128205,128.0,0.3076923076923077,48.0,0.12179487179487179,19.0,0.03205128205128205,5.0,0.0,0.0,0.46794871794871795,73.0,0.42948717948717946,67.0,0.6602564102564102,103.0
06,074,296,20.93392861475748,0.21945745274549291,32.25395192635638,2.746928420646256,1.3209364165189303,53893.0,126283.0,58.72507537726772,137.605601726894,-0.30505179517598496,0.37171495859041986,-0.2700807437809829,-0.3759593873618971,0.02702702702702703,8.0,0.07094594594594594,21.0,0.060810810810810814,18.0,0.15878378378378377,47.0,0.21621621621621623,64.0,0.12162162162162163,36.0,0.14527027027027026,43.0,0.060810810810810814,18.0,0.04391891891891892,13.0,0.10472972972972973,31.0,0.20945945945945946,62.0,0.42905405405405406,127.0,0.7331081081081081,217.0,0.16216216216216217,48.0,0.6925675675675675,205.0,0.23648648648648649,70.0,0.14189189189189189,42.0,0.02364864864864865,7.0,0.0033783783783783786,1.0,0.4189189189189189,124.0,0.24662162162162163,73.0,0.4222972972972973,125.0
06,075,90,8.985345329640943,0.19316115383243995,20.888407166116217,4.777865853175527,1.7540343849478632,57080.0,182032.0,132.4789201157682,422.4842814736075,0.25332689482791043,0.41194550253608164,0.765397041879288,0.8359035292403219,0.14444444444444443,13.0,0.05555555555555555,5.0,0.0,0.0,0.24444444444444444,22.0,0.3333333333333333,30.0,0.17777777777777778,16.0,0.03333333333333333,3.0,0.1111111111111111,10.0,0.15555555555555556,14.0,0.2,18.0,0.43333333333333335,39.0,0.34444444444444444,31.0,0.6222222222222222,56.0,0.3,27.0,0.8888888888888888,80.0,0.4777777777777778,43.0,0.3111111111111111,28.0,0.06666666666666667,6.0,0.0,0.0,0.6222222222222222,56.0,0.32222222222222224,29.0,0.6333333333333333,57.0
06,076,229,9.29095025063332,0.19999461003611277,27.822832947580082,3.2836748161938782,1.4548112431203897,47272.0,160091.0,57.43410301738016,194.50590172100624,-0.029053663253217343,0.04971803694476484,0.5301621333187799,0.6842878707420785,0.09557608214553176,21.886922811326773,0.017467248908296942,4.0,0.043668122270742356,10.0,0.13745004450444745,31.476060191518467,0.20690758111263158,47.38183607479263,0.11353711790393013,26.0,0.039301310043668124,9.0,0.08296943231441048,19.0,0.06550218340611354,15.0,0.28820960698689957,66.0,0.24196883240090963,55.410862619808306,0.1636509178668929,37.47606019151847,0.7397854262873725,169.4108626198083,0.38248531607070607,87.58913738019169,0.9213973799126638,211.0,0.3137899400275594,71.8578962663111,0.14847161572052403,34.0,0.0611353711790393,14.0,0.03056768558951965,7.0,0.39958553160058574,91.50508673653414,0.13357701912747463,30.589137380191694,0.5606193715056447,128.38183607479263
06,077,194,10.934316333037811,0.31141803928888057,26.555480421492966,1.564358296931343,0.9417082706883841,48149.0,94452.0,65.90823849559096,129.28959983354915,-0.5650434029044528,0.4701522460405141,-0.36011804076039367,0.44894507800213385,0.02577319587628866,5.0,0.020618556701030927,4.0,0.010309278350515464,2.0,0.07216494845360824,14.0,0.4587628865979381,89.0,0.061855670103092786,12.0,0.13917525773195877,27.0,0.015463917525773196,3.0,0.05154639175257732,10.0,0.06701030927835051,13.0,0.06701030927835051,13.0,0.12371134020618557,24.0,0.9587628865979382,186.0,0.06701030927835051,13.0,0.979381443298969,190.0,0.20618556701030927,40.0,0.14432989690721648,28.0,0.09278350515463918,18.0,0.0,0.0,0.788659793814433,153.0,0.845360824742268,164.0,0.9072164948453608,176.0
06,078,142,23.574173811329487,0.2996516575189275,31.73148903364208,1.3936981443869492,0.8728395107928845,37772.0,76265.0,84.40576082948795,170.42267684159953,-0.23368992321325596,0.6302640787032736,0.7590219237851232,0.0045603863965071306,0.07135838285527116,10.132890365448505,0.04929577464788732,7.0,0.0,0.0,0.22535211267605634,32.0,0.30985915492957744,44.0,0.2112676056338028,30.0,0.056338028169014086,8.0,0.1619718309859155,23.0,0.14788732394366197,21.0,0.2112676056338028,30.0,0.19014084507042253,27.0,0.4507042253521127,64.0,0.5,71.0,0.31783725609470775,45.1328903654485,0.7525852791165598,106.8671096345515,0.2676056338028169,38.0,0.09154929577464789,13.0,0.028169014084507043,4.0,0.0,0.0,0.4647887323943662,66.0,0.39436619718309857,56.0,0.7173740115109261,101.8671096345515
06,079,160,8.028215257845515,0.23472467881843312,31.156166389506602,1.548606615235104,0.9355467844275722,47370.0,128288.0,92.24172511693298,249.81014211106395,-0.20253011284518577,0.6434978410348424,0.879392947565463,0.3427090948834514,0.0375,6.0,0.1375,22.0,0.01875,3.0,0.325,52.0,0.48664006128298903,77.86240980527825,0.11789006128298903,18.862409805278244,0.025,4.0,0.19705481143124545,31.528769828999273,0.15244487271423451,24.39117963427752,0.23664006128298903,37.86240980527825,0.21875,35.0,0.5091951885687546,81.47123017100073,0.599140061282989,95.86240980527825,0.35625,57.0,0.89375,143.0,0.28039006128298904,44.86240980527825,0.10625,17.0,0.0375,6.0,0.01875,3.0,0.661640061282989,105.86240980527825,0.53125,85.0,0.75,120.0
06,080,143,5.1510963631929405,0.1897480618722794,20.830116561253654,1.593887109852862,0.9531575652297637,61472.0,145419.0,89.54328148625066,211.8248056098563,-0.48571604102743865,0.4173693539312697,0.043619799748794236,0.6436477810490285,0.03496503496503497,5.0,0.04195804195804196,6.0,0.0,0.0,0.3006993006993007,43.0,0.5244755244755245,75.0,0.09090909090909091,13.0,0.04195804195804196,6.0,0.06293706293706294,9.0,0.06993006993006994,10.0,0.14685314685314685,21.0,0.3706293706293706,53.0,0.6503496503496503,93.0,0.6713286713286714,96.0,0.38461538461538464,55.0,0.965034965034965,138.0,0.40559440559440557,58.0,0.18181818181818182,26.0,0.03496503496503497,5.0,0.0,0.0,0.8041958041958042,115.0,0.7342657342657343,105.0,0.8181818181818182,117.0
06,081,337,12.03854798485175,0.1988581632967236,28.528303547922047,1.097751523283308,0.7408660679188008,47655.0,110403.0,40.34173013579303,93.46024618994771,-0.5819998838166868,-0.01735299318371676,-0.32353667063430036,0.15873656198145933,0.01483679525222552,5.0,0.05341246290801187,18.0,0.002967359050445104,1.0,0.11275964391691394,38.0,0.2403560830860534,81.0,0.11275964391691394,38.0,0.020771513353115726,7.0,0.05637982195845697,19.0,0.04451038575667656,15.0,0.08902077151335312,30.0,0.26706231454005935,90.0,0.3590504451038576,121.0,0.6795252225519288,229.0,0.28486646884273,96.0,0.8783382789317508,296.0,0.2314540059347181,78.0,0.04747774480712166,16.0,0.03857566765578635,13.0,0.0,0.0,0.49851632047477745,168.0,0.456973293768546,154.0,0.6379821958456974,215.0
06,082,86,10.566394809174064,0.1779164601450908,20.665128796616685,2.4786940048106163,1.2466569373750176,39535.0,97334.0,94.99951941560938,233.88600538254516,-0.44070165106979053,0.923984795332302,0.6835712747128876,1.189631272324327,0.023255813953488372,2.0,0.08139534883720931,7.0,0.011627906976744186,1.0,0.27906976744186046,24.0,0.3023255813953488,26.0,0.27906976744186046,24.0,0.08139534883720931,7.0,0.19767441860465115,17.0,0.11627906976744186,10.0,0.2441860465116279,21.0,0.1744186046511628,15.0,0.32558139534883723,28.0,0.6976744186046512,60.0,0.18604651162790697,16.0,0.9302325581395349,80.0,0.5465116279069767,47.0,0.2441860465116279,21.0,0.10465116279069768,9.0,0.0,0.0,0.6627906976744186,57.0,0.26744186046511625,23.0,0.5581395348837209,48.0
06,083,178,11.884423422684105,0.20100566244656487,25.890155922736792,2.687783045011483,1.3050254766894118,33472.0,109307.0,48.68512915987898,158.98737491272982,-0.4252496929526419,0.09408023012580399,-0.1300521115544887,0.18839031908635911,0.02247191011235955,4.0,0.07731530736694606,13.762124711316398,0.02247191011235955,4.0,0.19975863947551176,35.55703782664109,0.20224719101123595,36.0,0.10674157303370786,19.0,0.0449438202247191,8.0,0.10674157303370786,19.0,0.07865168539325842,14.0,0.08426966292134831,15.0,0.27394452085009213,48.762124711316396,0.34020807767775896,60.55703782664109,0.7458546332096427,132.7621247113164,0.2247191011235955,40.0,0.8332537221233567,148.31916253795748,0.31327036354672133,55.762124711316396,0.17843890287256403,31.762124711316396,0.0431507722586658,7.680837462042512,0.0056179775280898875,1.0,0.5467368681907724,97.31916253795748,0.39146537900023887,69.68083746204252,0.7384436077154996,131.44296217335892
06,084,167,7.090342382640558,0.22859216255442671,38.973253146448414,1.5022400023935965,0.9171863316623499,33951.0,69294.0,79.2323902739563,161.7133295526944,-0.48841215644241087,-0.35027536464229575,-0.16044570566250643,-0.24136644204949265,0.029940119760479042,5.0,0.04790419161676647,8.0,0.005988023952095809,1.0,0.029940119760479042,5.0,0.1497005988023952,25.0,0.03592814371257485,6.0,0.023952095808383235,4.0,0.03592814371257485,6.0,0.059880239520958084,10.0,0.10778443113772455,18.0,0.2754491017964072,46.0,0.25149700598802394,42.0,0.5389221556886228,90.0,0.38323353293413176,64.0,0.7724550898203593,129.0,0.1317365269461078,22.0,0.05389221556886228,9.0,0.011976047904191617,2.0,0.011976047904191617,2.0,0.281437125748503,47.0,0.1377245508982036,23.0,0.47305389221556887,79.0
06,085,214,11.570912012856569,0.21916432302129368,56.12938084571764,2.8100845353390844,1.3376513766455056,30541.0,101215.0,80.10501964528329,265.47361132239774,-0.29214681933842795,-0.1991695848545666,-0.2632637039872233,0.0874789313560918,0.06542056074766354,14.0,0.02336448598130841,5.0,0.014018691588785047,3.0,0.08878504672897196,19.0,0.09345794392523364,20.0,0.08411214953271028,18.0,0.04672897196261682,10.0,0.06074766355140187,13.0,0.06542056074766354,14.0,0.07009345794392523,15.0,0.24766355140186916,53.0,0.2850467289719626,61.0,0.5934579439252337,127.0,0.16822429906542055,36.0,0.7336448598130841,157.0,0.21962616822429906,47.0,0.07476635514018691,16.0,0.07009345794392523,15.0,0.004672897196261682,1.0,0.1822429906542056,39.0,0.24766355140186916,53.0,0.4485981308411215,96.0
06,086,153,19.231454746372936,0.20496916550814528,51.28738028754454,11.783223664396678,2.5481336600520326,60922.0,605425.0,204.21763280246984,2029.4550464435722,-0.22220387751946966,-0.3481645695074985,-0.30461057236521216,0.1353297609076402,0.0784313725490196,12.0,0.026143790849673203,4.0,0.006535947712418301,1.0,0.16339869281045752,25.0,0.058823529411764705,9.0,0.0915032679738562,14.0,0.0196078431372549,3.0,0.0457516339869281,7.0,0.06535947712418301,10.0,0.058823529411764705,9.0,0.49019607843137253,75.0,0.5751633986928104,88.0,0.5424836601307189,83.0,0.3333333333333333,51.0,0.8300653594771242,127.0,0.20915032679738563,32.0,0.09803921568627451,15.0,0.0392156862745098,6.0,0.0,0.0,0.12418300653594772,19.0,0.1437908496732026,22.0,0.38562091503267976,59.0
06,087,327,17.312702011674467,0.19179048675768248,24.01693965431765,2.7471507392326773,1.320995748314537,18309.0,40818.0,13.447282817458772,29.97931017767394,-0.48521798471090144,-0.5193042130854328,-0.6263746783054785,0.05400696631962179,0.024464831804281346,8.0,0.06116207951070336,20.0,0.009174311926605505,3.0,0.06926783735098063,22.65058281377067,0.0723259413265158,23.65058281377067,0.04480300554669929,14.650582813770669,0.012232415902140673,4.0,0.01529051987767584,5.0,0.024464831804281346,8.0,0.039755351681957186,13.0,0.15595661105869285,50.99781181619256,0.2533102988899475,82.83246773701283,0.6389138342684857,208.92482380579483,0.5702022199243619,186.45612591526634,0.884354963630121,289.1840731070496,0.09984887710633232,32.65058281377067,0.026454381693488283,8.650582813770669,0.006109516257469603,1.9978118161925602,0.0030581039755351682,1.0,0.10902318903293783,35.65058281377067,0.14067278287461774,46.0,0.5363649342890394,175.3913335125159
06,088,34,15.493733645503374,0.0955791213331497,36.350418029807344,10.751671785521305,2.4639955100882176,59142.0,225510.0,632.3048303290782,2410.994932324075,-0.5270149171648387,-0.15950464892623456,0.2642879570083861,-0.4821602052973042,0.0,0.0,0.08823529411764706,3.0,0.029411764705882353,1.0,0.14705882352941177,5.0,0.029411764705882353,1.0,0.058823529411764705,2.0,0.08823529411764706,3.0,0.08823529411764706,3.0,0.08823529411764706,3.0,0.17647058823529413,6.0,0.20588235294117646,7.0,0.29411764705882354,10.0,0.4117647058823529,14.0,0.2647058823529412,9.0,0.5294117647058824,18.0,0.17647058823529413,6.0,0.08823529411764706,3.0,0.029411764705882353,1.0,0.029411764705882353,1.0,0.3235294117647059,11.0,0.20588235294117646,7.0,0.29411764705882354,10.0
06,089,206,10.632703368940016,0.17029580936729663,25.65788818142867,3.13896006198808,1.4204445635265357,25216.0,64684.0,31.40724797975269,80.56576888968603,0.03181766713776979,-0.1666312537557857,-0.036574666881666544,-0.07713054815484063,0.06310679611650485,13.0,0.1553398058252427,32.0,0.02912621359223301,6.0,0.10679611650485436,22.0,0.10679611650485436,22.0,0.0825242718446602,17.0,0.06310679611650485,13.0,0.043689320388349516,9.0,0.07766990291262135,16.0,0.11165048543689321,23.0,0.2766990291262136,57.0,0.2961165048543689,61.0,0.41262135922330095,85.0,0.34951456310679613,72.0,0.7961165048543689,164.0,0.17475728155339806,36.0,0.11165048543689321,23.0,0.024271844660194174,5.0,0.0048543689320388345,1.0,0.2669902912621359,55.0,0.1262135922330097,26.0,0.3786407766990291,78.0
08,099,2604,17.91731068959496,0.21346207324723365,165.93163540155265,0.5666463282028661,0.44893723796546575,76041.0,182700.0,48.4547138539534,116.41977645108936,-0.35503291902412243,-0.3829468142639994,-0.4428169955829084,-0.4059545037019697,0.0587557603686636,153.0,0.026973720427091133,70.23956799214531,0.0038402457757296467,10.0,0.11712749615975422,305.0,0.08277426248968574,215.54417952314165,0.06968349480678124,181.45582047685835,0.02056228092286546,53.54417952314166,0.03456221198156682,90.0,0.043010752688172046,112.0,0.0587557603686636,153.0,0.044162826420890935,115.0,0.1259600614439324,328.0,0.1500512263260382,390.7333933530035,0.4703470612577907,1224.783747515287,0.5991392953468538,1560.1587250832074,0.05200798073041749,135.42878182200715,0.031654678119050365,82.42878182200715,0.018433179723502304,48.0,0.021121351766513058,55.0,0.06490015360983103,169.0,0.08123816417939388,211.54417952314165,0.18050193496730077,470.0270386548512
08,100,1827,20.053772789898208,0.15704062387137335,104.0191117325815,0.4254321075100498,0.35447500109506236,60409.0,135967.0,34.39348943981125,77.41196806209035,-0.4794625916703737,-0.28241709669718673,-0.38142103728064924,-0.6366915954790867,0.03393541324575807,62.0,0.034482758620689655,63.0,0.010860679044966497,19.84246061515379,0.12151067323481117,222.0,0.1039093927833354,189.84246061515378,0.07216336103730366,131.84246061515378,0.02353585112205802,43.0,0.061850027367268745,113.0,0.04597701149425287,84.0,0.07060755336617405,129.0,0.09578544061302682,175.0,0.1986863711001642,363.0,0.18327447214841477,334.8424606151538,0.32457580733442803,593.0,0.5783729337790061,1056.6873500142442,0.07772304324028462,142.0,0.04597701149425287,84.0,0.013683634373289545,25.0,0.014230979748221127,26.0,0.11734920967142816,214.39700606969924,0.1324575807334428,242.0,0.23119704765719717,422.3970060696992
08,101,730,14.131709769312407,0.27721610903200583,35.52676211523421,0.3288223415173921,0.2842930924788813,86508.0,180796.0,42.10067311047509,87.98762306008062,-0.19615335441174356,-0.04454936414173666,0.8823674596468892,0.505871859287736,0.028611218312894423,20.88618936841293,0.16865117488478962,123.11535766589641,0.01643835616438356,12.0,0.20989736772079698,153.2250784361818,0.14026554312529524,102.39384648146553,0.13333847745223182,97.33708854012923,0.034613229863730326,25.26765780052314,0.06856857448674834,50.05505937532629,0.20541408224119737,149.9522800360741,0.14751236116650718,107.68402365155025,0.1954536170529195,142.68114044863123,0.3505677575447447,255.9144630076636,0.33993340641465164,248.15138668269572,0.6050437768757829,441.6819571193215,0.8210493348468973,599.3660144382351,0.20458529896336702,149.34726824325793,0.11849110790365576,86.4985087696687,0.0408771323442552,29.840306611306293,0.022966954109388593,16.765876499853672,0.1576184979631145,115.06150351307359,0.19749638337368983,144.17235986279357,0.4406996402664704,321.7107373945234
08,102,728,22.812505117665363,0.24638815649411264,49.19497292249224,0.384101265754541,0.32505102341655434,80816.0,139319.0,54.611825984946876,94.1455279201744,-0.33277983649111886,-0.05919158338856404,0.7323557990560465,0.5648140820234976,0.034340659340659344,25.0,0.09655815581393738,70.29433743254641,0.012362637362637362,9.0,0.22183078394916095,161.49281071498916,0.09638168212471233,70.16586458679058,0.12028584892600103,87.56809801812875,0.037207700265938046,27.087205793602898,0.10236543859751508,74.52203929899098,0.1631889103263149,118.80152671755725,0.17794900661202445,129.5468768135538,0.46843716305134975,341.0222547013826,0.5796703296703297,422.0,0.4989966035455917,363.26952738119076,0.6355164349643262,462.65596465402945,0.8997252747252747,655.0,0.1330771778993749,96.88018551074492,0.06623533910674956,48.21932686971368,0.04395604395604396,32.0,0.005494505494505495,4.0,0.19088927376970855,138.9673913043478,0.22939560439560439,167.0,0.5693582564766335,414.49281071498916
08,103,604,15.565980993624443,0.04608444604835799,39.170747493299146,0.996318527987869,0.6913047483174892,67064.0,139658.0,43.492500163751885,90.57132869899291,-0.4298002475764211,-0.11215057623697955,0.15159996933576597,0.06109208706827857,0.02380705208519778,14.37945945945946,0.09426770132963223,56.93769160309787,0.003716255621363124,2.244618395303327,0.20527291957770397,123.9848434249332,0.11927441674975407,72.04174771685146,0.120669626662758,72.88445450430584,0.033723700742779014,20.369115248638526,0.0653698857517923,39.48341099408255,0.08986564075757832,54.278847017577306,0.14270403614556007,86.19323783191828,0.3957065492973071,239.00675577557348,0.28173935073592604,170.17056784449935,0.598947320204268,361.76418140337785,0.5658395146605909,341.7670668549969,0.7980230789782653,482.00593970287224,0.14392599752631033,86.93130250589144,0.0727868022644299,43.96322856771567,0.011960700705792892,7.224263226298907,0.0009702342804244108,0.5860215053763441,0.2740382171146762,165.5190831372644,0.14140011266751476,85.40566805117892,0.42540469626954164,256.94443654680316
08,104,1546,11.719256346703014,0.1117601077849486,56.28275348627243,1.65027275858148,0.974662562468028,118292.0,327691.0,43.0646796597551,119.29723009489068,-0.42688501648020477,-0.1388600887810573,-0.14551919545669623,-0.35930017591883767,0.02051538371072653,31.716783216783217,0.0950464466541196,146.9418065272689,0.011910061750056301,18.412955465587043,0.12664602234457722,195.7947505447164,0.13195229797837238,203.9982526745637,0.09739511960254671,150.5728549055372,0.042603089805314465,65.86437683901616,0.055281474408928034,85.46515943620274,0.06977376800430521,107.87024533465585,0.09509040264499394,147.00976248916064,0.34366511213348255,531.306263358364,0.22783241314443317,352.2289107212937,0.3810407709975772,589.0890319622544,0.5531439356363329,855.1605244937706,0.5001173118467959,773.1813641151464,0.08795144284407616,135.97293063694175,0.062143503701815275,96.07385672300641,0.0187058001683703,28.91916706030048,0.003234152652005175,5.0,0.15572941901874748,240.75768180298363,0.2630671499106062,406.7018137617972,0.3150965938897006,487.1393341534772
08,105,1191,17.602575442454956,0.14945587934519589,55.85169616114551,1.2905591982777271,0.8287959791439379,80740.0,161335.0,37.86285430773206,75.65771116841654,0.11546709869530658,-0.17596739524186866,0.4086383093693756,0.03146494871816985,0.02686817800167926,32.0,0.12782242365805413,152.23650657674247,0.1678279454139288,199.88308298798918,0.3805306014190592,453.2119462900995,0.09600203404430983,114.33842254677302,0.09353396517540086,111.39895252390242,0.040050678909691266,47.700358581442295,0.07036531426401493,83.80508928844178,0.11701128059505304,139.36043518870818,0.1673144213460813,199.2714758231828,0.27627750356299113,329.04650674352246,0.35017819383635646,417.0622288591005,0.38947683364173336,463.8669088673044,0.632749144533276,753.6042311391317,0.6178899692847178,735.906953418099,0.06641490999491852,79.10015780394795,0.055802530345910005,66.46081364197882,0.036592559418515094,43.58173826745148,0.007556675062972292,9.0,0.1321855624892898,157.43300492474415,0.07166842461278046,85.35709371382153,0.49883047891692167,594.1071003900537
08,106,589,25.695721305790208,0.14259914805629895,67.54935747831023,0.7124314896084103,0.5379142842858976,29657.0,61493.0,34.01207631127753,70.52313479480019,-0.3238127889543629,-0.16215940906732038,0.4180815170684993,0.04427534017016041,0.01697792869269949,10.0,0.07044830325003792,41.49405061427234,0.07809847198641766,46.0,0.1985566328243198,116.94985673352436,0.12136720659737472,71.48528468585371,0.07931418322007291,46.71605391662295,0.025075094684602325,14.76923076923077,0.09847198641765705,58.0,0.10939173761900768,64.43173345759553,0.18285063834939044,107.69902598779098,0.3183566183238898,187.5120481927711,0.4179027130218,246.1446979698402,0.47630629422608867,280.5444072991662,0.7526711392546304,443.3233010209773,0.7110616090914231,418.8152877548482,0.05953846075177327,35.068153382794456,0.05914151199642283,34.83435056589305,0.008488964346349746,5.0,0.0050933786078098476,3.0,0.13362791869948745,78.7068441139981,0.22133134972202417,130.36416498627224,0.2832549648188804,166.83717427832056
08,107,637,19.441316109086895,0.2423407309263553,52.215425928688646,0.8129246751376811,0.5949413838261467,32628.0,65294.0,26.745446109909782,53.52204113952585,-0.4206880387602299,0.019069837483156736,-0.04785890633993322,-0.006626974042603621,0.013457315978072483,8.572310278032171,0.07385695045559655,47.046877440215006,0.04826172307670401,30.742717599860455,0.17513337557881237,111.55996024370347,0.14045695633929517,89.47108118813102,0.10664051852226562,67.9300102986832,0.07185227515504575,45.76989927376414,0.07121142494192574,45.361677688006694,0.08083822743950361,51.4939508789638,0.10316636188323866,65.71697251962303,0.32040106926841605,204.09548112398102,0.46444398187089486,295.85081645176,0.26413852479317224,168.25624029325073,0.608288560341323,387.4798129374227,0.6503436767130674,414.2689220662239,0.09380565040147505,59.754199305739604,0.07376416946322664,46.987775948075374,0.027040508442235843,17.224803877704232,0.012558869701726845,8.0,0.13216547398915374,84.18940693109093,0.08492853227697701,54.09947506043436,0.4061886263329701,258.74215497410194
08,108,693,15.866383550924748,0.2107566255541079,52.36903773215617,0.7196585761719453,0.5421257688955742,41397.0,79079.0,31.283132106754245,59.758890834360436,-0.3287289474341622,-0.03990066521587849,0.07971865691666989,-0.19258633916073825,0.012775372775372775,8.853333333333333,0.1040977436093993,72.13973632131372,0.058548935833531136,40.574412532637076,0.19474435434026827,134.9578375578059,0.17639394450064153,122.24100353894457,0.13689693357505917,94.869574967516,0.030303030303030304,21.0,0.048427798446260176,33.5604643232583,0.10005964943707284,69.34133705989147,0.10562076320911337,73.19518890391556,0.5174380086354079,358.58453998433765,0.27065002066848237,187.5604643232583,0.4142731159366869,287.09126934412404,0.520178875984168,360.48396105702847,0.6248016775735377,432.9875625584616,0.11362887174142479,78.74480811680738,0.08496584287723528,58.88132911392405,0.020202020202020204,14.0,0.023088023088023088,16.0,0.16742971233090295,116.02879064531575,0.06295761851317407,43.629629629629626,0.4345553725757094,301.14687319496664
08,109,676,14.018963411087197,0.17946331488301123,56.2302445516553,1.747112332812757,1.0105502991830355,53101.0,109311.0,44.16985526534686,90.92580269505906,-0.37711274853166393,0.046756063698138756,-0.1439509467258796,-0.4297453006611218,0.0029585798816568047,2.0,0.1640098398898091,110.87065176551096,0.014792899408284023,10.0,0.16358962555113424,110.58658687256674,0.14041859246322658,94.92296850514117,0.12157908183644991,82.18745932144014,0.07963994276211471,53.83660130718954,0.05622174120771924,38.005897056418206,0.06980910767013107,47.1909567850086,0.09546178530819253,64.53216686833815,0.4650225512539521,314.3552446476716,0.4084871567685798,276.13731797555994,0.38555048350867344,260.63212685186323,0.6236450780618047,421.58407276978,0.4040398349878547,273.13092845178977,0.07711489469181022,52.12966881166371,0.052943855281293306,35.79004617015428,0.015611074585433558,10.553086419753086,0.0029585798816568047,2.0,0.11244239973001761,76.01106221749191,0.28950602772119033,195.70607473952467,0.28805670046483217,194.72632951422653
08,110,1731,9.019481181203139,0.10945145595014587,57.013725782753,2.5798998409399534,1.27533482263016,270055.0,810320.0,88.94767022681319,266.89406283235365,-0.22010087790714986,-0.002188667484175473,-0.08637283584880984,-0.29429717796029065,0.029850147387054427,51.67060512699121,0.09586735677898536,165.94639458442367,0.06464188422885321,111.8951016001449,0.19096503138692153,330.5604693307612,0.14539913871962487,251.68590912367065,0.13194749926913285,228.40112123486895,0.0321427742482687,55.639142223753126,0.09118535378199151,157.84184739662732,0.07722446746931005,133.6755531893757,0.0987084418878492,170.86431290786697,0.4186657748417319,724.710456251038,0.23937033757275053,414.35005433843116,0.3911319562510859,677.0494162706296,0.5184574030945619,897.4497647566867,0.5506020202461224,953.0920970460379,0.11998213665902761,207.6890785567768,0.09558230513886452,165.4529701953745,0.01857385230018472,32.15133833161975,0.005199306759098787,9.0,0.1655120597877857,286.501375492657,0.3939947485773914,682.0049097874645,0.2577841097849047,446.22429403767
08,111,681,11.542417431716887,0.08601870111907825,40.20873113997953,1.0406445319413136,0.7132657049854282,109118.0,228423.0,64.42725880370463,134.86929505414895,-0.2999496479239899,0.08223895238163015,0.32508930477490267,0.1325820794003656,0.021719535116533177,14.791003414359094,0.1459390789853898,99.38451278905045,0.013519250208074027,9.206609391698413,0.21387178364205994,145.6466846602428,0.16946751226122034,115.40737584989105,0.16906598682617832,115.13393702862744,0.05347756085144083,36.418218939831206,0.041675561678485434,28.38105750304858,0.11709042972569811,79.73858264320042,0.14419744689555788,98.19846133587492,0.43255009660214044,294.56661578605764,0.2868430253493137,195.34010026288263,0.46713320075169934,318.11770971190725,0.5784471479670218,393.92250776554187,0.7528952382731112,512.7216572639887,0.15672941827363773,106.7327338443473,0.1033228576856257,70.3628660839111,0.021862621580815825,14.888445296535577,0.00881057268722467,6.0,0.2725001799520904,185.57262254737356,0.24882512834546958,169.4499124032648,0.45334953865940963,308.73103582705795
08,112,1281,8.493613423687474,0.11738431870596311,47.368496954327675,0.5923773345646409,0.46522807853647363,93385.0,185638.0,34.53167125745425,68.64475439193974,-0.41881711415870454,-0.2125177954611341,0.23797508716483698,-0.01668567370859564,0.025543167412539834,32.720797455463526,0.09148879970518928,117.19715242234746,0.005910560945689751,7.571428571428571,0.20887056195417325,267.5631898632959,0.10575506639278294,135.47224004915495,0.11249605891629393,144.10745147177252,0.03271817135134696,41.911977501075455,0.03607315698003387,46.209714091423386,0.12554926648607534,160.8286103686625,0.1058703820713472,135.61995943339576,0.4784123695928351,612.8462454484218,0.24275492999648915,310.9690653255026,0.5407586266255114,692.7118007072802,0.5164177298045912,661.5311118796814,0.7634450469943704,977.9731051997885,0.08351551988144337,106.98338096812896,0.08347605835516686,106.93283075296874,0.025824221479060935,33.080827714677056,0.00312256049960968,4.0,0.16872246662984478,216.13347975283116,0.1276110396223213,163.46974175619357,0.33053176896032055,423.4111960381706
08,113,533,8.3946167661764,0.13202635794378914,33.46268471182225,0.7708469544859496,0.5714579374978496,95328.0,216712.0,59.848608033932294,136.0556346954676,-0.22791193020605585,0.07060275179247498,0.7373823607181937,0.1794497190523004,0.0055624859884089,2.9648050318219434,0.21117256486168598,112.55497707127863,0.024288940082113266,12.946005063766371,0.17110946898157756,91.20134696718084,0.15014082054528988,80.0250573506395,0.14359870616443143,76.53811038564196,0.05419799042028503,28.887528894011922,0.07644538097223322,40.745388058200305,0.1750443332170509,93.29862960468813,0.15920025804986487,84.85373754057798,0.3091604999052835,164.7825464495161,0.1889805096494761,100.72661164317076,0.4584795920971785,244.36962258779613,0.5847291744292623,311.6606499707968,0.7446544226054617,396.9008072487111,0.11577618114823444,61.70870455200896,0.09849853224716099,52.499717687736805,0.03402843397764996,18.137155310087426,0.008351185588653153,4.45118191875213,0.18059590791732147,96.25761891993234,0.13082520822846974,69.72983598577437,0.419953501410397,223.8352162517416
08,114,474,7.80799340749897,0.20011330861145446,93.71367112432681,0.116518022653059,0.11021493426636825,14906.0,30673.0,29.4703793624307,60.64302604211975,-0.5024166321205418,-0.424486086038931,-0.08295468643011798,-0.21112020503095358,0.015036722423281617,7.127406428635487,0.030168209158868465,14.299731141303653,0.050649444324437236,24.00783660978325,0.06354067574713844,30.118280304143617,0.05895133378847208,27.942932215735766,0.05312911296395045,25.183199544912515,0.02823129825483079,13.381635372789795,0.03711380401610275,17.591943103632705,0.07860979176301786,37.261041295670466,0.09729631215596758,46.118451961928635,0.40384536773959445,191.42270430856777,0.067043369078484,31.778556943201416,0.29624955470030706,140.42228892794554,0.4578510129292667,217.02138012847243,0.6524981425094373,309.28411954947325,0.07537918123386919,35.729731904854,0.05855965452157786,27.757276243227906,0.030111269456323867,14.272741722297512,0.16969169099367132,80.4338615310002,0.0896765724389401,42.50669533605761,0.029578149105995467,14.020042676241852,0.22345363086583456,105.91702103040558
08,115,1145,14.77475504248507,0.25134799105848704,71.39334239935253,0.3099132657950805,0.2699609257043942,55448.0,108017.0,34.573083400517895,67.35104511747478,-0.6314105593669143,-0.5392569874521298,-0.4527445374775172,-0.4646913133228625,0.0022901239889298783,2.622191967324711,0.057920531379927566,66.31900843001706,0.010851522774694353,12.424993577025033,0.049787097905971654,57.00622710233755,0.04812172682158936,55.09937721071982,0.048147752055031474,55.12917610301104,0.011449799023649525,13.110019882078706,0.019896177128675526,22.78112281233348,0.037896889427282726,43.39193839423872,0.06470864858709245,74.09140263222086,0.2511685312092954,287.5879682346432,0.2160982886838363,247.43254054299254,0.24512930626127533,280.67305566916025,0.2793198142983648,319.8211873716277,0.7825140382623754,895.9785738104199,0.05615155040262277,64.29352521100307,0.0536292395807961,61.40547932001154,0.014624819067974377,16.74541783283066,0.009946550198451271,11.388799977226705,0.08649105751171099,99.03226085090908,0.018746139934363765,21.464330224846513,0.2104697177520824,240.98782682613435
08,116,508,10.077772880440191,0.17981601808539377,29.213921238578248,0.3048911303161373,0.2661196122494886,52282.0,97412.0,30.066185633766693,56.019419206543,-0.34530266266585247,-0.08510285301356357,0.35994572028419763,0.2928918607364088,0.01579124852643814,8.021954251430575,0.15209347160649053,77.26348357609719,0.005905511811023622,3.0,0.1921046133925897,97.58914360343556,0.15517993321754994,78.83140607451537,0.1135935263733411,57.705511397657276,0.03978898547913603,20.2128046234011,0.05198443440122792,26.408092675823784,0.14058550463866262,71.41743635644062,0.1138892095611136,57.85571845704571,0.49903699475909247,253.51079333761896,0.1949815001966286,99.05060209988733,0.5745101941928428,291.85117864996414,0.6317289451558437,320.9183041391686,0.7992420673944509,406.0149702363811,0.1431644052200239,72.72751785177215,0.06789816443054777,34.49226753071827,0.027197785763688562,13.81647516795379,0.004228433577640103,2.148044257441172,0.2039940293619549,103.6289669158731,0.31501366529539593,160.02694197006113,0.5163411339026989,262.301296022571
08,117,447,15.547615762656225,0.17584791120541599,46.43880829914488,0.6570415743847983,0.505033828283444,32598.0,74155.0,33.86604637439653,77.03959349939795,-0.4232440253880028,0.13991954286594122,0.5393713380518603,0.155147301151297,0.005335602370889037,2.3850142597873996,0.12207120547310801,54.565828846479285,0.026845637583892617,12.0,0.1531478169255004,68.45707416569867,0.17886427971968755,79.95233303470033,0.18031561536563606,80.60108006843932,0.03803131991051454,17.0,0.0750860126935322,33.56344767400889,0.17257501545889956,77.1410319101281,0.10892469042789726,48.68933662127008,0.5614049169607636,250.94799788146133,0.3384145892389452,151.2713213898085,0.5073746969223871,226.79648952430705,0.5464191305175502,244.24935134134495,0.8831962088143005,394.7887053399923,0.11680844128544864,52.21337325459554,0.05824081591114736,26.03364471228287,0.017897091722595078,8.0,0.008948545861297539,4.0,0.22085481432100493,98.7221020014892,0.2879027490015127,128.69252880367617,0.47028630092714085,210.21797651443197
08,118,859,10.412689953445232,0.1935597102689518,47.51040499993086,0.5772136680511989,0.45565978900660986,78539.0,166330.0,43.4391117379461,91.99540935551224,-0.2152778123157547,-0.04430161473883018,0.3232708504979197,0.2551616714369118,0.023207550190606656,19.935285613731118,0.18293777172145465,157.14354590872955,0.010466638831298409,8.990842756085334,0.20030361109864056,172.06080193373225,0.15316554254805304,131.56920104877756,0.15248054660251517,130.98078953156053,0.02677532013969732,23.0,0.05075167576203856,43.59568947959112,0.11853919983574548,101.82517265890537,0.14123710165087502,121.32267031810164,0.537163541581693,461.4234822186743,0.27978332491451924,240.33387610157203,0.459223635774163,394.473103130006,0.6319252723492966,542.8238089480458,0.7611621187527934,653.8382600086495,0.1272519441801585,109.30942005075616,0.06587675185793071,56.58812984596248,0.030996245733636574,26.625775085193816,0.006559626813689458,5.634719432959244,0.15574850408345592,133.78796500768863,0.3158029332326448,271.2747196468419,0.4778903639000099,410.5078225901085
08,119,747,12.726408793516509,0.11625890100980565,54.37733942670124,1.224560572296334,0.7995594005162266,107366.0,254368.0,78.15632429567879,185.16539592089882,-0.36188108604178937,0.07850392807548863,0.6782222971445327,-0.03126851711783471,0.025435073627844713,19.0,0.0929251899829137,69.41511691723653,0.025757036585159203,19.240506329113924,0.19939832018356962,148.95054517712651,0.13949317202642667,104.20139950374072,0.1484100557218359,110.86231162421142,0.06191146172045621,46.24786190518079,0.0704348629183509,52.614842600008124,0.17065939315908937,127.48256668983977,0.1503725461090536,112.32829194346304,0.6631890421946448,495.40221451939965,0.33232440124607426,248.24632773081746,0.45049424153830037,336.51919842911036,0.6413495620422016,479.0881228455246,0.5816346620261014,434.48109253349776,0.1031206065747342,77.03109311132644,0.09132486426497102,68.21967360593335,0.027321972219817487,20.409513248203663,0.0,0.0,0.17152168538328438,128.12669898131344,0.5201478020267154,388.5504081139564,0.4148943587184051,309.9260859626486
08,120,935,18.445042217738923,0.17896958828364343,74.36635491124157,0.4756267287748982,0.38908280041131116,50850.0,100833.0,40.444162002530845,80.1987450777029,-0.45822597620134475,0.00586297021151954,0.33592654562216095,-0.38180898834364496,0.018034840955103125,16.862576293021423,0.055223644256116054,51.63410737946851,0.03908604153659724,36.54544883671842,0.15406717138143508,144.0528052416418,0.16655924638027564,155.7328953655577,0.12593204127453156,117.74645859168702,0.04786015781524782,44.749247557256716,0.06255513776672592,58.48905381188873,0.13044578409074234,121.96680812484409,0.12450009109393134,116.4075851728258,0.504185003753368,471.4129785093991,0.25416632787994414,237.64551656774776,0.2537679339128228,237.27301820848933,0.5839680615680471,546.0101375661241,0.5029486739651053,470.2570101573735,0.07230226030792812,67.6026133879128,0.0619719701758231,57.9437921143946,0.013928679354695122,13.023315196639938,0.0027326825578444934,2.5550581915846013,0.16071682621453665,150.27023251059177,0.29915688125515544,279.71168397357036,0.2660968956862117,248.80059746660794
08,121,737,23.6455843511298,0.2256855508080572,79.61224408228254,0.6997240304281085,0.5304659028421221,45329.0,85688.0,48.96531088203237,92.56192633544948,-0.48642812255092877,-0.08771080012074631,0.1883776626081168,-0.5548389663375416,0.013516864167613125,9.961928891530873,0.06579749642270746,48.4927548635354,0.030765282121885777,22.674012923829817,0.1331374777973798,98.12232113666892,0.1324608341433815,97.62363476367216,0.10764143191632479,79.33173532233137,0.026174710171098865,19.290761396099864,0.09432031696799892,69.5140736054152,0.11270732882400755,83.06530134329357,0.11403380466413884,84.04291403747033,0.3887774372371087,286.52897124374914,0.3683013833278781,271.43811951264615,0.269563331905727,198.6681756145208,0.5748397375817522,423.6568865977514,0.4400887598872816,324.3454160369265,0.06288212965353579,46.34412955465587,0.032564450474898234,24.0,0.0067842605156037995,5.0,0.004070556309362279,3.0,0.10010621230337899,73.77827846759031,0.13173620651031875,97.08958419810493,0.22382670930199308,164.9602847555689
08,122,1385,20.655790115192872,0.2344569550318204,78.38849109795392,0.8847799117079039,0.6338110563686218,92022.0,226634.0,52.08278503838206,128.27073856674144,-0.4832794597027121,0.21442478711899418,0.657512548037496,-0.39606466346812386,0.011457337787072171,15.868412835094958,0.07627419297895545,105.6397572758533,0.02815884476534296,39.0,0.1484171024795625,205.55768693419404,0.19740689094784614,273.4085439627669,0.17662148813248507,244.62076106349184,0.042706204125975894,59.14809271447661,0.09556405366388802,132.3562143244849,0.1748334702179951,242.14435625192323,0.13758781550461197,190.55912447388758,0.6088930089008739,843.3168173277104,0.2843758479774278,393.8605494487375,0.22800955389743124,315.79323214794226,0.5543265386265398,767.7422559977576,0.5303109753980662,734.4807009263216,0.06674872300400843,92.44698136055167,0.057914685257986286,80.211839082311,0.013974925341842179,19.355271598451417,0.004428553796784844,6.1335470085470085,0.13443188650010218,186.18816280264153,0.32342580078005856,447.9447340803811,0.2749113035083255,380.7521553590308
08,123,732,23.889634836637445,0.24215570123476293,88.04013282994904,1.150130083984129,0.7655283444879322,48849.0,105651.0,58.752355855330336,127.07005565050473,-0.2574313546361289,0.2659387927794057,0.35408858631625073,0.11362000203421899,0.042473952751960496,31.090933414435085,0.09268637527530744,67.84642670152505,0.023837138909527118,17.44878568177385,0.1478923086728167,108.25716994850181,0.15532344834964135,113.69676419193748,0.1479951873142386,108.33247711402265,0.06967213114754098,51.0,0.13987377240978607,102.3876014039634,0.12859856696011132,94.13415101480149,0.13263280771830843,97.08721524980177,0.6473204655061336,473.8385807504898,0.49350973322180025,361.2491247183578,0.34973642486206236,256.00706299902964,0.5431772452848558,397.60574354851445,0.672968150470203,492.61268614418856,0.07860113433503631,57.53603033324658,0.0651848016649652,47.71527481875452,0.049197383916043946,36.01248502654417,0.004098360655737705,3.0,0.14000963817491388,102.48705514403696,0.09765894967540112,71.48635116239362,0.3242731610007263,237.36795385253163
08,124,508,29.529795181380305,0.36854454271725706,53.10363571742175,0.6197384756573894,0.4822647014329069,27315.0,56062.0,28.553657669712113,58.60425247224603,-0.13971545485412187,0.5746715830002425,1.0272758298174793,0.6432230099540159,0.02760348851334897,14.022572164781277,0.1739612657553259,88.37232300370555,0.03504073088560957,17.800691289889663,0.25189507409180506,127.96269763863697,0.23992022153744114,121.87947254102009,0.27331519947948085,138.84412133557626,0.07211074293385346,36.63225741039756,0.09036707872580738,45.90647599271015,0.24452213219060942,124.21724315282958,0.12096502865118297,61.45023455480095,0.4938313398111928,250.86632062408594,0.5539115799432364,281.3870826111641,0.3716932201770532,188.82015584994303,0.6528788880489448,331.66247512886395,0.8876722193556874,450.9374874326892,0.13689048778620555,69.54036779539241,0.10030049933967677,50.952653664555804,0.050869911456670136,25.84191501998843,0.00984251968503937,5.0,0.22238918654851877,112.97370676664754,0.10374486568332196,52.70239176712756,0.43638710737315933,221.68465054556495
08,125,653,23.445972698008298,0.2674424609664148,63.103188692063206,0.7114278053916768,0.5373279960310332,30351.0,78668.0,29.329936906474888,76.02146474773703,-0.3710461402786163,-0.023101990613799486,0.3001979867062045,-0.006892297930700647,0.019229039616433297,12.556562869530943,0.08723148899102426,56.96216231113884,0.04174709909048922,27.260855706089462,0.049874283800164884,32.56790732150767,0.13655936148128506,89.17326304727915,0.14823402863787594,96.79682070053299,0.05805619281101875,37.910693905595245,0.02874821925256429,18.77258717192448,0.14791941499513725,96.59137799182463,0.08500030298836048,55.50519785139939,0.0881132004256283,57.53791987793528,0.4389060664856999,286.60566141516205,0.2725175799551597,177.95397971071927,0.5954949393080713,388.8581953681706,0.8704851866192304,568.4268268623574,0.07022027521125732,45.85383971295103,0.06363317251335504,41.55246165122084,0.0026498270729734845,1.7303370786516854,0.0015313935681470138,1.0,0.1514114809362884,98.87169705139632,0.07493636063369763,48.93344349380455,0.303563200648728,198.2267700236194
08,126,1461,21.06525606279376,0.22273292216776494,114.01654293413496,1.0489910179713633,0.7173474856314217,60761.0,128156.0,47.417927208904686,100.01303269176591,-0.5836299332400574,0.027424949785608027,0.29141336907973686,-0.5388062009437776,0.012320328542094456,18.0,0.050324396144717856,73.52394276743279,0.010853300587374989,15.85667215815486,0.1519710905698877,222.02976332260593,0.15475848632490635,226.10214852068816,0.11616616448202023,169.71876630823155,0.0268583165985631,39.24000055050069,0.12486347153654594,182.4255319148936,0.12458552045507207,182.0194453848603,0.12220664618148432,178.5439100711486,0.6111829963234074,892.9383576284984,0.23282733953864107,340.1607430659546,0.2694778980611257,393.7072090673047,0.4950778054630098,723.3086737814573,0.4793126829335949,700.2758297659822,0.05353113553270578,78.20898901328314,0.04463312047452645,65.20898901328314,0.016578608551656857,24.221347093970667,0.0054757015742642025,8.0,0.09869341932576604,144.1910856349442,0.20963596430355022,306.2781438474869,0.25043815734769453,365.89014788498173
08,127,701,34.03250451451591,0.23150942681433026,99.11587508289114,1.798931928232565,1.0292378902063417,78506.0,193315.0,111.00129656572683,273.3321739179615,-0.4790253182947651,0.09909365560516849,0.24477978223184804,-0.7400227027067233,0.009985734664764621,7.0,0.035511902502267025,24.893843654089185,0.06671237408289565,46.76537423210985,0.18229802665769687,127.79091668704551,0.1219363122674837,85.47735489950608,0.12231855978986576,85.7453104126959,0.06047757269052937,42.39477845606109,0.12384898290058068,86.81813701330705,0.12263188950697,85.96495454438598,0.11269614835948645,79.0,0.3140968088255249,220.18186298669295,0.41705313527279414,292.3542478262287,0.17502867635812697,122.69510212704701,0.4338702631472362,304.14305446621256,0.3875736983476413,271.6891625416966,0.0668956400200987,46.89384365408919,0.025677603423680456,18.0,0.014265335235378032,10.0,0.017118402282453638,12.0,0.09202910179047091,64.5124003551201,0.10073973851787578,70.61855670103093,0.27158898272175086,190.38387688794737
08,128,1086,29.553479943433455,0.2638643080336351,93.98195304190851,0.8005516404972955,0.5880930848936599,40390.0,80401.0,34.9533248928424,69.57866488510577,-0.40164927172127074,-0.3741231913112988,-0.07048386901494666,-0.48237341653037313,0.003683241252302026,4.0,0.0383421383379476,41.63956223501109,0.10749308941300237,116.73749510252057,0.08691752835932734,94.39243579822949,0.0805937195307414,87.52477941038516,0.0633047758963168,68.74898662340006,0.020173203309205034,21.90809879379667,0.04806978880466917,52.20379064187072,0.09998023514481082,108.57853536726455,0.06443806100005865,69.9797342460637,0.6403312881990164,695.3997789841318,0.4758577586880059,516.7815259351744,0.25338104521988114,275.1718151087909,0.4946479143058087,537.1876349361082,0.5437520213280941,590.5146951623102,0.054040895194450184,58.6884121811729,0.0335954157820462,36.484621539302175,0.013812154696132596,15.0,0.015101289134438305,16.4,0.10884071686688418,118.20101851743622,0.01489158820451359,16.17226479010176,0.2536602673016193,275.4750502895585
08,129,1067,26.185705993596343,0.22618289737300354,112.39979352990129,0.789077101865183,0.5816999013425533,49174.0,97995.0,51.800819559881596,103.22978225831937,-0.5618631502113854,-0.37666702032216826,0.04802931780960451,-0.5837623777916063,0.008434864104967198,9.0,0.013120899718837863,14.0,0.05856752714085604,62.4915514592934,0.0971001133856429,103.60582098248096,0.09011954586263968,96.15755543543654,0.062003332179415685,66.15755543543654,0.01499531396438613,16.0,0.04967197750702906,53.0,0.10518792678642849,112.23551788111921,0.08819547055533007,94.10456708253719,0.4604366972037781,491.28595591643125,0.24461105904404873,261.0,0.18083545702656756,192.9514326473476,0.552797797491847,589.8352499238007,0.4930203157579113,526.0526769136914,0.044196396846707155,47.157555435436535,0.026389461513998628,28.157555435436535,0.0028116213683223993,3.0,0.01499531396438613,16.0,0.06450026479637828,68.82178253773563,0.048481393343382036,51.72964669738863,0.2087215510226372,222.7058949411539
08,130,1881,26.512703732581098,0.3461870897066316,75.94032164622145,0.7759465362404735,0.5743335406486579,92629.0,212511.0,37.396470248632895,85.7956070885708,0.055771453369606615,0.47222936093226464,0.9430872485498976,0.5828370413853395,0.04926412553961295,92.66582014001196,0.17806528436225055,334.9407998853933,0.051852428234263996,97.53441750865058,0.10558354675070189,198.60265143807027,0.197414847492158,371.33732813274924,0.17968725864316723,337.99173350779756,0.11099299422925732,208.77782214523302,0.11255382213794829,211.71373944148073,0.19979903797192572,375.82199042519227,0.17374988853557755,326.82354033542134,0.39814469283234055,748.9101672176325,0.22293687743571475,419.3442664565794,0.27877966892767264,524.3845572529523,0.5580243681575096,1049.6438365042754,0.7132960090229584,1341.7097929721847,0.15286773772709272,287.5442146646614,0.12284874695960946,231.07849303102537,0.07971547254092747,149.94480384948457,0.03276980329611909,61.64,0.1836556885416145,345.45635014677686,0.16081377053527146,302.4907023768456,0.3963681982102309,745.5685808334443
08,131,906,33.750526741069294,0.24749662234077216,86.40206907206466,0.3953277862220365,0.3331293598738614,24321.0,44818.0,23.19409185321948,42.74136789924718,-0.3516609718494879,0.17398971606219626,0.6665432958901982,-0.16537217331098794,0.018713316867540703,16.954265081991878,0.08138573816812225,73.73547878031876,0.05484531945869311,49.689859429575954,0.15312566754452425,138.73185479533896,0.19348723789210504,175.29943753024716,0.1286385706106822,116.54654497327807,0.04003061056463666,36.26773317156081,0.13558628364535458,122.84117298269125,0.14593255907720232,132.2148985239453,0.18914802727713703,171.36811271308616,0.42306723975225596,383.2989192155439,0.4081574611148086,369.7906597700166,0.18295356386342138,165.75592886025976,0.5998324560532898,543.4482051842806,0.7502188131323357,679.6982446978961,0.045612348073572485,41.32478735465667,0.039176574431206916,35.49397643467346,0.005518763796909493,5.0,0.017084173145215473,15.478260869565217,0.07863364138035209,71.24207909059899,0.13941219761149848,126.30745103601762,0.3508955031193309,317.9113258261138
09,132,1241,7.949876705146887,0.2510889218029555,43.368817016791525,1.968439589129928,1.0880364238831222,115774.0,247479.0,40.45915730299776,86.48566854551612,-0.4849795160525813,-0.40832057931315835,-0.5202733793733356,-0.4680245845405664,0.004834810636583401,6.0,0.029814665592264304,37.0,0.08138597904915391,101.0,0.09508460918614021,118.0,0.10878323932312652,135.0,0.06688154713940371,83.0,0.0136986301369863,17.0,0.017727639000805803,22.0,0.037066881547139406,46.0,0.04754230459307011,59.0,0.11361804995970991,141.0,0.2610797743755036,324.0,0.7308622078968574,907.0,0.49073327961321517,609.0,0.5197421434327155,645.0,0.0821917808219178,102.0,0.05640612409347301,70.0,0.014504431909750202,18.0,0.016116035455278,20.0,0.04915390813859791,61.0,0.09508460918614021,118.0,0.31103948428686545,386.0
09,133,804,8.087956065784477,0.1571181316273771,24.11501060430597,1.853228143991387,1.0484510353824152,114878.0,233368.0,34.45627099753061,69.99591784459795,-0.09802659636006682,-0.2198874897080938,-0.357414871706896,-0.005464262622085075,0.009950248756218905,8.0,0.06343283582089553,51.0,0.1828358208955224,147.0,0.1318407960199005,106.0,0.1517412935323383,122.0,0.08084577114427861,65.0,0.018656716417910446,15.0,0.05721393034825871,46.0,0.033582089552238806,27.0,0.09825870646766169,79.0,0.17164179104477612,138.0,0.31592039800995025,254.0,0.7947761194029851,639.0,0.46766169154228854,376.0,0.7736318407960199,622.0,0.1828358208955224,147.0,0.12437810945273632,100.0,0.01616915422885572,13.0,0.014925373134328358,12.0,0.12935323383084577,104.0,0.2263681592039801,182.0,0.47512437810945274,382.0
09,134,2186,11.66926933508671,0.18396811046272704,61.767133386209316,1.213058166289397,0.7943753446319455,110409.0,232944.0,31.19692328471173,65.82014235826689,-0.12351462767059442,-0.4979631651390438,-0.5693997534389044,-0.23354603300242494,0.012351326623970723,27.0,0.02058554437328454,45.0,0.2031107044830741,444.0,0.08096980786825252,177.0,0.08691674290942361,190.0,0.04025617566331199,88.0,0.013723696248856358,30.0,0.018298261665141813,40.0,0.028819762122598354,63.0,0.04803293687099726,105.0,0.12031107044830741,263.0,0.17200365965233302,376.0,0.5695333943275389,1245.0,0.5544373284537969,1212.0,0.6043000914913084,1321.0,0.08234217749313816,180.0,0.042086001829826164,92.0,0.018755718206770355,41.0,0.020128087831655993,44.0,0.03751143641354071,82.0,0.11253430924062215,246.0,0.2817932296431839,616.0
09,135,1365,6.2997337080449025,0.3412677253523115,32.12057947878536,2.0458807775182875,1.113790113036661,162467.0,333777.0,38.23101967897305,78.54293521385011,0.003755032987306728,-0.24592155052630485,-0.36902734600591053,0.21937438032026274,0.015384615384615385,21.0,0.02490842490842491,34.0,0.23882783882783884,326.0,0.10695970695970695,146.0,0.14285714285714285,195.0,0.09523809523809523,130.0,0.026373626373626374,36.0,0.02271062271062271,31.0,0.03736263736263736,51.0,0.08864468864468865,121.0,0.1706959706959707,233.0,0.1934065934065934,264.0,0.6608058608058608,902.0,0.6256410256410256,854.0,0.6505494505494506,888.0,0.19267399267399268,263.0,0.04542124542124542,62.0,0.03223443223443224,44.0,0.01098901098901099,15.0,0.06373626373626373,87.0,0.1978021978021978,270.0,0.29816849816849816,407.0
09,136,1108,2.6793458883880823,0.4482383367301869,52.62340497177191,1.832393803934015,1.0411222212256606,86390.0,163398.0,41.03010790172721,77.60432423806486,-0.08118492615155416,-0.3551155322008246,-0.26040679202814676,0.057476944249841455,0.02256317689530686,25.0,0.024368231046931407,27.0,0.19133574007220217,212.0,0.11913357400722022,132.0,0.10830324909747292,120.0,0.04783393501805054,53.0,0.02256317689530686,25.0,0.05144404332129964,57.0,0.03700361010830325,41.0,0.11913357400722022,132.0,0.1092057761732852,121.0,0.19223826714801445,213.0,0.7166064981949458,794.0,0.6768953068592057,750.0,0.7256317689530686,804.0,0.1092057761732852,121.0,0.04151624548736462,46.0,0.010830324909747292,12.0,0.00631768953068592,7.0,0.03700361010830325,41.0,0.03700361010830325,41.0,0.26173285198555957,290.0
09,137,830,5.8314529010572675,0.3875887847759237,52.654984872793804,1.8750138219871348,1.0560574818854562,61124.0,128232.0,38.776907173068054,81.3500484362421,-0.25684912988842096,-0.41410473378183965,-0.2559311746751457,-0.21637960162258504,0.008433734939759036,7.0,0.007228915662650603,6.0,0.1746987951807229,145.0,0.08072289156626505,67.0,0.12048192771084337,100.0,0.056626506024096385,47.0,0.014457831325301205,12.0,0.016867469879518072,14.0,0.027710843373493974,23.0,0.13614457831325302,113.0,0.09759036144578313,81.0,0.2397590361445783,199.0,0.6445783132530121,535.0,0.5253012048192771,436.0,0.5855421686746988,486.0,0.13132530120481928,109.0,0.03493975903614458,29.0,0.01927710843373494,16.0,0.02289156626506024,19.0,0.046987951807228916,39.0,0.3265060240963855,271.0,0.21084337349397592,175.0
09,138,590,8.477860830198512,0.3066165095184588,31.444110757883013,3.3238286056435427,1.4641412610735842,154486.0,322445.0,82.3334727888528,171.8473948021286,-0.1655110399625146,-0.265224802181661,-0.2333427172772485,-0.1015424451698447,0.006779661016949152,4.0,0.0711864406779661,42.0,0.15932203389830507,94.0,0.14745762711864407,87.0,0.15593220338983052,92.0,0.07966101694915254,47.0,0.023728813559322035,14.0,0.025423728813559324,15.0,0.04067796610169491,24.0,0.12033898305084746,71.0,0.1694915254237288,100.0,0.3169491525423729,187.0,0.8423728813559322,497.0,0.4966101694915254,293.0,0.7305084745762712,431.0,0.1864406779661017,110.0,0.14576271186440679,86.0,0.006779661016949152,4.0,0.022033898305084745,13.0,0.11016949152542373,65.0,0.2830508474576271,167.0,0.4661016949152542,275.0
09,139,283,23.275368950920946,0.18168401784692828,25.174621135295354,2.3142190497803874,1.1982220151242555,33116.0,65114.0,29.458754541216994,57.92297811320218,0.06209514663023371,-0.23423218079247873,-0.4250656171336433,0.34710444774363364,0.01060070671378092,3.0,0.045936395759717315,13.0,0.25411063994845107,71.91331110541165,0.1445700039060482,40.913311105411644,0.16223784842901642,45.913311105411644,0.09187279151943463,26.0,0.024734982332155476,7.0,0.02120141342756184,6.0,0.038869257950530034,11.0,0.0706713780918728,20.0,0.19434628975265017,55.0,0.35335689045936397,100.0,0.8445229681978799,239.0,0.5126738123483687,145.08668889458835,0.6855123674911661,194.0,0.264711346662232,74.91331110541165,0.16577141733361006,46.913311105411644,0.045936395759717315,13.0,0.01060070671378092,3.0,0.1693049862382037,47.913311105411644,0.15901060070671377,45.0,0.3212484491357302,90.91331110541165
09,140,409,5.221809286352731,0.36307612037959686,28.72644905269442,7.283250791562505,2.1142354990235717,174494.0,414552.0,122.5572860880406,291.16398307316814,-0.23343327758590018,-0.37306254064581185,-0.5665592194031415,0.207818507994524,0.0024449877750611247,1.0,0.039119804400977995,16.0,0.17114914425427874,70.0,0.09290953545232274,38.0,0.1198044009779951,49.0,0.07823960880195599,32.0,0.012224938875305624,5.0,0.017114914425427872,7.0,0.02444987775061125,10.0,0.05623471882640587,23.0,0.07579462102689487,31.0,0.3105134474327628,127.0,0.8850855745721271,362.0,0.5843520782396088,239.0,0.7750611246943765,317.0,0.18092909535452323,74.0,0.1271393643031785,52.0,0.022004889975550123,9.0,0.004889975550122249,2.0,0.08801955990220049,36.0,0.3594132029339853,147.0,0.5183374083129584,212.0
09,141,98,12.42520804199812,0.3055638339331973,37.401582315921246,13.683498032459692,2.6867242803907647,59817.0,608571.0,228.29086218280213,2322.603913426786,-0.25961452347820285,-0.3540962759760396,-0.6734550890431376,-0.1467794969451852,0.04081632653061224,4.0,0.05102040816326531,5.0,0.061224489795918366,6.0,0.1326530612244898,13.0,0.05102040816326531,5.0,0.061224489795918366,6.0,0.0,0.0,0.11224489795918367,11.0,0.01020408163265306,1.0,0.05102040816326531,5.0,0.23469387755102042,23.0,0.061224489795918366,6.0,0.8673469387755102,85.0,0.5306122448979592,52.0,0.6122448979591837,60.0,0.14285714285714285,14.0,0.10204081632653061,10.0,0.02040816326530612,2.0,0.0,0.0,0.061224489795918366,6.0,0.07142857142857142,7.0,0.22448979591836735,22.0
09,142,1170,3.6597862684819207,0.34969582080203987,35.66385989041136,2.1607398859913194,1.1508061413285562,100659.0,199007.0,30.682807459050572,60.6611774804367,-0.3493782081912524,-0.41404314935348174,-0.5783859783042797,-0.14705751967415986,0.015384615384615385,18.0,0.040170940170940174,47.0,0.09743589743589744,114.0,0.10683760683760683,125.0,0.0857197101946698,100.29206092776367,0.046153846153846156,54.0,0.007692307692307693,9.0,0.06324786324786325,74.0,0.019658119658119658,23.0,0.061118212249068465,71.5083083314101,0.12991452991452992,152.0,0.2585399074090512,302.4916916685899,0.8316239316239317,973.0,0.5811965811965812,680.0,0.6931623931623931,811.0,0.08717948717948718,102.0,0.06068376068376068,71.0,0.011111111111111112,13.0,0.004273504273504274,5.0,0.05042735042735043,59.0,0.18547008547008548,217.0,0.2517165028473591,294.5083083314101
09,143,1144,14.012289550619982,0.3229207866290994,37.76987383739607,2.0123681080601914,1.10272651630155,101784.0,215594.0,33.604622715607704,71.17970437149972,-0.3727411211816362,-0.3465768349596614,-0.5309207293332896,-0.28599259289861056,0.012237762237762238,14.0,0.039335664335664336,45.0,0.09702797202797203,111.0,0.0979020979020979,112.0,0.09178321678321678,105.0,0.059085009837403814,67.59325125398996,0.020104895104895104,23.0,0.05856643356643357,67.0,0.029364730117124097,33.59325125398997,0.057692307692307696,66.0,0.28460948536187936,325.59325125399,0.26259597679757835,300.4097974564296,0.6683963944740595,764.645475278324,0.617857455485913,706.8289290758845,0.5340909090909091,611.0,0.07604895104895106,87.0,0.04108391608391608,47.0,0.014344228545830052,16.40979745642958,0.01048951048951049,12.0,0.08916083916083917,102.0,0.27642978830585185,316.2356778218945,0.2030032148792784,232.23567782189448
09,144,651,5.361712672012715,0.32995680723895293,46.10315066523801,1.6828706850265591,0.9868873723790457,54690.0,139390.0,38.73089569711009,98.71456484220471,-0.34157682963141384,-0.45103864131267457,-0.34601677220295024,-0.2123633275514953,0.013824884792626729,9.0,0.06758832565284179,44.0,0.08141321044546851,53.0,0.10445468509984639,68.0,0.06758832565284179,44.0,0.055299539170506916,36.0,0.021505376344086023,14.0,0.026113671274961597,17.0,0.055299539170506916,36.0,0.06451612903225806,42.0,0.3225806451612903,210.0,0.13517665130568357,88.0,0.6912442396313364,450.0,0.6236559139784946,406.0,0.4915514592933948,320.0,0.09216589861751152,60.0,0.0629800307219662,41.0,0.02457757296466974,16.0,0.004608294930875576,3.0,0.039938556067588324,26.0,0.09984639016897082,65.0,0.2227342549923195,145.0
09,145,626,4.3153654376942,0.5678293344725275,35.331939621891806,2.447147008938469,1.237546934997366,55270.0,115634.0,31.194829119839618,65.26475249581209,-0.12268622048746215,-0.44909001478808785,-0.27820142717928387,-0.27774363884764275,0.012779552715654952,8.0,0.07827476038338659,49.0,0.15495207667731628,97.0,0.12619808306709265,79.0,0.08146964856230032,51.0,0.06389776357827476,40.0,0.011182108626198083,7.0,0.023961661341853034,15.0,0.04313099041533546,27.0,0.10383386581469649,65.0,0.2731629392971246,171.0,0.07827476038338659,49.0,0.7460063897763578,467.0,0.4952076677316294,310.0,0.5654952076677316,354.0,0.10702875399361023,67.0,0.09424920127795527,59.0,0.023961661341853034,15.0,0.003194888178913738,2.0,0.054313099041533544,34.0,0.039936102236421724,25.0,0.19488817891373802,122.0
09,146,891,14.730654518923322,0.13520496216575964,29.959468974296726,2.5668552899314085,1.2716843364288848,155610.0,380399.0,52.32315339046367,127.90743028455107,-0.17070708450148797,-0.25517571237677583,-0.3184661936872518,-0.12036388398164255,0.013468013468013467,12.0,0.04826038159371493,43.0,0.16049382716049382,143.0,0.11896745230078563,106.0,0.10549943883277217,94.0,0.08978675645342311,80.0,0.016835016835016835,15.0,0.06509539842873176,58.0,0.05611672278338945,50.0,0.0707070707070707,63.0,0.28058361391694725,250.0,0.21885521885521886,195.0,0.7261503928170595,647.0,0.5925925925925926,528.0,0.44556677890011226,397.0,0.11560044893378227,103.0,0.07856341189674523,70.0,0.04152637485970819,37.0,0.001122334455667789,1.0,0.05948372615039282,53.0,0.16722783389450055,149.0,0.20650953984287318,184.0
09,147,554,7.45765147855526,0.49123486412143036,35.71126987083994,1.9319816799357772,1.0756785356883007,68335.0,211687.0,44.04927123869761,136.45508276441328,-0.07544580115079492,-0.29577021997506764,-0.38483764749986243,-0.3653517016771133,0.030685920577617327,17.0,0.11552346570397112,64.0,0.09927797833935018,55.0,0.11010830324909747,61.0,0.11913357400722022,66.0,0.09927797833935018,55.0,0.01444043321299639,8.0,0.02888086642599278,16.0,0.048736462093862815,27.0,0.06498194945848375,36.0,0.26353790613718414,146.0,0.16425992779783394,91.0,0.6714801444043321,372.0,0.4855595667870036,269.0,0.5703971119133574,316.0,0.10108303249097472,56.0,0.05415162454873646,30.0,0.016245487364620937,9.0,0.0018050541516245488,1.0,0.05956678700361011,33.0,0.1263537906137184,70.0,0.24368231046931407,135.0
09,148,803,16.492154282648674,0.4887779150863576,39.76277026180541,1.3432359897760038,0.8515328756554985,39670.0,72758.0,19.643699829213208,36.02813995900919,-0.18256672747384098,-0.231904993185337,-0.2848776348891861,-0.17682020467166695,0.021170610211706103,17.0,0.037359900373599,30.0,0.14694894146948942,118.0,0.0647571606475716,52.0,0.1295143212951432,104.0,0.08841843088418432,71.0,0.038605230386052306,31.0,0.0273972602739726,22.0,0.0547945205479452,44.0,0.0821917808219178,66.0,0.28268991282689915,227.0,0.15442092154420922,124.0,0.6537982565379825,525.0,0.6625155666251556,532.0,0.4794520547945205,385.0,0.10336239103362391,83.0,0.0323785803237858,26.0,0.0224159402241594,18.0,0.0012453300124533001,1.0,0.0821917808219178,66.0,0.20423412204234123,164.0,0.2851805728518057,229.0
09,149,1476,13.220893900524159,0.49422476047130315,43.08263868902683,1.0303871650051497,0.7082264965460426,96508.0,189093.0,28.169507415993234,55.1939390082937,-0.28577245205704854,-0.5120366899739306,-0.5115878566142689,0.04261574008560179,0.0047425474254742545,7.0,0.015582655826558265,23.0,0.1659891598915989,245.0,0.08197831978319783,121.0,0.06978319783197832,103.0,0.042682926829268296,63.0,0.012195121951219513,18.0,0.023035230352303523,34.0,0.034552845528455285,51.0,0.05420054200542006,80.0,0.12398373983739837,183.0,0.22764227642276422,336.0,0.6924119241192412,1022.0,0.7276422764227642,1074.0,0.7032520325203252,1038.0,0.056910569105691054,84.0,0.025067750677506776,37.0,0.013550135501355014,20.0,0.006775067750677507,10.0,0.025067750677506776,37.0,0.16531165311653118,244.0,0.24119241192411925,356.0
09,150,1813,6.10880719871231,0.4921826885505291,48.60158522125784,2.0897556666434367,1.1280920154995988,217610.0,436662.0,58.33530590180872,117.05717267448921,-0.18585712830528722,-0.329452209485308,-0.2752511028883619,-0.01639286097225756,0.013789299503585218,25.0,0.023166023166023165,42.0,0.17484831770546055,317.0,0.06729178157749587,122.0,0.10424710424710425,189.0,0.07280750137892995,132.0,0.023717595146166576,43.0,0.03750689464975179,68.0,0.05570876999448428,101.0,0.08328736900165472,151.0,0.19415333701047988,352.0,0.16271373414230558,295.0,0.6503033645890789,1179.0,0.6756756756756757,1225.0,0.6254826254826255,1134.0,0.08108108108108109,147.0,0.03530060672917816,64.0,0.02151130722559294,39.0,0.001654715940430226,3.0,0.04522890237175951,82.0,0.038058466629895205,69.0,0.2404853833425262,436.0
09,151,1290,8.786902910600364,0.32912681989053105,56.816204862498175,0.79789873569093,0.5866186139355204,67722.0,129321.0,29.827186245721716,56.95758472110951,-0.27217862395174686,-0.4166957378049324,-0.46369584947180464,-0.02576676031458089,0.010852713178294573,14.0,0.015503875968992248,20.0,0.15658914728682172,202.0,0.05116279069767442,66.0,0.11627906976744186,150.0,0.04806201550387597,62.0,0.015503875968992248,20.0,0.02635658914728682,34.0,0.03953488372093023,51.0,0.05891472868217054,76.0,0.15503875968992248,200.0,0.175968992248062,227.0,0.48294573643410854,623.0,0.7224806201550388,932.0,0.5147286821705427,664.0,0.08604651162790698,111.0,0.04186046511627907,54.0,0.027906976744186046,36.0,0.015503875968992248,20.0,0.044186046511627906,57.0,0.018604651162790697,24.0,0.20775193798449612,268.0
09,152,2006,3.8516576588081084,0.41678841986260984,67.14260037333428,1.234177941495345,0.8038733489948452,74600.0,149606.0,24.969282092974762,50.07445598929735,-0.31616927442435755,-0.5318937562560246,-0.621231177354503,-0.438819523807248,0.007976071784646061,16.0,0.024925224327018942,50.0,0.13958125623130607,280.0,0.04885343968095713,98.0,0.07826520438683948,157.0,0.03738783649052842,75.0,0.009471585244267198,19.0,0.01744765702891326,35.0,0.019940179461615155,40.0,0.04885343968095713,98.0,0.17248255234297108,346.0,0.10867397806580259,218.0,0.5638085742771685,1131.0,0.590727816550349,1185.0,0.43668993020937186,876.0,0.06580259222333001,132.0,0.04685942173479561,94.0,0.01694915254237288,34.0,0.029411764705882353,59.0,0.027916251246261216,56.0,0.026919242273180457,54.0,0.15553339980059822,312.0
09,153,1681,10.907521258106327,0.5788161518328782,35.85359278167572,0.809614431548162,0.5931138013413771,71341.0,130008.0,15.216128272680116,27.729053482213548,0.08011363396253975,-0.29413288075695054,-0.35952981672662543,-0.2200707068182327,0.007138607971445568,12.0,0.03866745984533016,65.0,0.27483640690065436,462.0,0.07911957168352171,133.0,0.11362284354550863,191.0,0.0826888756692445,139.0,0.030933967876264127,52.0,0.026174895895300417,44.0,0.045211183819155266,76.0,0.07792980368828079,131.0,0.2861392028554432,481.0,0.12671029149315882,213.0,0.6799524092801904,1143.0,0.6853063652587745,1152.0,0.4318857822724569,726.0,0.12135633551457466,204.0,0.045211183819155266,76.0,0.01784651992861392,30.0,0.009518143961927425,16.0,0.05175490779298037,87.0,0.0380725758477097,64.0,0.25223081499107675,424.0
09,154,2309,4.650746337029707,0.4547465827373708,43.74939723789535,0.9608970254834704,0.6734020346082513,103456.0,210839.0,19.602155221497192,39.948372300738924,0.06532858506147703,-0.4458815680388666,-0.5777813216828264,-0.16914908644168564,0.00563014291901256,13.0,0.0346470333477696,80.0,0.27631009094846254,638.0,0.058899956691208316,136.0,0.08618449545257688,199.0,0.05586834127327848,129.0,0.015591165006496318,36.0,0.024252923343438718,56.0,0.026418362927674317,61.0,0.049805110437418795,115.0,0.26418362927674316,610.0,0.15894326548289303,367.0,0.6920744911216977,1598.0,0.7514075357297532,1735.0,0.418796015591165,967.0,0.09657860545690775,223.0,0.030749242096145518,71.0,0.0194889562581204,45.0,0.0073624945864010395,17.0,0.03204850584668688,74.0,0.05413598960588999,125.0,0.11346903421394543,262.0
09,155,1880,6.9477386655658435,0.5155907690190725,38.853748291365086,0.9669997543804624,0.6765094145367883,81869.0,162843.0,16.919774036520042,33.65457943090832,0.09480367080946024,-0.4489133880098348,-0.5624847385076301,-0.1450710754187432,0.005851063829787234,11.0,0.023936170212765957,45.0,0.29535214034633883,555.262023851117,0.08154445251735784,153.30357073263275,0.08457446808510638,159.0,0.039361702127659576,74.0,0.0159938704028021,30.06847635726795,0.04148936170212766,78.0,0.027947096032202415,52.54054054054054,0.051416968305817955,96.66390041493776,0.4053191489361702,762.0,0.13985561222560297,262.9285509841336,0.7373127702495026,1386.1480080690649,0.6472564817535129,1216.8421856966042,0.5696894220968505,1071.016113542079,0.08620808458038555,162.07119901112483,0.039361702127659576,74.0,0.018617021276595744,35.0,0.008511072159938913,16.000815660685156,0.04647265891593529,87.36859876195835,0.07180851063829788,135.0,0.26851657046731336,504.81115247854916
09,156,1481,10.42837599202812,0.5049007924965235,50.97492556834805,1.108862846718608,0.7461488670057473,54234.0,102585.0,18.666942020754814,35.308998915793275,0.28268257773283506,-0.21607137888318825,-0.1265325879464648,-0.21832176539481474,0.009453072248480757,14.0,0.020931802835921675,31.0,0.35786630654962864,530.0,0.12694125590817015,188.0,0.11276164753544902,167.0,0.07967589466576637,118.0,0.02633355840648211,39.0,0.07562457798784605,112.0,0.05806887238352464,86.0,0.12018906144496962,178.0,0.26806212018906145,397.0,0.20324105334233625,301.0,0.5914922349763673,876.0,0.6461850101282917,957.0,0.4395678595543552,651.0,0.08035111411208642,119.0,0.04929101958136394,73.0,0.029709655638082377,44.0,0.010803511141120865,16.0,0.06279540850776502,93.0,0.08642808912896692,128.0,0.17083051991897366,253.0
09,157,692,11.363596569559569,0.49113499392424037,43.89244827890226,7.591122982598725,2.1507294588367447,206533.0,482302.0,131.00056387841792,305.9164102573861,0.24817641423060097,0.011701883238153882,-0.2178803017371963,-0.07910531411187378,0.015895953757225433,11.0,0.046242774566473986,32.0,0.3092485549132948,214.0,0.14017341040462428,97.0,0.20520231213872833,142.0,0.10838150289017341,75.0,0.04046242774566474,28.0,0.06936416184971098,48.0,0.06213872832369942,43.0,0.08815028901734104,61.0,0.49710982658959535,344.0,0.3468208092485549,240.0,0.7861271676300579,544.0,0.5621387283236994,389.0,0.4956647398843931,343.0,0.1430635838150289,99.0,0.10982658959537572,76.0,0.03901734104046243,27.0,0.004335260115606936,3.0,0.09104046242774566,63.0,0.14450867052023122,100.0,0.2875722543352601,199.0
09,158,1530,9.048529384803338,0.6100532178197194,46.78776032189979,1.286430207274509,0.826991739825274,64287.0,126821.0,19.65911599878413,38.78216046917421,0.3719542717461773,-0.271137557850325,-0.2569987850050448,-0.14664169516527403,0.011764705882352941,18.0,0.03790849673202614,58.0,0.37101587466699026,567.6542882404951,0.12511976791895654,191.43324491600353,0.1371104291996787,209.7789566755084,0.0851932756598071,130.34571175950487,0.025490196078431372,39.0,0.02679738562091503,41.0,0.05228758169934641,80.0,0.09411764705882353,144.0,0.4627450980392157,708.0,0.1893165282617615,289.65428824049513,0.6758169934640523,1034.0,0.6555555555555556,1003.0,0.40755997064313493,623.5667550839964,0.13435735626405,205.56675508399647,0.0713863028264651,109.2210433244916,0.03137254901960784,48.0,0.0032679738562091504,5.0,0.0673202614379085,103.0,0.10443069063758718,159.7789566755084,0.16993464052287582,260.0
09,159,865,4.343086592660563,0.3139647999558447,45.29099332311275,1.218155836034745,0.79667614616916,39556.0,84856.0,20.71133562877512,44.43020265232435,-0.2446763881284878,-0.17922951847560614,-0.2544942192451439,0.3447219411242569,0.028901734104046242,25.0,0.056647398843930635,49.0,0.09017341040462427,78.0,0.08439306358381503,73.0,0.14104046242774568,122.0,0.07861271676300578,68.0,0.04046242774566474,35.0,0.05317919075144509,46.0,0.05433526011560694,47.0,0.09132947976878612,79.0,0.29364161849710985,254.0,0.12138728323699421,105.0,0.7653179190751445,662.0,0.6427745664739885,556.0,0.6728323699421965,582.0,0.10867052023121387,94.0,0.03815028901734104,33.0,0.05433526011560694,47.0,0.012716763005780347,11.0,0.06705202312138728,58.0,0.16647398843930636,144.0,0.17572254335260115,152.0
09,160,683,18.05897136099128,0.4723185367361475,35.635296996460994,1.736623593345071,1.0067248953343861,39891.0,76849.0,20.81299608324781,40.09570920762856,-0.025613654815797637,-0.2881862276831737,-0.2112132215938976,-0.18816000616147002,0.029282576866764276,20.0,0.03806734992679356,26.0,0.18448023426061494,126.0,0.1683748169838946,115.0,0.1273792093704246,87.0,0.07320644216691069,50.0,0.03513909224011713,24.0,0.02342606149341142,16.0,0.055636896046852125,38.0,0.10102489019033675,69.0,0.37920937042459735,259.0,0.2767203513909224,189.0,0.6442166910688141,440.0,0.6691068814055637,457.0,0.47291361639824303,323.0,0.11566617862371889,79.0,0.03953147877013177,27.0,0.01903367496339678,13.0,0.0014641288433382138,1.0,0.04978038067349927,34.0,0.21815519765739386,149.0,0.212298682284041,145.0
09,161,619,12.554948043628041,0.5513419208748171,43.04886080474247,1.6174633656367452,0.9622056677283148,44535.0,80133.0,30.972229659761,55.72914964243018,0.07906981441164317,0.027290604191712253,0.07125339019885592,0.2518886501998191,0.046849757673667204,29.0,0.06785137318255251,42.0,0.1567043618739903,97.0,0.13570274636510501,84.0,0.13408723747980614,83.0,0.1098546042003231,68.0,0.05331179321486268,33.0,0.1050080775444265,65.0,0.07431340872374798,46.0,0.1470113085621971,91.0,0.25363489499192243,157.0,0.19224555735056542,119.0,0.48303715670436187,299.0,0.6085917768322374,376.71830985915494,0.5698195635850646,352.71830985915494,0.14054927302100162,87.0,0.05492730210016155,34.0,0.05815831987075929,36.0,0.004846526655896607,3.0,0.09693053311793215,60.0,0.20678513731825526,128.0,0.33395526633142963,206.71830985915494
09,162,765,16.650865606003872,0.5249683314876632,49.92667631263106,1.9612518687671328,1.0856121075644058,26361.0,48056.0,17.20414528467016,31.36308963241566,0.042560349073303826,-0.3739430017481595,-0.3700611197634054,-0.2668106827995803,0.023529411764705882,18.0,0.040522875816993466,31.0,0.22091503267973855,169.0,0.1411764705882353,108.0,0.1084967320261438,83.0,0.06535947712418301,50.0,0.01699346405228758,13.0,0.03137254901960784,24.0,0.047058823529411764,36.0,0.0718954248366013,55.0,0.21568627450980393,165.0,0.1411764705882353,108.0,0.592156862745098,453.0,0.673202614379085,515.0,0.48104575163398694,368.0,0.09803921568627451,75.0,0.048366013071895426,37.0,0.011764705882352941,9.0,0.006535947712418301,5.0,0.047058823529411764,36.0,0.2065359477124183,158.0,0.2522875816993464,193.0
09,163,942,5.144251574130739,0.5503094488814005,41.597741887336355,1.3321059672260744,0.8467717079473137,31346.0,72986.0,13.84206812314698,32.22985975996955,-0.19864036017856831,-0.41097630989239947,-0.38768807015269346,-0.20665805574104734,0.010615711252653927,10.0,0.03397027600849257,32.0,0.16878980891719744,159.0,0.09978768577494693,94.0,0.1040339702760085,98.0,0.050955414012738856,48.0,0.02335456475583864,22.0,0.022292993630573247,21.0,0.037154989384288746,35.0,0.08386411889596602,79.0,0.1740976645435244,164.0,0.21337579617834396,201.0,0.6199575371549894,584.0,0.6464968152866242,609.0,0.40764331210191085,384.0,0.10721868365180467,101.0,0.05732484076433121,54.0,0.03078556263269639,29.0,0.004246284501061571,4.0,0.07006369426751592,66.0,0.31104033970276007,293.0,0.16985138004246284,160.0
09,164,719,5.553535195614271,0.4270988046644258,45.141426393733695,3.8517681780944817,1.579343211311861,157175.0,408639.0,98.68016263470227,256.5583774702217,0.06133182767840131,0.02946105470156699,-0.12707580796311255,0.40754222898380843,0.031988873435326845,23.0,0.059805285118219746,43.0,0.19193324061196107,138.0,0.13630041724617525,98.0,0.17663421418636996,127.0,0.11265646731571627,81.0,0.0458970792767733,33.0,0.08484005563282336,61.0,0.06815020862308763,49.0,0.10292072322670376,74.0,0.32127955493741306,231.0,0.30180806675938804,217.0,0.7065368567454798,508.0,0.6600321941275512,474.56314757770934,0.5980528511821975,430.0,0.12100139082058414,87.0,0.08344923504867872,60.0,0.06675938803894298,48.0,0.0027816411682892906,2.0,0.11543810848400557,83.0,0.2948539638386648,212.0,0.2906815020862309,209.0
09,165,942,18.243679444454138,0.5215605534520964,55.82384318122423,0.8688408900073015,0.6253183937673338,45889.0,79906.0,27.194271122539263,47.35307869680364,-0.5025049113170595,-0.45059739035826096,-0.3942412145027483,-0.2094851457476342,0.013800424628450107,13.0,0.01910828025477707,18.0,0.06263269639065817,59.0,0.0732484076433121,69.0,0.06687898089171974,63.0,0.055201698513800426,52.0,0.016985138004246284,16.0,0.03397027600849257,32.0,0.036093418259023353,34.0,0.08386411889596602,79.0,0.1305732484076433,123.0,0.13694267515923567,129.0,0.6061571125265393,571.0,0.6985138004246284,658.0,0.5530785562632696,521.0,0.06687898089171974,63.0,0.01910828025477707,18.0,0.009554140127388535,9.0,0.01592356687898089,15.0,0.05307855626326964,50.0,0.16348195329087048,154.0,0.1613588110403397,152.0
09,166,722,13.398685738604806,0.49413559542100366,48.70572298991076,1.386480909044833,0.8698198578696272,57271.0,105812.0,38.63470168081966,71.38019336576784,0.0912466376115898,-0.39766306084544617,-0.47703365640946765,0.22710860368096059,0.018005540166204988,13.0,0.024930747922437674,18.0,0.26454293628808867,191.0,0.1149584487534626,83.0,0.055401662049861494,40.0,0.054016620498614956,39.0,0.015235457063711912,11.0,0.07202216066481995,52.0,0.030470914127423823,22.0,0.07063711911357341,51.0,0.21606648199445982,156.0,0.1592797783933518,115.0,0.5983379501385041,432.0,0.6869806094182825,496.0,0.7894736842105263,570.0,0.0817174515235457,59.0,0.027700831024930747,20.0,0.023545706371191136,17.0,0.00554016620498615,4.0,0.04293628808864266,31.0,0.09556786703601108,69.0,0.23268698060941828,168.0
09,167,588,21.548110923411443,0.483764451574195,48.21474255951405,0.5259760486646815,0.42263423723757026,24500.0,48272.0,20.089476066464186,39.58200770123915,-0.20468496353351542,-0.4520556888481708,-0.44610470418582426,0.3810186424272216,0.015306122448979591,9.0,0.02040816326530612,12.0,0.16666666666666666,98.0,0.0782312925170068,46.0,0.05612244897959184,33.0,0.05272108843537415,31.0,0.01870748299319728,11.0,0.04081632653061224,24.0,0.034013605442176874,20.0,0.07312925170068027,43.0,0.1649659863945578,97.0,0.10204081632653061,60.0,0.608843537414966,358.0,0.7193877551020408,423.0,0.7789115646258503,458.0,0.0782312925170068,46.0,0.02040816326530612,12.0,0.03741496598639456,22.0,0.011904761904761904,7.0,0.05612244897959184,33.0,0.02891156462585034,17.0,0.1989795918367347,117.0
09,168,474,24.564410168523278,0.24943692902730366,41.099453741437614,0.6607616839644365,0.5072763428926347,21576.0,42698.0,18.708055146102488,37.02245729645365,-0.2055452571994519,-0.6883949635423651,-0.81845707834371,0.5196419473150353,0.0,0.0,0.012658227848101266,6.0,0.2088607594936709,99.0,0.04818879172962752,22.841487279843445,0.05029849637097773,23.841487279843445,0.012658227848101266,6.0,0.0,0.0,0.002109704641350211,1.0,0.010548523206751054,5.0,0.010548523206751054,5.0,0.3948491829539168,187.15851272015655,0.2848101265822785,135.0,0.8037974683544303,381.0,0.8122362869198312,385.0,0.9704641350210971,460.0,0.11358963561148405,53.84148727984344,0.014433517468024144,6.841487279843444,0.006329113924050633,3.0,0.0,0.0,0.02920144995747562,13.841487279843443,0.06362555426193366,30.158512720156555,0.3076824626157035,145.84148727984345
09,169,432,13.12339037539819,0.5393789708962272,47.384891458983,0.8145078630219424,0.5958142810988775,20857.0,39561.0,22.877469471296493,43.39337247705617,-0.21180702482769254,-0.5421451136500431,-0.7183727573884816,0.19559904718078758,0.011574074074074073,5.0,0.013888888888888888,6.0,0.17824074074074073,77.0,0.0763888888888889,33.0,0.06944444444444445,30.0,0.037037037037037035,16.0,0.0023148148148148147,1.0,0.03009259259259259,13.0,0.013888888888888888,6.0,0.032407407407407406,14.0,0.3125,135.0,0.1388888888888889,60.0,0.7685185185185185,332.0,0.6759259259259259,292.0,0.8564814814814815,370.0,0.06018518518518518,26.0,0.013888888888888888,6.0,0.016203703703703703,7.0,0.018518518518518517,8.0,0.034722222222222224,15.0,0.006944444444444444,3.0,0.13194444444444445,57.0
09,170,577,12.620405775298272,0.5387940169485961,32.005786557458705,0.6812887028434721,0.5195605843816947,31878.0,65543.0,17.682503706736025,36.35624381863979,-0.5892235302971404,-0.5860042188492957,-0.32552903735505884,0.3943412595488778,0.012131715771230503,7.0,0.01733102253032929,10.0,0.036395147313691506,21.0,0.05545927209705372,32.0,0.05719237435008666,33.0,0.03292894280762565,19.0,0.0017331022530329288,1.0,0.022530329289428077,13.0,0.036395147313691506,21.0,0.1022530329289428,59.0,0.19930675909878684,115.0,0.18370883882149047,106.0,0.7033601060024869,405.83878116343493,0.7957733428709967,459.16121883656507,0.8336221837088388,481.0,0.12478336221837089,72.0,0.01733102253032929,10.0,0.012131715771230503,7.0,0.0017331022530329288,1.0,0.03119584055459272,18.0,0.022530329289428077,13.0,0.15972481600791177,92.1612188365651
09,171,334,9.627351405478864,0.43731492740147343,43.4958132024118,0.5970933014807995,0.468185290494886,15100.0,29085.0,19.664274831030486,37.87651877221998,-0.5950333269610858,-0.2544321407030393,-0.4976465987103631,0.5142586302938067,0.008982035928143712,3.0,0.038922155688622756,13.0,0.023952095808383235,8.0,0.24550898203592814,82.0,0.10479041916167664,35.0,0.05688622754491018,19.0,0.0748502994011976,25.0,0.011976047904191617,4.0,0.029940119760479042,10.0,0.0658682634730539,22.0,0.15269461077844312,51.0,0.15568862275449102,52.0,0.6467065868263473,216.0,0.7934131736526946,265.0,0.7275449101796407,243.0,0.09580838323353294,32.0,0.023952095808383235,8.0,0.04491017964071856,15.0,0.0,0.0,0.041916167664670656,14.0,0.038922155688622756,13.0,0.2934131736526946,98.0
09,172,1351,11.32624438660607,0.24709384650654728,40.53325076671149,1.160576941827386,0.7703752887283627,62099.0,125176.0,18.631194221776585,37.55581197612049,-0.03099138515621913,-0.23761280878966778,-0.24032374288526503,-0.10935928950670123,0.014803849000740192,20.0,0.04145077720207254,56.0,0.21391561806069578,289.0,0.14211695040710584,192.0,0.11695040710584752,158.0,0.07327905255366396,99.0,0.043671354552183565,59.0,0.04219096965210955,57.0,0.0540340488527017,73.0,0.09573896026197154,129.34333531392355,0.3742832455115296,505.65666468607645,0.13249444855662473,179.0,0.6054774241302738,818.0,0.6239822353811991,843.0,0.5011102886750555,677.0,0.12039723514883527,162.65666468607645,0.059701454245800485,80.65666468607645,0.029607698001480384,40.0,0.008142116950407105,11.0,0.06365655070318282,86.0,0.19170984455958548,259.0,0.1835677276091784,248.0
09,173,2144,5.811408938755352,0.4601881012004267,49.72873024042588,1.35811753621651,0.8578636465966332,55527.0,106913.0,12.879138078638658,24.7977972770273,0.21277098191183477,-0.3865948700097848,-0.4623602400848965,-0.09644026508794284,0.009794776119402986,21.0,0.08208955223880597,176.0,0.28125,603.0,0.07416044776119403,159.0,0.10587686567164178,227.0,0.06576492537313433,141.0,0.021455223880597014,46.0,0.01958955223880597,42.0,0.04011194029850746,86.0,0.05830223880597015,125.0,0.21361940298507462,458.0,0.16791044776119404,360.0,0.5979477611940298,1282.0,0.7122201492537313,1527.0,0.5405783582089553,1159.0,0.08908582089552239,191.0,0.05643656716417911,121.0,0.017723880597014924,38.0,0.0004664179104477612,1.0,0.05503731343283582,118.0,0.05550373134328358,119.0,0.19636194029850745,421.0
09,174,668,6.5973014229817695,0.44934290175986524,41.12345840897772,1.5891053998844822,0.9513124105952373,34595.0,67313.0,21.29739586315246,41.43927179466343,0.1265401750958314,-0.2070908278166051,0.13650458330291687,-0.013636776615635518,0.005988023952095809,4.0,0.05089820359281437,34.0,0.2844311377245509,190.0,0.11018993522429274,73.60687672982755,0.13622754491017963,91.0,0.07335329341317365,49.0,0.02844311377245509,19.0,0.06736526946107785,45.0,0.08682634730538923,58.0,0.1437125748502994,96.0,0.2619760479041916,175.0,0.2754491017964072,184.0,0.7104893364218975,474.60687672982755,0.6482035928143712,433.0,0.48952095808383234,327.0,0.14130707076373122,94.39312327017245,0.10179640718562874,68.0,0.0344311377245509,23.0,0.004491017964071856,3.0,0.05089820359281437,34.0,0.11676646706586827,78.0,0.2994011976047904,200.0
09,175,2648,14.149552372820184,0.3523281454942385,45.830259809804424,2.605212362498427,1.282380676768472,198044.0,354528.0,34.27646515775267,61.359933345356275,0.24321436774270852,-0.22128085495442362,-0.30644851774366755,0.0659431826876606,0.03474320241691843,92.0,0.11064954682779456,293.0,0.20996978851963746,556.0,0.13632930513595165,361.0,0.12953172205438065,343.0,0.07175226586102719,190.0,0.03474320241691843,92.0,0.05702416918429003,151.0,0.055891238670694864,148.0,0.07439577039274925,197.0,0.18353474320241692,486.0,0.23376132930513596,619.0,0.5917673716012085,1567.0,0.6665407854984894,1765.0,0.523036253776435,1385.0,0.12462235649546828,330.0,0.08383685800604229,222.0,0.03851963746223565,102.0,0.0075528700906344415,20.0,0.0755287009063444,200.0,0.11027190332326284,292.0,0.2280966767371601,604.0
09,176,1800,9.531430548775589,0.5770377487904198,51.78356999383776,1.4492520497565669,0.8957826921337891,75476.0,148411.0,21.713426271416104,42.6958411464192,-0.08479243894039494,-0.13936498503682476,-0.4023883390509001,-0.18739903987456502,0.013333333333333334,24.0,0.042777777777777776,77.0,0.19666666666666666,354.0,0.07111111111111111,128.0,0.16055555555555556,289.0,0.08666666666666667,156.0,0.03277777777777778,59.0,0.06222222222222222,112.0,0.04555555555555556,82.0,0.06555555555555556,118.0,0.31833333333333336,573.0,0.2288888888888889,412.0,0.7188888888888889,1294.0,0.7161111111111111,1289.0,0.335,603.0,0.09888888888888889,178.0,0.05277777777777778,95.0,0.03388888888888889,61.0,0.008333333333333333,15.0,0.06277777777777778,113.0,0.14444444444444443,260.0,0.1988888888888889,358.0
09,177,1191,5.459060332142107,0.6162497372293462,45.742245709984175,1.7040850948233055,0.9947636276645814,52323.0,102624.0,20.095478776519748,39.41437635383221,0.1283537291804871,-0.24904073087400386,-0.5247192557049353,0.014331196674357408,0.012594458438287154,15.0,0.0906801007556675,108.0,0.2367758186397985,282.0,0.09235936188077246,110.0,0.19563392107472713,233.0,0.061293031066330814,73.0,0.020990764063811923,25.0,0.030226700251889168,36.0,0.030226700251889168,36.0,0.05793450881612091,69.0,0.5549958018471872,661.0,0.16288832913518053,194.0,0.743073047858942,885.0,0.7506297229219143,894.0,0.4920235096557515,586.0,0.10663308144416457,127.0,0.051217464315701094,61.0,0.027707808564231738,33.0,0.007556675062972292,9.0,0.05289672544080604,63.0,0.13685978169605373,163.0,0.32577665827036106,388.0
09,178,1630,15.049992028605917,0.6330767303619013,57.57184560149334,1.4041505763005404,0.8771966504437635,51428.0,101740.0,18.164447089531283,35.93472129752106,-0.13536796106102914,-0.23122626469415866,-0.3569148034557146,-0.2561812757178589,0.013496932515337423,22.0,0.12024539877300613,196.0,0.11411042944785275,186.0,0.07914110429447853,129.0,0.13190184049079753,215.0,0.08957055214723926,146.0,0.020245398773006136,33.0,0.05337423312883435,87.0,0.05214723926380368,85.0,0.06687116564417178,109.0,0.1901840490797546,310.0,0.22760736196319017,371.0,0.6328146042196618,1031.4878048780488,0.7220858895705522,1177.0,0.4110429447852761,670.0,0.09754601226993866,159.0,0.06319018404907975,103.0,0.015337423312883436,25.0,0.005521472392638037,9.0,0.0392638036809816,64.0,0.1067484662576687,174.0,0.20368098159509201,332.0
09,179,1592,22.041880244267833,0.6427213425325656,60.62854126663381,1.6420865205275224,0.9715689536818373,76583.0,187337.0,29.165298843106893,71.34402660343831,0.010287465786791813,-0.26807705775574964,-0.42464186297485973,-0.0720617419729879,0.01256281407035176,20.0,0.11243718592964824,179.0,0.17587939698492464,280.0,0.06532663316582915,104.0,0.16080402010050251,256.0,0.06344221105527638,101.0,0.02386934673366834,38.0,0.038316582914572864,61.0,0.042085427135678394,67.0,0.06532663316582915,104.0,0.292713567839196,466.0,0.21670854271356785,345.0,0.6199748743718593,987.0,0.7248743718592965,1154.0,0.4981155778894472,793.0,0.09170854271356783,146.0,0.05087939698492462,81.0,0.02386934673366834,38.0,0.0043969849246231155,7.0,0.05339195979899498,85.0,0.11557788944723618,184.0,0.1670854271356784,266.0
09,180,1359,10.657123220665358,0.5997449026977159,31.21731685898203,0.9370098474752466,0.6611454682917741,50131.0,97287.0,11.51549162220477,22.347601951874797,0.01982043108016714,-0.1886826982437807,-0.28220028261553276,-0.05696860791751099,0.016188373804267846,22.0,0.10448859455481972,142.0,0.17733627667402502,241.0,0.10007358351729213,136.0,0.16114790286975716,219.0,0.08609271523178808,117.0,0.029433406916850625,40.0,0.04341427520235467,59.0,0.058130978660779986,79.0,0.0772626931567329,105.0,0.21265636497424578,289.0,0.21265636497424578,289.0,0.7373068432671082,1002.0,0.6799116997792495,924.0,0.4665194996320824,634.0,0.12950699043414277,176.0,0.05224429727740986,71.0,0.03016924208977189,41.0,0.014716703458425313,20.0,0.06328182487122884,86.0,0.10007358351729213,136.0,0.2052980132450331,279.0
09,181,414,7.792405312434299,0.5887694530554549,32.902292113543105,0.8272992180994039,0.6028390396289077,15895.0,29458.0,12.632413844076515,23.41149084736118,-0.048627042723349466,-0.05066986921283346,0.08903913588075027,-0.19615880156953827,0.0,0.0,0.11594202898550725,48.0,0.18115942028985507,75.0,0.1111111111111111,46.0,0.178743961352657,74.0,0.09903381642512077,41.0,0.043478260869565216,18.0,0.06280193236714976,26.0,0.08695652173913043,36.0,0.13043478260869565,54.0,0.2898550724637681,120.0,0.2584541062801932,107.0,0.748792270531401,310.0,0.6570048309178744,272.0,0.5120772946859904,212.0,0.14492753623188406,60.0,0.04830917874396135,20.0,0.00966183574879227,4.0,0.01932367149758454,8.0,0.08454106280193237,35.0,0.25120772946859904,104.0,0.4251207729468599,176.0
09,182,998,7.105215626693299,0.38555157722506134,38.88159696614457,0.7730223417964608,0.5726856281387127,35378.0,62284.0,13.78309756982227,24.26554494428205,-0.10639334912239133,-0.43963180686695097,-0.6364946903442417,-0.09834031710551126,0.004008016032064128,4.0,0.09318637274549098,93.0,0.16933867735470942,169.0,0.050100200400801605,50.0,0.13627254509018036,136.0,0.03907815631262525,39.0,0.011022044088176353,11.0,0.018036072144288578,18.0,0.022044088176352707,22.0,0.041082164328657314,41.0,0.24549098196392785,245.0,0.12324649298597194,123.0,0.7855711422845691,784.0,0.7344689378757515,733.0,0.4779559118236473,477.0,0.13527054108216433,135.0,0.04308617234468938,43.0,0.01503006012024048,15.0,0.01903807615230461,19.0,0.045090180360721446,45.0,0.014028056112224449,14.0,0.18036072144288579,180.0
09,183,1606,5.392601257493785,0.3412355607544963,43.95730721805808,1.1871514458318109,0.7825999875055026,47800.0,88114.0,13.083183592921396,24.117398307671042,-0.0742363951048251,-0.16548347808333236,-0.321095018629067,0.0007329668057770578,0.019925280199252802,32.0,0.15442092154420922,248.0,0.0931286142485333,149.5645544831445,0.06876428737039571,110.43544551685551,0.19364881693648817,311.0,0.0958904109589041,154.0,0.025529265255292654,41.0,0.0273972602739726,44.0,0.0547945205479452,88.0,0.0722291407222914,116.0,0.3119551681195517,501.0,0.12854012796815412,206.4354455168555,0.671504013397793,1078.4354455168555,0.732605575643303,1176.5645544831445,0.35332219521597474,567.4354455168555,0.13636363636363635,219.0,0.048567870485678705,78.0,0.04296388542963885,69.0,0.0043586550435865505,7.0,0.0694673440119206,111.56455448314449,0.05506565723340941,88.43544551685551,0.23038605230386053,370.0
09,184,2286,7.143631874336731,0.6267872371647502,71.79934626789448,1.0497289790885065,0.7177075790877431,49760.0,88382.0,15.628764087009753,27.759273061456913,-0.008618042584512967,-0.5653056331795067,-0.6787649190629275,-0.28889680970092757,0.010061242344706912,23.0,0.0389326334208224,89.0,0.23534558180227472,538.0,0.05818022747156605,133.0,0.08223972003499562,188.0,0.03718285214348206,85.0,0.005686789151356081,13.0,0.004374453193350831,10.0,0.021872265966754154,50.0,0.02974628171478565,68.0,0.17585301837270342,402.0,0.10192475940507437,233.0,0.5139982502187227,1175.0,0.7305336832895888,1670.0,0.4654418197725284,1064.0,0.05861767279090114,134.0,0.03237095363079615,74.0,0.009623797025371828,22.0,0.016622922134733157,38.0,0.023184601924759404,53.0,0.0021872265966754157,5.0,0.1447944006999125,331.0
09,185,2970,15.313848426210612,0.6791652330935157,100.0508339085414,1.1622401667472324,0.7711447984994885,50092.0,116545.0,16.8745669095847,39.26068834299986,-0.2914058022760703,-0.515455299794442,-0.6480454253841963,-0.41916442310725466,0.005723905723905724,17.0,0.05488215488215488,163.0,0.1292929292929293,384.0,0.0367003367003367,109.0,0.08855218855218855,263.0,0.032996632996632996,98.0,0.007070707070707071,21.0,0.026936026936026935,80.0,0.025925925925925925,77.0,0.031313131313131314,93.0,0.17912457912457913,532.0,0.18383838383838383,546.0,0.4703703703703704,1397.0,0.6983164983164983,2074.0,0.4053872053872054,1204.0,0.05353535353535353,159.0,0.027609427609427608,82.0,0.009427609427609427,28.0,0.005723905723905724,17.0,0.023905723905723906,71.0,0.013468013468013467,40.0,0.10202020202020202,303.0
09,186,1517,7.44957157772722,0.5467352755910041,71.98235222383713,1.1805616281300968,0.7795824712033238,53313.0,87821.0,25.29726528747151,41.6714710260356,-0.1499704236285001,-0.312208856722049,-0.4727594430159147,-0.33402640754440605,0.01054713249835201,16.0,0.053394858272907054,81.0,0.17073170731707318,259.0,0.05998681608437706,91.0,0.08635464733025709,131.0,0.06657877389584707,101.0,0.013183915622940013,20.0,0.08174027686222808,124.0,0.023071852340145024,35.0,0.08437705998681608,128.0,0.09294660514172709,141.0,0.14897824653922215,226.0,0.4943968358602505,750.0,0.7356624917600527,1116.0,0.45023071852340146,683.0,0.06723796967699407,102.0,0.02702702702702703,41.0,0.004614370468029005,7.0,0.01120632827949901,17.0,0.03691496374423204,56.0,0.01120632827949901,17.0,0.12524719841793014,190.0
09,187,1111,9.41490390655693,0.6000111678589021,38.90997436704749,1.1546207610713592,0.7676147271278837,59445.0,105562.0,20.819112747516993,36.970429470155416,0.17173032947195566,-0.10536069136466156,-0.008641414648670166,0.08549868636850114,0.020702070207020702,23.0,0.05169586206573003,57.43410275502606,0.26552655265526554,295.0,0.09039973245276874,100.43410275502606,0.17500819329885334,194.43410275502606,0.12010270274979844,133.43410275502606,0.034203420342034205,38.0,0.0297029702970297,33.0,0.0891089108910891,99.0,0.0999099909990999,111.0,0.10801080108010801,120.0,0.09591889941041759,106.56589724497394,0.6755768652069972,750.5658972449739,0.7011701170117012,779.0,0.5310531053105311,590.0,0.14170486296582005,157.43410275502606,0.06930693069306931,77.0,0.0315031503150315,35.0,0.016201620162016202,18.0,0.0711071107110711,79.0,0.0153015301530153,17.0,0.27182718271827183,302.0
09,188,2443,12.069214459955468,0.4805419823544163,61.70561596879711,3.0564189699651845,1.4003005572966833,109415.0,231828.0,27.6361849006383,58.55542177165083,-0.11062893632696291,-0.3896262089284696,-0.4872714496025048,-0.003330521198958644,0.01391731477691363,34.0,0.08958812200216211,218.86378205128204,0.14735980352026198,360.0,0.06915028738327678,168.93415207734517,0.09225310337732384,225.37433155080214,0.07613589848546869,186.0,0.018419975440032748,45.0,0.020875972165370446,51.0,0.041724990617005804,101.93415207734517,0.04871060171919771,119.0,0.09946786737617683,243.0,0.17954386756004825,438.62566844919786,0.5447657300594929,1330.8626785353413,0.7261559134195903,1773.998896484059,0.6197295380464849,1513.9992614475627,0.07033756750689925,171.83467741935485,0.04911993450675399,120.0,0.018010642652476462,44.0,0.01064295479019125,26.000738552437223,0.04789193614408514,117.0,0.019494445311813605,47.62492989676064,0.14203847728203028,347.0
09,189,1392,9.752179385158831,0.6491141372262424,33.898825157311734,1.6775707085247256,0.9849099314036668,67581.0,123100.0,16.45773349824917,29.978055868283583,0.23024797380721196,-0.2025164865891168,-0.3368863381197816,0.030638512666172735,0.015086206896551725,21.0,0.11747993532388323,163.53206997084547,0.24602581180255353,342.4679300291545,0.11709770114942529,163.0,0.14196189876131596,197.6109630757518,0.0912231431525356,126.98261526832955,0.031609195402298854,44.0,0.040948275862068964,57.0,0.05459770114942529,76.0,0.06821949602122017,94.96153846153847,0.09001026127726539,125.29428369795342,0.07009518788598439,97.57250153729026,0.6937416175074541,965.6883315703761,0.6898665831163459,960.2942836979535,0.5008540120130428,697.1887847221556,0.10632183908045977,148.0,0.05172413793103448,72.0,0.03735632183908046,52.0,0.010775862068965518,15.0,0.05100574712643678,71.0,0.015086206896551725,21.0,0.23281529677076604,324.07889310490634
09,190,2016,12.634954793082375,0.5890322951324868,55.508289072631605,1.7038934391394065,0.9946927488018877,72533.0,127566.0,19.971144500521767,35.123861130155376,-0.28206054849531725,-0.34440792030585676,-0.49350353884799464,-0.1487914671109523,0.013392857142857142,27.0,0.09771825396825397,197.0,0.07936507936507936,160.0,0.07539682539682539,152.0,0.11259920634920635,227.0,0.09027777777777778,182.0,0.013888888888888888,28.0,0.020337301587301588,41.0,0.030257936507936508,61.0,0.06646825396825397,134.0,0.11210317460317461,226.0,0.1324404761904762,267.0,0.6639359031712895,1338.4947807933195,0.7325356684099459,1476.791907514451,0.49974939523478146,1007.4947807933194,0.07589285714285714,153.0,0.042162698412698416,85.0,0.016865079365079364,34.0,0.00496031746031746,10.0,0.03670634920634921,74.0,0.013392857142857142,27.0,0.11582600159061536,233.50521920668058
09,191,3512,8.05448630647391,0.48631032834654975,70.48763716689473,1.7575466283249723,1.0143413816398967,102409.0,193560.0,20.554010349158663,38.84848248867923,-0.27703110575949436,-0.49739393983639596,-0.6028946817877632,0.015084947005386068,0.008542141230068337,30.0,0.17228280278753716,605.0572033898305,0.03132118451025057,110.0,0.040432801822323464,142.0,0.07716400911161732,271.0,0.04527334851936219,159.0,0.011104783599088838,39.0,0.023917995444191344,84.0,0.029043280182232345,102.0,0.03843963553530752,135.0,0.16429384965831434,577.0,0.07374715261958997,259.0,0.5743166287015945,2017.0,0.7707695890120072,2706.9427966101694,0.6611617312072893,2322.0,0.061788154897494306,217.0,0.049544419134396354,174.0,0.009111617312072893,32.0,0.003416856492027335,12.0,0.02989749430523918,105.0,0.008826879271070615,31.0,0.10933940774487472,384.0
09,192,1456,6.803632404330155,0.5684667172117364,64.05504510469436,2.322983803442808,1.2008631152837832,70702.0,157192.0,31.10453158648421,69.15481215726041,-0.2338175402521164,-0.37093151059892276,-0.5680398557488597,-0.0023901399648651594,0.012362637362637362,18.0,0.08997252747252747,131.0,0.10576923076923077,154.0,0.08722527472527472,127.0,0.07967032967032966,116.0,0.06387362637362637,93.0,0.012362637362637362,18.0,0.061813186813186816,90.0,0.023351648351648352,34.0,0.057692307692307696,84.0,0.08104395604395605,118.0,0.25206043956043955,367.0,0.48695054945054944,709.0,0.7465659340659341,1087.0,0.5906593406593407,860.0,0.06936813186813187,101.0,0.03708791208791209,54.0,0.019230769230769232,28.0,0.0027472527472527475,4.0,0.03914835164835165,57.0,0.008928571428571428,13.0,0.14972527472527472,218.0
09,193,1834,6.255602327400805,0.5108356534491333,47.26074505508041,1.6892689048684426,0.9892693740973829,78427.0,176012.0,20.21002427717989,45.35691525973181,-0.15719775981974296,-0.4714195013028941,-0.6122926747490798,-0.09909399693638882,0.010905125408942203,20.0,0.0697928026172301,128.0,0.15376226826608505,282.0,0.05179934569247546,95.0,0.09978189749182116,183.0,0.05888767720828789,108.0,0.009269356597600873,17.0,0.008724100327153763,16.0,0.026717557251908396,49.0,0.03980370774263904,73.0,0.0916030534351145,168.0,0.06855752287298601,125.73449694905634,0.5572519083969466,1022.0,0.7123966102037699,1306.535383113714,0.5014910016079915,919.7344969490564,0.0916030534351145,168.0,0.04961832061068702,91.0,0.022355507088331516,41.0,0.015267175572519083,28.0,0.05016357688113413,92.0,0.026027533778111414,47.734496949056336,0.15212649945474374,279.0
09,194,3204,6.942225104448296,0.5787462005547248,58.46730265369291,1.881738544517397,1.0583937733084334,91132.0,176376.0,16.62996949262279,32.18548368554226,-0.09252851291581521,-0.4167721408050663,-0.34363568113228904,-0.13838395041996493,0.017790262172284643,57.0,0.20380774032459426,653.0,0.05087390761548065,163.0,0.05930087390761548,190.0,0.09238451935081149,296.0,0.06367041198501873,204.0,0.015605493133583021,50.0,0.025593008739076155,82.0,0.05305867665418227,170.0,0.06897627965043696,221.0,0.20536828963795256,658.0,0.11970017317063347,383.51935483870966,0.5539950062421972,1775.0,0.6538607282458638,2094.969773299748,0.48564294631710364,1556.0,0.08770287141073659,281.0,0.05774032459425718,185.0,0.02965043695380774,95.0,0.003121098626716604,10.0,0.03495630461922597,112.0,0.014819177640852162,47.480645161290326,0.11922596754057428,382.0
09,195,2688,7.2083345503515,0.44779299520213006,63.91209044131441,1.663503292241806,0.9796422834326496,80368.0,154460.0,19.10895418373347,36.72567518439518,-0.1178257891583836,-0.4463344521468787,-0.5676527226060224,0.01554166541546171,0.018973214285714284,51.0,0.10820503761792923,290.85514111699376,0.11748588830161105,315.8020677547305,0.07010230816281615,188.4350043416498,0.10012261689713012,269.12959421948574,0.05262048974383009,141.44387643141528,0.009536062718347957,25.63293658691931,0.027319570067578045,73.43500434164979,0.026578823077163426,71.44387643141529,0.05231880081358605,140.6329365869193,0.17244422167158444,463.53006785321895,0.18660312369486884,501.58919649180746,0.493064126740525,1325.3563726785312,0.661942262268962,1779.3008009789698,0.5828876740158967,1566.8020677547304,0.0845729671160526,227.3321356079494,0.052950943306528796,142.3321356079494,0.03227391085687997,86.75227238329337,0.0078125,21.0,0.03297356271834796,88.63293658691931,0.01711309523809524,46.0,0.1552524755859337,417.31865437498976
09,196,1399,20.53724256768574,0.48106118165840456,62.94546061544373,1.5331293432954616,0.9294554329987041,35006.0,67326.0,15.75031304005878,30.292109230846066,-0.2685213809264088,-0.3931459733026691,-0.34883340861163104,-0.025071893734967043,0.027877055039313797,39.0,0.15082201572551823,211.0,0.006433166547533953,9.0,0.07219442458899214,101.0,0.10293066476054324,144.0,0.0736240171551108,103.0,0.017155110793423873,24.0,0.016440314510364547,23.0,0.057898498927805575,81.0,0.059328091493924234,83.0,0.03788420300214439,53.0,0.12580414581844174,176.0,0.4996426018584703,699.0,0.636168691922802,890.0,0.5275196568977841,738.0,0.11007862759113653,154.0,0.07433881343817011,104.0,0.035025017869907075,49.0,0.012866333095067906,18.0,0.054324517512508934,76.0,0.05218012866333095,73.0,0.11651179413867048,163.0
09,197,744,12.599097583303482,0.5742720782721651,44.47965085865455,5.102761843944378,1.8087414300161513,137255.0,311672.0,82.05718385221277,186.3314750325078,-0.08197103531177848,-0.31368529836148806,-0.25491891320070065,0.12423469144361243,0.01881720430107527,14.0,0.25268817204301075,188.0,0.012096774193548387,9.0,0.10483870967741936,78.0,0.14516129032258066,108.0,0.0793010752688172,59.0,0.013440860215053764,10.0,0.025537634408602152,19.0,0.06451612903225806,48.0,0.0739247311827957,55.0,0.0846774193548387,63.0,0.18413978494623656,137.0,0.7056451612903226,525.0,0.7298387096774194,543.0,0.5994623655913979,446.0,0.11290322580645161,84.0,0.09408602150537634,70.0,0.026881720430107527,20.0,0.009408602150537635,7.0,0.0456989247311828,34.0,0.01747311827956989,13.0,0.15994623655913978,119.0
09,198,1062,7.138139036366809,0.31647099877863355,52.07991078740706,2.9040877724451573,1.3620241509941071,41929.0,113348.0,20.561756868222133,55.58525167543329,-0.3140660640557369,-0.5049296814870308,-0.6533729377691805,-0.17919481681105745,0.006591337099811676,7.0,0.16290018832391714,173.0,0.030131826741996232,32.0,0.047080979284369114,50.0,0.09322033898305085,99.0,0.044256120527306965,47.0,0.010357815442561206,11.0,0.011299435028248588,12.0,0.023540489642184557,25.0,0.03389830508474576,36.0,0.16101694915254236,171.0,0.1657250470809793,176.0,0.568738229755179,604.0,0.7306967984934086,776.0,0.448210922787194,476.0,0.07156308851224105,76.0,0.06120527306967985,65.0,0.021657250470809793,23.0,0.002824858757062147,3.0,0.021657250470809793,23.0,0.030131826741996232,32.0,0.14218455743879474,151.0
09,199,1705,16.256187620635284,0.5149042870074202,57.21319077797188,1.1658274259368897,0.7728024713219588,54051.0,119527.0,18.137420379707674,40.108627883393815,-0.31821947717109106,-0.42736548994989276,-0.46608702787463396,0.008156357311118492,0.026392961876832845,45.0,0.09736070381231672,166.0,0.03577712609970674,61.0,0.0686217008797654,117.0,0.08797653958944282,150.0,0.05337243401759531,91.0,0.0187683284457478,32.0,0.029912023460410556,51.0,0.03343108504398827,57.0,0.0686217008797654,117.0,0.12258064516129032,209.0,0.16304985337243402,278.0,0.592375366568915,1010.0,0.6645161290322581,1133.0,0.5700879765395894,972.0,0.09853372434017596,168.0,0.04574780058651026,78.0,0.030498533724340176,52.0,0.010557184750733138,18.0,0.03812316715542522,65.0,0.03401759530791789,58.0,0.14486803519061583,247.0
09,200,1386,20.000766215025475,0.6627019295848392,66.36866211599192,0.7941489497530494,0.5845307868082847,29164.0,70346.0,13.965192366167306,33.68520855131001,-0.30713475284663383,-0.5359694482948651,-0.5809505455493235,0.034433038515752815,0.021645021645021644,30.0,0.07431457431457432,103.0,0.06998556998556998,97.0,0.03463203463203463,48.0,0.0707070707070707,98.0,0.044733044733044736,62.0,0.011544011544011544,16.0,0.00937950937950938,13.0,0.03823953823953824,53.0,0.02886002886002886,40.0,0.08585858585858586,119.0,0.09956709956709957,138.0,0.4884559884559885,677.0,0.7142857142857143,990.0,0.652958152958153,905.0,0.06926406926406926,96.0,0.045454545454545456,63.0,0.01948051948051948,27.0,0.015873015873015872,22.0,0.03318903318903319,46.0,0.011544011544011544,16.0,0.11038961038961038,153.0
09,201,853,6.240578347624528,0.5733097758254583,43.78712986913654,1.2497905776748048,0.8108371352954586,38162.0,78772.0,19.58973563969506,40.43610544023005,-0.3935664421951121,-0.41279907596656396,-0.49429769462273143,0.02067653409085289,0.015240328253223915,13.0,0.053927315357561546,46.0,0.07033997655334115,60.0,0.05158264947245018,44.0,0.10082063305978899,86.0,0.06799531066822978,58.0,0.012895662368112544,11.0,0.021101992966002344,18.0,0.03751465416178194,32.0,0.053927315357561546,46.0,0.223915592028136,191.0,0.15123094958968347,129.0,0.7104337631887456,606.0,0.7045720984759671,601.0,0.6318874560375146,539.0,0.11137162954279015,95.0,0.03634232121922626,31.0,0.015240328253223915,13.0,0.0023446658851113715,2.0,0.07502930832356389,64.0,0.12895662368112543,110.0,0.18757327080890973,160.0
09,202,642,5.900124103176958,0.5604407543133166,43.95980622079189,0.8297139571316537,0.6041596470576955,33036.0,64834.0,22.620812434736465,44.393926425526814,-0.07771734311931167,-0.32451569927303636,-0.44595556937239694,0.2762993040536855,0.02336448598130841,15.0,0.0763239875389408,49.0,0.14797507788161993,95.0,0.08255451713395638,53.0,0.11838006230529595,76.0,0.06542056074766354,42.0,0.03426791277258567,22.0,0.021806853582554516,14.0,0.03582554517133956,23.0,0.07009345794392523,45.0,0.1573208722741433,101.0,0.11572496761444342,74.29542920847268,0.6526479750778816,419.0,0.6806853582554517,437.0,0.7009345794392523,450.0,0.09968847352024922,64.0,0.040498442367601244,26.0,0.03894080996884735,25.0,0.004672897196261682,3.0,0.06074766355140187,39.0,0.16822429906542055,108.0,0.19003115264797507,122.0
10,203,1354,48.256770911267395,0.4088614473487324,32.147767665186464,0.7678551881171096,0.5697670536872954,61012.0,106895.0,14.485964555305438,25.379879058863416,0.7824286644820048,-0.2310523011308469,-0.24534229101179314,0.25080791663301005,0.05391432791728213,73.0,0.10561299852289513,143.0,0.3655834564254062,495.0,0.33899556868537667,459.0,0.172821270310192,234.0,0.06573116691285082,89.0,0.03323485967503693,45.0,0.0310192023633678,42.0,0.07828655834564253,106.0,0.053175775480059084,72.0,0.045051698670605614,61.0,0.11816838995568685,160.0,0.5236336779911374,709.0,0.4756277695716396,644.0,0.8020679468242246,1086.0,0.17208271787296897,233.0,0.09379615952732644,127.0,0.04062038404726736,55.0,0.019202363367799114,26.0,0.055391432791728215,75.0,0.06942392909896603,94.0,0.3005908419497784,407.0
10,204,1237,45.80270395311777,0.43713257595229527,23.48375975563221,1.6956713429618528,0.9916472801894101,62631.0,121427.0,11.89014840141472,23.052243297066713,0.5736245120425129,0.21344362921632848,0.5952246579437229,0.981850310389387,0.02021018593371059,25.0,0.19644300727566694,243.0,0.2942603071948262,364.0,0.3468067906224737,429.0,0.26902056840240296,332.7784431137725,0.15099308254953311,186.77844311377245,0.051558967755677004,63.778443113772454,0.05964304212916124,73.77844311377245,0.19303026929165112,238.77844311377245,0.08955411731105291,110.77844311377245,0.07599029911075182,94.0,0.1301535974130962,161.0,0.692805173807599,857.0,0.6103476151980598,755.0,0.8181083265966047,1012.0,0.3150997923312631,389.7784431137725,0.15584352717362365,192.77844311377245,0.07338596856408444,90.77844311377245,0.021018593371059015,26.0,0.09440456193514346,116.77844311377245,0.301535974130962,373.0,0.41147938561034764,509.0
10,205,188,45.17395315431338,0.6184299326972491,27.81550625700936,1.7573508556549975,1.0142703838849518,8768.0,14839.0,12.972678662843514,21.955015816370313,0.3586762655564267,-0.2334644371938756,-0.0835205813402615,0.3922188005431363,0.005319148936170213,1.0,0.13297872340425532,25.0,0.30319148936170215,57.0,0.2074468085106383,39.0,0.1276595744680851,24.0,0.0797872340425532,15.0,0.031914893617021274,6.0,0.047872340425531915,9.0,0.11702127659574468,22.0,0.031914893617021274,6.0,0.11170212765957446,21.0,0.047872340425531915,9.0,0.7287234042553191,137.0,0.675531914893617,127.0,0.9361702127659575,176.0,0.21808510638297873,41.0,0.06914893617021277,13.0,0.0,0.0,0.015957446808510637,3.0,0.031914893617021274,6.0,0.5,94.0,0.35638297872340424,67.0
10,206,783,48.42588099427174,0.37442019339989646,23.087646958917553,1.6340528228515043,0.9685236573536825,39179.0,72994.0,11.552374459813931,21.523112415315808,1.0395428007621492,-0.03456664101259239,0.3616654551441264,0.660473421279193,0.020434227330779056,16.0,0.1251596424010217,98.0,0.5223499361430396,409.0,0.4610472541507024,361.0,0.19540229885057472,153.0,0.10855683269476372,85.0,0.034482758620689655,27.0,0.06257982120051085,49.0,0.1545338441890166,121.0,0.09067688378033206,71.0,0.10344827586206896,81.0,0.18518518518518517,145.0,0.6973180076628352,546.0,0.5300127713920817,415.0,0.9080459770114943,711.0,0.22349936143039592,175.0,0.0842911877394636,66.0,0.05363984674329502,42.0,0.006385696040868455,5.0,0.06385696040868455,50.0,0.2669220945083014,209.0,0.42017879948914433,329.0
10,207,1002,45.86633134086509,0.44710477427303025,20.53369575374648,1.572683063018916,0.9449493477175946,54180.0,99315.0,11.102950458462916,20.352335267298717,0.7487457518814645,-0.1494023373868794,0.2783344802612227,0.4798636740939214,0.007984031936127744,8.0,0.0748502994011976,75.0,0.4870259481037924,488.0,0.32435129740518964,325.0,0.156686626746507,157.0,0.08483033932135728,85.0,0.03992015968063872,40.0,0.05089820359281437,51.0,0.14271457085828343,143.0,0.08782435129740519,88.0,0.03992015968063872,40.0,0.1027944111776447,103.0,0.654690618762475,656.0,0.5239520958083832,525.0,0.8223552894211577,824.0,0.2345309381237525,235.0,0.08882235528942116,89.0,0.04491017964071856,45.0,0.008982035928143712,9.0,0.07285429141716566,73.0,0.1157684630738523,116.0,0.3782435129740519,379.0
10,208,513,45.243959652826646,0.45686550482261873,17.507038648579474,1.1962180717756965,0.7867368228042532,31468.0,55505.0,10.739015442368398,18.942069789267126,0.6077430810684868,-0.21993304330623484,0.3495975954732652,0.760585849200571,0.0,0.0,0.11306042884990253,58.0,0.42300194931773877,217.0,0.30214424951267055,155.0,0.21052631578947367,108.0,0.06627680311890838,34.0,0.015594541910331383,8.0,0.037037037037037035,19.0,0.17153996101364521,88.0,0.05847953216374269,30.0,0.056530214424951264,29.0,0.15789473684210525,81.0,0.8304093567251462,426.0,0.6198830409356725,318.0,0.7660818713450293,393.0,0.21442495126705652,110.0,0.11306042884990253,58.0,0.07212475633528265,37.0,0.02729044834307992,14.0,0.05458089668615984,28.0,0.06627680311890838,34.0,0.50682261208577,260.0
10,209,703,27.417942308744916,0.32584064660913353,19.934864319570337,0.9510154732634843,0.6683499925492908,41554.0,77345.0,11.783404721698803,21.93260427876483,0.9612268578585251,-0.23347246947690387,0.1780538949437797,0.6421682054588652,0.01849217638691323,13.0,0.1465149359886202,103.0,0.48079658605974396,338.0,0.20910384068278806,147.0,0.15362731152204837,108.0,0.0953058321479374,67.0,0.01991465149359886,14.0,0.031294452347083924,22.0,0.1379800853485064,97.0,0.06827880512091039,48.0,0.029871977240398292,21.0,0.06827880512091039,48.0,0.6386913229018493,449.0,0.6429587482219061,452.0,0.8165007112375533,574.0,0.24324324324324326,171.0,0.14509246088193456,102.0,0.044096728307254626,31.0,0.01422475106685633,10.0,0.05405405405405406,38.0,0.03556187766714083,25.0,0.4623044096728307,325.0
10,210,732,57.545370380698486,0.6640974445349187,38.0173633400435,0.7874508635471964,0.5807905062835529,25688.0,42744.0,13.341393845342042,22.199647248727043,0.5326100556780881,-0.4860587476278685,-0.5398986749327556,0.03145590703208816,0.023224043715846996,17.0,0.10382513661202186,76.0,0.3483606557377049,255.0,0.1885245901639344,138.0,0.11202185792349727,82.0,0.03961748633879782,29.0,0.012295081967213115,9.0,0.009562841530054645,7.0,0.0546448087431694,40.0,0.012295081967213115,9.0,0.03961748633879782,29.0,0.11612021857923498,85.0,0.5300546448087432,388.0,0.5218579234972678,382.0,0.7595628415300546,556.0,0.11202185792349727,82.0,0.06147540983606557,45.0,0.025956284153005466,19.0,0.009562841530054645,7.0,0.0546448087431694,40.0,0.00819672131147541,6.0,0.3114754098360656,228.0
10,211,1085,71.91513963250635,0.29516154550199536,30.754334376996553,1.2491406980554698,0.8105482312940301,51883.0,103164.0,14.70624083393283,29.241844715838454,1.0539909952855973,-0.11663608110384358,-0.06249111369495397,0.28748364309750496,0.01566820276497696,17.0,0.19539170506912443,212.0,0.48110599078341015,522.0,0.21013824884792626,228.0,0.1870967741935484,203.0,0.07188940092165899,78.0,0.0423963133640553,46.0,0.05622119815668203,61.0,0.09308755760368663,101.0,0.07834101382488479,85.0,0.0792626728110599,86.0,0.07096774193548387,77.0,0.5400921658986175,586.0,0.49216589861751153,534.0,0.8175115207373271,887.0,0.18525345622119815,201.0,0.09953917050691244,108.0,0.03778801843317972,41.0,0.011059907834101382,12.0,0.05898617511520737,64.0,0.08018433179723503,87.0,0.39631336405529954,430.0
10,212,1275,46.0156526640603,0.35143049162083845,36.49664288135128,0.9780551347674468,0.6821141068097457,48295.0,96006.0,13.824355827096939,27.48154271738832,0.6395322246935021,-0.30532999204678546,-0.48746418757371013,0.4924429276880716,0.02980392156862745,38.0,0.11058823529411765,141.0,0.36627450980392157,467.0,0.21411764705882352,273.0,0.14901960784313725,190.0,0.05176470588235294,66.0,0.025098039215686273,32.0,0.0392156862745098,50.0,0.050980392156862744,65.0,0.03294117647058824,42.0,0.0611764705882353,78.0,0.08470588235294117,108.0,0.4345098039215686,554.0,0.5152941176470588,657.0,0.7529411764705882,960.0,0.1450980392156863,185.0,0.07372549019607844,94.0,0.07215686274509804,92.0,0.017254901960784313,22.0,0.06352941176470588,81.0,0.03529411764705882,45.0,0.3325490196078431,424.0
10,213,344,59.90211712373319,0.47903334102687845,18.83946693071129,1.3307669687079973,0.8461973845319944,32963.0,61759.0,18.05248105921617,33.82286738877321,0.8087239600822397,0.21480943817269268,0.3609492272256917,0.35062186358963265,0.0,0.0,0.1298023347156506,44.652003142183815,0.48255813953488375,166.0,0.311046511627907,107.0,0.25770931145983667,88.65200314218382,0.14143024169239482,48.652003142183815,0.06294186959937156,21.65200314218382,0.061046511627906974,21.0,0.15988372093023256,55.0,0.08139534883720931,28.0,0.055232558139534885,19.0,0.15406976744186046,53.0,0.7518953579714647,258.65200314218384,0.535895339702954,184.34799685781618,0.7383720930232558,254.0,0.25770931145983667,88.65200314218382,0.11817442773890643,40.652003142183815,0.03677907890169714,12.652003142183817,0.0029069767441860465,1.0,0.09491861378541806,32.652003142183815,0.275151171924953,94.65200314218382,0.5367790789016972,184.65200314218382
10,214,434,58.466514219296805,0.5028994479046909,20.820750132288524,1.484069805790985,0.9098982658466576,22996.0,42779.0,11.032119125394168,20.522831103897943,0.4791373802445866,-0.15821845231307485,0.18025809686804345,0.40555242498224703,0.03225806451612903,14.0,0.1359447004608295,59.0,0.28110599078341014,122.0,0.26497695852534564,115.0,0.16129032258064516,70.0,0.07834101382488479,34.0,0.016129032258064516,7.0,0.08755760368663594,38.0,0.14055299539170507,61.0,0.06451612903225806,28.0,0.04608294930875576,20.0,0.03917050691244239,17.0,0.6290322580645161,273.0,0.5852534562211982,254.0,0.6912442396313364,300.0,0.21889400921658986,95.0,0.10599078341013825,46.0,0.04838709677419355,21.0,0.020737327188940093,9.0,0.059907834101382486,26.0,0.11981566820276497,52.0,0.39631336405529954,172.0
10,215,1037,44.71772067494044,0.4639992497103493,27.043230834185877,1.8086304971143357,1.0326969969685065,72544.0,147215.0,18.91826555096606,38.39121723485703,0.5162042088278674,-0.316581217761167,-0.033692220103813925,0.39875138609618765,0.017357762777242044,18.0,0.09257473481195758,96.0,0.36547733847637415,379.0,0.20377707481439056,211.31682658252302,0.15991798838680088,165.8349539571125,0.055930568948891035,58.0,0.013500482160077145,14.0,0.03953712632594021,41.0,0.11378977820636452,118.0,0.05110896817743491,53.0,0.05110896817743491,53.0,0.06460945033751206,67.0,0.6401494252238308,663.8349539571125,0.579556412729026,601.0,0.7377049180327869,765.0,0.19413387327147832,201.31682658252302,0.09095161676231728,94.31682658252302,0.04628736740597879,48.0,0.007714561234329798,8.0,0.04562856951062972,47.31682658252302,0.12180986169963647,126.31682658252302,0.312745252249299,324.31682658252305
10,216,1672,46.44013975033512,0.4344032334101831,32.07728630762233,2.2751801303896158,1.1863728692203643,65634.0,133735.0,12.591869674129688,25.657032801135596,0.933518298925165,0.34537829920401725,0.4779027798287065,1.0732862201359747,0.06279904306220095,105.0,0.16476925002781795,275.49418604651163,0.35107655502392343,587.0,0.3800802548125069,635.4941860465116,0.2837883887837988,474.49418604651163,0.16775968064982752,280.49418604651163,0.06997607655502393,117.0,0.06698564593301436,112.0,0.17763157894736842,297.0,0.08342953710915767,139.49418604651163,0.07685058974073662,128.49418604651163,0.159688995215311,267.0,0.6070574162679426,1015.0,0.49670704907088015,830.4941860465116,0.8319377990430622,1391.0,0.2861807332814065,478.49418604651163,0.20005633136753087,334.49418604651163,0.10316637921442083,172.49418604651163,0.004784688995215311,8.0,0.10436255146322466,174.49418604651163,0.27661135529097586,462.49418604651163,0.2996411483253589,501.0
10,217,1391,47.37115976147613,0.33674081720863286,47.37402799801649,1.593147230306822,0.9528722848546833,34293.0,64752.0,11.679349691847444,22.05293357963741,0.31049896963641094,-0.42030230442003247,-0.26343937933278705,-0.24630789934561304,0.040977713874910136,57.0,0.1768511861969806,246.0,0.16534867002156722,230.0,0.2652767792954709,369.0,0.09633357296908698,134.0,0.056074766355140186,78.0,0.023005032350826744,32.0,0.017972681524083392,25.0,0.0905823148813803,126.0,0.027318475916606758,38.0,0.053199137311286844,74.0,0.13227893601725377,184.0,0.400431344356578,557.0,0.3235082674335011,450.0,0.6685837526959022,930.0,0.13227893601725377,184.0,0.05895039539899353,82.0,0.03450754852624011,48.0,0.007189072609633357,10.0,0.0301941049604601,42.0,0.06398274622573688,89.0,0.3616103522645579,503.0
10,218,1426,50.060028083124756,0.3030295195975937,37.80677239660206,1.5416222177949244,0.9328025455917618,44719.0,81192.0,11.856108378707205,21.525999049263074,0.5194685445823267,-0.052262468920176976,0.057820014662546285,0.27189430145110816,0.038569424964936885,55.0,0.2131837307152875,304.0,0.21739130434782608,310.0,0.255960729312763,365.0,0.1718092566619916,245.0,0.0967741935483871,138.0,0.04838709677419355,69.0,0.061711079943899017,88.0,0.10378681626928471,148.0,0.09326788218793829,133.0,0.08625525946704067,123.0,0.1718092566619916,245.0,0.5876577840112202,838.0,0.38218793828892006,545.0,0.7321178120617111,1044.0,0.21669004207573633,309.0,0.1002805049088359,143.0,0.05890603085553997,84.0,0.0035063113604488078,5.0,0.07503506311360449,107.0,0.14375876577840113,205.0,0.34712482468443195,495.0
10,219,1530,67.53816658382446,0.21802456862884328,35.247698014310565,1.9254139634102116,1.0734359966221763,52195.0,101858.0,12.024533319326405,23.46575179308265,1.2275599588098716,0.23156629692822522,0.15503213857005066,1.0527113598574722,0.08496732026143791,130.0,0.2777777777777778,425.0,0.3130718954248366,479.0,0.39281045751633986,601.0,0.22679738562091503,347.0,0.1437908496732026,220.0,0.07973856209150326,122.0,0.06209150326797386,95.0,0.11633986928104575,178.0,0.09869281045751634,151.0,0.07712418300653595,118.0,0.10718954248366012,164.0,0.5004793028322441,765.7333333333333,0.4294117647058823,657.0,0.8117647058823529,1242.0,0.2784313725490196,426.0,0.15294117647058825,234.0,0.11503267973856209,176.0,0.01895424836601307,29.0,0.08169934640522876,125.0,0.15620915032679739,239.0,0.3810457516339869,583.0
10,220,1408,46.17838959728465,0.4178745069259701,34.719311137304025,2.3870800565894785,1.219968209986614,55092.0,111723.0,13.5849168265366,27.549329532620863,1.1414150975576691,0.0169834355040435,-0.07842740274577913,0.4974459769551284,0.0703125,99.0,0.11221590909090909,158.0,0.4524147727272727,637.0,0.25142045454545453,354.0,0.20880681818181818,294.0,0.07741477272727272,109.0,0.0390625,55.0,0.10582386363636363,149.0,0.07599431818181818,107.0,0.10298295454545454,145.0,0.07599431818181818,107.0,0.11150568181818182,157.0,0.4794034090909091,675.0,0.4481534090909091,631.0,0.8181818181818182,1152.0,0.22443181818181818,316.0,0.12073863636363637,170.0,0.060369318181818184,85.0,0.009943181818181818,14.0,0.06605113636363637,93.0,0.4786931818181818,674.0,0.28764204545454547,405.0
10,221,1097,49.81007945054297,0.4197710238565926,24.79782538668897,1.7588671324070024,1.014820136194768,72367.0,135205.0,16.358652960424074,30.563263276274224,1.009878223559064,0.14233660900830025,0.2399818219127416,0.8712602060507455,0.036248592417824015,39.76470588235294,0.10209662716499544,112.0,0.49316317228805834,541.0,0.3555183014357062,390.0035766749697,0.2871467639015497,315.0,0.11394712853236098,125.0,0.03463992707383774,38.0,0.07930720145852324,87.0,0.1340018231540565,147.0,0.09206927985414767,101.0,0.08842297174111212,97.0,0.2670920692798541,293.0,0.686203013566411,752.7647058823529,0.4840441415907296,530.9964233250304,0.7885141294439381,865.0,0.28510912113250036,312.7647058823529,0.16022306826103275,175.76470588235293,0.08933454876937101,98.0,0.010027347310847767,11.0,0.10027347310847767,110.0,0.5294117647058824,580.7647058823529,0.43734248485173466,479.7647058823529
10,222,677,52.94528448731134,0.3876226478027629,23.9892448809361,2.592663089197615,1.2788937350728762,52256.0,98740.0,18.516720539116644,34.98815420300783,0.39018696397003466,0.21488002580462556,-0.023261577448870502,0.8560150566384621,0.01772525849335303,12.0,0.21418020679468242,145.0,0.21861152141802068,148.0,0.310192023633678,210.0,0.29394387001477107,199.0,0.1358936484490399,92.0,0.05760709010339734,39.0,0.050221565731166914,34.0,0.11078286558345643,75.0,0.059084194977843424,40.0,0.06351550960118169,43.0,0.12259970457902511,83.0,0.5908419497784343,400.0,0.5140324963072378,348.0,0.740029542097489,501.0,0.30132939438700146,204.0,0.18168389955686853,123.0,0.08714918759231906,59.0,0.03840472673559823,26.0,0.1019202363367799,69.0,0.45937961595273263,311.0,0.4357459379615953,295.0
10,223,238,45.21328480804031,0.32004942224853294,12.23123404928879,1.0281402743369792,0.7071192521421018,28635.0,53148.0,14.716024663923719,27.313681817294142,0.45284028913199825,0.7259074248674436,0.9830399932748247,1.0128980098336324,0.01680672268907563,4.0,0.35714285714285715,85.0,0.12605042016806722,30.0,0.38235294117647056,91.0,0.36554621848739494,87.0,0.2184873949579832,52.0,0.07142857142857142,17.0,0.13865546218487396,33.0,0.18487394957983194,44.0,0.21008403361344538,50.0,0.12184873949579832,29.0,0.16806722689075632,40.0,0.7352941176470589,175.0,0.5588235294117647,133.0,0.6260504201680672,149.0,0.39915966386554624,95.0,0.17647058823529413,42.0,0.09663865546218488,23.0,0.008403361344537815,2.0,0.21008403361344538,50.0,0.47478991596638653,113.0,0.5588235294117647,133.0
10,224,955,41.05091985034601,0.34368861211414786,34.95651117180814,1.894284986830954,1.0627380984234687,52708.0,98738.0,19.293065872708517,36.141738220753844,0.5708102289856418,-0.33486818031929333,-0.5130386078038908,0.5744221914374271,0.03563938454963137,34.03561224489796,0.09109947643979058,87.0,0.34345549738219894,328.0,0.30052356020942406,287.0,0.12356020942408377,118.0,0.05445026178010471,52.0,0.028272251308900525,27.0,0.03455497382198953,33.0,0.04712041884816754,45.0,0.032460732984293195,31.0,0.031413612565445025,30.0,0.10366492146596859,99.0,0.48687370445560424,464.96438775510205,0.608414253659579,581.035612244898,0.7696707981621969,735.035612244898,0.15078534031413612,144.0,0.08900523560209424,85.0,0.06391163585853189,61.03561224489796,0.031413612565445025,30.0,0.04607329842931937,44.0,0.07539267015706806,72.0,0.39375456779570467,376.03561224489795
10,225,1686,55.041830766004054,0.33703013213395167,69.63356883191547,0.8460670842258257,0.6130574757377159,32578.0,56801.0,13.455055785327058,23.459408915905282,0.37166617271823904,-0.551078229594125,-0.5390618084168148,-0.22678250145662102,0.020759193357058125,35.0,0.02965599051008304,50.0,0.3564650059311981,601.0,0.13523131672597866,228.0,0.066429418742586,112.0,0.029062870699881376,49.0,0.013641755634638196,23.0,0.018979833926453145,32.0,0.042111506524317915,71.0,0.033807829181494664,57.0,0.02965599051008304,50.0,0.0937129300118624,158.0,0.304270462633452,513.0,0.5195729537366548,876.0,0.6506524317912218,1097.0,0.08540925266903915,144.0,0.03914590747330961,66.0,0.017793594306049824,30.0,0.018386714116251483,31.0,0.021352313167259787,36.0,0.04389086595492289,74.0,0.20521945432977462,346.0
10,226,529,53.72596508846029,0.3986324836813657,49.13502844537327,1.4100799616992634,0.8796599260804736,24965.0,56132.0,23.18820387785905,52.137002205967725,0.48621780587027014,-0.4828014860372617,-0.43440068717343294,0.06914734069643677,0.08128544423440454,43.0,0.11720226843100189,62.0,0.1833648393194707,97.0,0.14933837429111532,79.0,0.08506616257088846,45.0,0.06049149338374291,32.0,0.00945179584120983,5.0,0.011342155009451797,6.0,0.05671077504725898,30.0,0.03780718336483932,20.0,0.017013232514177693,9.0,0.06805293005671077,36.0,0.4499054820415879,238.0,0.444234404536862,235.0,0.8260869565217391,437.0,0.15879017013232513,84.0,0.07372400756143667,39.0,0.024574669187145556,13.0,0.02835538752362949,15.0,0.026465028355387523,14.0,0.052930056710775046,28.0,0.2003780718336484,106.0
10,227,362,51.789798960703486,0.3870444024648589,37.733292333991756,1.3729075842706893,0.8641160320137158,18383.0,36711.0,19.16163295513178,38.2659363224633,-0.39773014639438825,-0.3804259803165619,-0.13427393045219185,0.6912821927791324,0.013812154696132596,5.0,0.12154696132596685,44.0,0.016574585635359115,6.0,0.19613259668508287,71.0,0.06629834254143646,24.0,0.04419889502762431,16.0,0.019337016574585635,7.0,0.07734806629834254,28.0,0.09668508287292818,35.0,0.052486187845303865,19.0,0.03314917127071823,12.0,0.1574585635359116,57.0,0.5414364640883977,196.0,0.6519337016574586,236.0,0.7955801104972375,288.0,0.1685082872928177,61.0,0.052486187845303865,19.0,0.06353591160220995,23.0,0.0,0.0,0.03867403314917127,14.0,0.24861878453038674,90.0,0.26519337016574585,96.0
10,228,260,46.361717100633356,0.343539760731879,42.77596254141865,1.881851731729397,1.058433049942125,11250.0,23795.0,18.508829945806145,39.14823187204065,-0.5302079721326539,-0.0697345060139154,-0.15766956252029757,0.07996851415972477,0.0038461538461538464,1.0,0.11153846153846154,29.0,0.0,0.0,0.12692307692307692,33.0,0.1346153846153846,35.0,0.04230769230769231,11.0,0.019230769230769232,5.0,0.18461538461538463,48.0,0.08076923076923077,21.0,0.07307692307692308,19.0,0.023076923076923078,6.0,0.18461538461538463,48.0,0.5538461538461539,144.0,0.6230769230769231,162.0,0.6807692307692308,177.0,0.18076923076923077,47.0,0.038461538461538464,10.0,0.015384615384615385,4.0,0.011538461538461539,3.0,0.057692307692307696,15.0,0.23461538461538461,61.0,0.17307692307692307,45.0
10,229,989,54.00991146767193,0.34768605965249966,33.15749912664019,2.14950124044486,1.1472441039343046,55303.0,104967.0,18.541043217397192,35.19153903767483,-0.0935572107518271,-0.3611610336160199,0.131296338950443,0.5046200088264997,0.042467138523761376,42.0,0.16733224249425319,165.4915878268164,0.022244691607684528,22.0,0.31465329134531206,311.1921051405136,0.12477981099170146,123.40723307079274,0.04044489383215369,40.0,0.024266936299292215,24.0,0.04248650615596184,42.01915458824626,0.12761502500380165,126.21125972875984,0.0730174813379198,72.21428904320268,0.05864509605662285,58.0,0.1870576339737108,185.0,0.5155453051092427,509.87430675304097,0.36318801216136504,359.19294402759004,0.9009100101112234,891.0,0.19886976907232295,196.6822016125274,0.0525783619817998,52.0,0.06673407482305359,66.0,0.0020222446916076846,2.0,0.06897299195470444,68.21428904320268,0.2067875964028605,204.51293284242905,0.2732174910170236,270.21209861583634
10,230,1258,46.224778289339596,0.3477199207746939,28.325550186660422,4.280824709296874,1.6640822804635997,138969.0,278468.0,31.290726422019176,62.70078942272619,-0.07243871928038847,-0.23897124247957752,-0.03837690025246229,0.3811408399354542,0.030206677265500796,38.0,0.1422893481717011,179.0,0.0794912559618442,100.0,0.2615262321144674,329.0,0.151033386327504,190.0,0.06041335453100159,76.0,0.03815580286168521,48.0,0.04054054054054054,51.0,0.09584841662967686,120.57730812013348,0.08028616852146264,101.0,0.03656597774244833,46.0,0.12559618441971382,158.0,0.5370248872179121,675.5773081201335,0.5914149443561209,744.0,0.6497795642924217,817.4226918798665,0.19793322734499205,249.0,0.0945945945945946,119.0,0.05405405405405406,68.0,0.015103338632750398,19.0,0.0492845786963434,62.0,0.2007768744993112,252.5773081201335,0.178060413354531,224.0
10,231,995,48.25139832534555,0.43272136908005204,32.04137362495813,1.8873835253244555,1.060350737484359,39613.0,76802.0,12.756330988999665,24.732076152201355,0.11894355132260913,-0.36165436019833164,-0.04059047655012355,0.24343739724538604,0.035175879396984924,35.0,0.12261306532663317,122.0,0.15376884422110554,153.0,0.335678391959799,334.0,0.14170854271356784,141.0,0.04221105527638191,42.0,0.034170854271356785,34.0,0.01306532663316583,13.0,0.09246231155778895,92.0,0.08542713567839195,85.0,0.05527638190954774,55.0,0.11959798994974874,119.0,0.578894472361809,576.0,0.5527638190954773,550.0,0.828140703517588,824.0,0.17587939698492464,175.0,0.04623115577889447,46.0,0.024120603015075376,24.0,0.012060301507537688,12.0,0.04120603015075377,41.0,0.2804020100502513,279.0,0.24522613065326634,244.0
10,232,834,50.04763514551769,0.2680106948584775,42.52502806957788,1.6874696415493844,0.9886000972223081,30865.0,56064.0,15.737829632704091,28.58660879727595,0.06423355751039779,-0.3035192513488508,-0.1188269245780424,0.2848894425125095,0.05875299760191847,49.0,0.07913669064748201,66.0,0.11390887290167866,95.0,0.19664268585131894,164.0,0.11990407673860912,100.0,0.049160671462829736,41.0,0.039568345323741004,33.0,0.0407673860911271,34.0,0.09832134292565947,82.0,0.0539568345323741,45.0,0.03597122302158273,30.0,0.08393285371702638,70.0,0.4064748201438849,339.0,0.5503597122302158,459.0,0.8393285371702638,700.0,0.16786570743405277,140.0,0.07194244604316546,60.0,0.02877697841726619,24.0,0.022781774580335732,19.0,0.0539568345323741,45.0,0.24940047961630696,208.0,0.1750599520383693,146.0
10,233,1332,52.70584708037047,0.40057486622302463,68.05564212950804,0.8568232200061323,0.6188670812888107,21987.0,41732.0,11.233779305566767,21.322057487602326,-0.2887890858563354,-0.5169417053328389,-0.4735623762551253,-0.22881043376453775,0.028528528528528527,38.0,0.11036036036036036,147.0,0.03078078078078078,41.0,0.2575075075075075,343.0,0.054804804804804805,73.0,0.025525525525525526,34.0,0.01876876876876877,25.0,0.03978978978978979,53.0,0.046546546546546545,62.0,0.044294294294294295,59.0,0.0457957957957958,61.0,0.2515015015015015,335.0,0.36261261261261263,483.0,0.3843843843843844,512.0,0.8348348348348348,1112.0,0.07432432432432433,99.0,0.03153153153153153,42.0,0.014264264264264264,19.0,0.06231231231231231,83.0,0.03153153153153153,42.0,0.0945945945945946,126.0,0.19894894894894896,265.0
10,234,1714,64.67161181854976,0.3241325228058159,57.61927509304303,1.3656225974543856,0.8610412420360319,50476.0,98282.0,16.968439495895215,33.03930918724886,0.013407879402632125,-0.12827842386502894,0.3740867853786485,0.24547803748451652,0.028588098016336057,49.0,0.15752625437572929,270.0,0.10210035005834306,175.0,0.32730455075845977,561.0,0.12252042007001167,210.0,0.06884480746791131,118.0,0.05309218203033839,91.0,0.0822637106184364,141.0,0.1371061843640607,235.0,0.12368728121353559,212.0,0.10501750291715285,180.0,0.1826137689614936,313.0,0.3418903150525088,586.0,0.46091015169194866,790.0,0.8360560093348891,1433.0,0.13185530921820304,226.0,0.0647607934655776,111.0,0.044340723453908985,76.0,0.019836639439906652,34.0,0.08459743290548424,145.0,0.15810968494749125,271.0,0.2129521586931155,365.0
10,235,1740,48.79143682967888,0.3288625848323469,62.63361387672913,1.5410628930930768,0.9325824553473723,34509.0,65111.0,12.421973455586468,23.43757030533167,-0.3022287566254325,-0.5282546520256448,-0.3108788784547708,0.11383213001896701,0.017816091954022988,31.0,0.08103448275862069,141.0,0.07528735632183908,131.0,0.18160919540229886,316.0,0.07183908045977011,125.0,0.022413793103448276,39.0,0.017241379310344827,30.0,0.028160919540229885,49.0,0.06954022988505747,121.0,0.05,87.0,0.04597701149425287,80.0,0.06436781609195402,112.0,0.4051724137931034,705.0,0.5413793103448276,942.0,0.8620689655172413,1500.0,0.09195402298850575,160.0,0.022413793103448276,39.0,0.021264367816091954,37.0,0.004022988505747126,7.0,0.017816091954022988,31.0,0.04080459770114943,71.0,0.135632183908046,236.0
10,236,2678,53.00611080653651,0.32993736028231024,56.609042269282746,1.624698896570338,0.9649661833959002,58962.0,116450.0,12.463713033164485,24.61584380977586,0.08233133840877303,-0.4473575727391286,-0.37745263269445206,0.13335072133045536,0.02875280059746079,77.0,0.10791635548917103,289.0,0.16766243465272593,449.0,0.12882748319641524,345.0,0.0888722927557879,238.0,0.029499626587005227,79.0,0.026138909634055265,70.0,0.03435399551904406,92.0,0.060492905153099324,162.0,0.04705003734129948,126.0,0.04443614637789395,119.0,0.12285287528005974,329.0,0.40589992531740104,1087.0,0.6228528752800597,1668.0,0.7867811799850635,2107.0,0.09820761762509335,263.0,0.040328603435399554,108.0,0.020537714712471993,55.0,0.0048543689320388345,13.0,0.03659447348767737,98.0,0.04256908140403286,114.0,0.19790888722927558,530.0
10,237,951,44.92766294244326,0.3142152441605772,41.415098612354676,1.3395499252775656,0.8499585712450002,48186.0,84814.0,20.984520943584883,36.93564851428233,0.1967271231329395,-0.20526806893387162,0.19117072412985334,0.34329034656088286,0.03785488958990536,36.0,0.1829652996845426,174.0,0.12618296529968454,120.0,0.29652996845425866,282.0,0.13038906414300735,124.0,0.06729758149316509,64.0,0.03259726603575184,31.0,0.07255520504731862,69.0,0.11777076761303891,112.0,0.10620399579390116,101.0,0.07465825446898001,71.0,0.1156677181913775,110.0,0.45320715036803366,431.0,0.5583596214511041,531.0,0.7770767613038907,739.0,0.15772870662460567,150.0,0.07360672975814932,70.0,0.04416403785488959,42.0,0.012618296529968454,12.0,0.06624605678233439,63.0,0.0683491062039958,65.0,0.29863301787592006,284.0
10,238,1323,53.69114587346844,0.34353636653860126,64.14564115095608,0.8747934848954132,0.628498511967253,27301.0,50577.0,13.236886992156098,24.522253155645544,0.22487377165835362,-0.5599004410946703,-0.45260096772622166,-0.08619406105695923,0.012849584278155708,17.0,0.11829193114043504,156.50022489879555,0.24867724867724866,329.0,0.29931972789115646,396.0,0.06387016243295203,84.50022489879554,0.03136827278820525,41.500224898795544,0.012849584278155708,17.0,0.015117157974300832,20.0,0.059335015040661784,78.50022489879554,0.028344501210283035,37.499775101204456,0.11224472796765264,148.49977510120445,0.21882069168647353,289.4997751012045,0.41496598639455784,549.0,0.4289491875292551,567.4997751012045,0.7951625094482238,1052.0,0.12244897959183673,162.0,0.04421785706636096,58.500224898795544,0.02040816326530612,27.0,0.022675736961451247,30.0,0.01927454640876458,25.50022489879554,0.04346199916764591,57.500224898795544,0.20597144739137985,272.5002248987955
10,239,539,51.353514169817046,0.32164702852359794,45.314223453767724,2.4585879611952546,1.2408604020718608,14921.0,28320.0,12.544221301552286,23.808883269215247,-0.27523646793867745,-0.3218036248153765,0.2290919306258289,0.11780104330968305,0.03153988868274583,17.0,0.11131725417439703,60.0,0.027829313543599257,15.0,0.2189239332096475,118.0,0.12244897959183673,66.0,0.04267161410018553,23.0,0.02411873840445269,13.0,0.061224489795918366,33.0,0.137291280148423,74.0,0.08348794063079777,45.0,0.0575139146567718,31.0,0.07050092764378478,38.0,0.47309833024118736,255.0,0.4842300556586271,261.0,0.7847866419294991,423.0,0.19109461966604824,103.0,0.04823747680890538,26.0,0.02411873840445269,13.0,0.0018552875695732839,1.0,0.06679035250463822,36.0,0.13172541743970315,71.0,0.2541743970315399,137.0
10,240,299,66.89454545454545,0.3484,39.647074735398874,1.6786718106182417,0.9853210786230437,10358.0,20233.0,13.734595321379983,26.828737897034294,0.0040229844921380415,-0.10660582899283545,-0.12499295039081505,-0.16861782445590506,0.05016722408026756,15.0,0.1505016722408027,45.0,0.05351170568561873,16.0,0.3311036789297659,99.0,0.1705685618729097,51.0,0.07357859531772576,22.0,0.05351170568561873,16.0,0.05351170568561873,16.0,0.09364548494983277,28.0,0.06020066889632107,18.0,0.13377926421404682,40.0,0.09364548494983277,28.0,0.44816053511705684,134.0,0.20066889632107024,60.0,0.802675585284281,240.0,0.22742474916387959,68.0,0.09698996655518395,29.0,0.026755852842809364,8.0,0.013377926421404682,4.0,0.05351170568561873,16.0,0.23411371237458195,70.0,0.18729096989966554,56.0
11,241,24,32.90083410565338,0.3755792400370714,137.57523645743765,0.0137798766014309,0.013685797383305463,1715.0,3909.0,98.30897105187732,224.0756663800516,-0.3700021629185517,0.9566764356384887,0.8185485431827239,-0.6712206194117785,0.0,0.0,0.041666666666666664,1.0,0.125,3.0,0.4166666666666667,10.0,0.041666666666666664,1.0,0.4583333333333333,11.0,0.20833333333333334,5.0,0.0,0.0,0.20833333333333334,5.0,0.125,3.0,0.3333333333333333,8.0,0.2916666666666667,7.0,0.5416666666666666,13.0,0.3333333333333333,8.0,0.5833333333333334,14.0,0.125,3.0,0.20833333333333334,5.0,0.0,0.0,0.25,6.0,0.375,9.0,0.5416666666666666,13.0,0.5,12.0
11,242,67,64.95173260420735,0.4937224485240779,70.35376392637006,0.1089300179913874,0.103395602672317,5121.0,12161.0,53.77337687566285,127.69733180725169,-0.08884340769965954,-0.008303962076811212,-0.1356937199462358,-0.02653661650630501,0.029850746268656716,2.0,0.014925373134328358,1.0,0.1791044776119403,12.0,0.44776119402985076,30.0,0.014925373134328358,1.0,0.22388059701492538,15.0,0.014925373134328358,1.0,0.1044776119402985,7.0,0.07462686567164178,5.0,0.08955223880597014,6.0,0.34328358208955223,23.0,0.3880597014925373,26.0,0.746268656716418,50.0,0.5522388059701493,37.0,0.8059701492537313,54.0,0.16417910447761194,11.0,0.07462686567164178,5.0,0.0,0.0,0.04477611940298507,3.0,0.3283582089552239,22.0,0.7014925373134329,47.0,0.1791044776119403,12.0
11,243,96,111.59458742371982,0.49562218094985405,110.51250172675783,0.4500989137967353,0.371631770517391,8562.0,18316.0,98.56333747755215,210.84864391951007,-0.2505663642232781,0.01587358540213238,-0.2710292396607751,0.13677167329420192,0.010416666666666666,1.0,0.052083333333333336,5.0,0.13541666666666666,13.0,0.23958333333333334,23.0,0.020833333333333332,2.0,0.23958333333333334,23.0,0.0625,6.0,0.020833333333333332,2.0,0.0625,6.0,0.07291666666666667,7.0,0.28125,27.0,0.2604166666666667,25.0,0.5729166666666666,55.0,0.5729166666666666,55.0,0.8333333333333334,80.0,0.16666666666666666,16.0,0.10416666666666667,10.0,0.010416666666666666,1.0,0.020833333333333332,2.0,0.17708333333333334,17.0,0.46875,45.0,0.1875,18.0
11,244,94,48.865300146412885,0.37375549048316253,62.22610583733831,0.501253698819477,0.40630055823548367,17556.0,50266.0,116.2171823489693,332.75079106591994,-0.482523378107183,0.1068645068221164,0.06388480838269206,0.17402069201436898,0.0,0.0,0.05319148936170213,5.0,0.07446808510638298,7.0,0.32978723404255317,31.0,0.02127659574468085,2.0,0.2978723404255319,28.0,0.0425531914893617,4.0,0.031914893617021274,3.0,0.05319148936170213,5.0,0.18085106382978725,17.0,0.26595744680851063,25.0,0.4148936170212766,39.0,0.7127659574468085,67.0,0.5425531914893617,51.0,0.9148936170212766,86.0,0.2127659574468085,20.0,0.06382978723404255,6.0,0.0,0.0,0.010638297872340425,1.0,0.40425531914893614,38.0,0.44680851063829785,42.0,0.20212765957446807,19.0
12,245,105,4.912430585219991,0.6672362238359676,460.3446008154676,0.0531698028770326,0.05180447644491819,1340.0,3034.0,58.74873953264063,133.01766846420273,-0.7421369394172682,-0.7069294372101129,-0.889143701891006,-0.8664581437293456,0.0,0.0,0.02857142857142857,3.0,0.0,0.0,0.0,0.0,0.0,0.0,0.0380952380952381,4.0,0.0,0.0,0.0,0.0,0.005309734513274336,0.5575221238938053,0.0,0.0,0.0,0.0,0.0,0.0,0.12245259165613148,12.857522123893805,0.39992133280480385,41.9917399445044,0.47559893533181546,49.93788820984062,0.02857142857142857,3.0,0.0380952380952381,4.0,0.0,0.0,0.0,0.0,0.05714285714285714,6.0,0.0,0.0,0.0,0.0
12,246,132,8.706467661691542,0.44558457711442784,278.6573780873971,0.0649955938063263,0.06297066188177479,2624.0,6416.0,55.3937090985856,135.44437407641968,-0.1518138838578039,-0.713462203817822,-0.9041717555479705,-0.4350739764788759,0.07537636589868804,9.949680298626822,0.015151515151515152,2.0,0.048470569434274066,6.398115165324176,0.01967544136091843,2.597158259641233,0.007575757575757576,1.0,0.012262750011601466,1.6186830015313936,0.0,0.0,0.020033964867590084,2.6444833625218913,0.0,0.0,0.004882449716074935,0.6444833625218914,0.0,0.0,0.007575757575757576,1.0,0.22480460283901388,29.674207574749833,0.5076832593261001,67.01419023104522,0.6446275286994664,85.09083378832956,0.030113926077630707,3.9750382422472534,0.045265441229145865,5.975038242247254,0.0071638369510709935,0.9456264775413712,0.03787878787878788,5.0,0.022315352102586145,2.945626477541371,0.0,0.0,0.030303030303030304,4.0
12,247,174,16.612529002320187,0.37206496519721577,320.3947852986669,0.0136552978743676,0.013562904450610537,2034.0,5110.0,37.453045591809676,94.09295131472344,-0.7305832329693794,-0.6946254804946285,-0.7452062497124066,-1.6540427406055953,0.0,0.0,0.005747126436781609,1.0,0.022988505747126436,4.0,0.012553601786303315,2.184326710816777,0.0028796902188564567,0.5010660980810234,0.028735632183908046,5.0,0.0,0.0,0.014373943092419676,2.5010660980810235,0.01907947945004044,3.319829424307036,0.016212043232115284,2.8208955223880596,0.008626816655638067,1.5010660980810235,0.011494252873563218,2.0,0.3620792476432661,63.0017890899283,0.1240947699777178,21.5924899761229,0.12607908993993433,21.937761649548573,0.017241379310344827,3.0,0.017241379310344827,3.0,0.005747126436781609,1.0,0.7094007089589739,123.43572335886147,0.029953830873647544,5.211966572014672,0.0,0.0,0.046174788434015096,8.034413187518627
12,248,144,17.355085039916695,0.19463727872266573,171.95261750095528,0.3438135457672782,0.29551150164902834,6743.0,21588.0,80.51920137562094,257.7856324035155,-0.1540386655558073,-0.28400947541959415,-0.10082542713774975,-1.156166516870233,0.014930034982508746,2.1499250374812595,0.020833333333333332,3.0,0.1856827732815392,26.738319352541644,0.05281776582518899,7.6057582788272144,0.052758516276111125,7.597226343760002,0.05910060085518519,8.510486523146668,0.04238665247682797,6.103677956663228,0.08183376609175304,11.784062317212438,0.10615291131285493,15.28601922905111,0.04561004236802932,6.5678461009962215,0.0053565379403794034,0.771341463414634,0.012672764227642276,1.8248780487804879,0.33816469916158903,48.69571667926882,0.20149434603866478,29.01518582956773,0.3035053582343691,43.70477158574915,0.09768482470343293,14.066614757294342,0.06511506276150628,9.376569037656903,0.010183773712737126,1.4664634146341462,0.051531122060341314,7.420481576689149,0.09046226031699332,13.026565485647039,0.020849530558147113,3.0023324003731844,0.051780519072608416,7.456394746455612
12,249,246,10.214318285453716,0.3378932968536252,399.9414719797103,0.0110480878531762,0.010987503549285599,1503.0,3667.0,24.43544847095547,59.617291778438926,-0.7220926019307536,-0.7913134631005713,-0.9037569454652852,-1.5711707765821694,0.0,0.0,0.032520325203252036,8.0,0.0040650406504065045,1.0,0.010012836970474968,2.463157894736842,0.0,0.0,0.0005485694995358258,0.13494809688581316,0.0,0.0,0.0,0.0,0.0005485694995358258,0.13494809688581316,0.0040650406504065045,1.0,0.0,0.0,0.0040650406504065045,1.0,0.4889669277043197,120.28586421526265,0.19488387539520763,47.94143334722108,0.16278811949540545,40.04587739586974,0.0040650406504065045,1.0,0.0,0.0,0.0013550135501355014,0.3333333333333333,0.43402997200550847,106.77137311335508,0.024390243902439025,6.0,0.0010811278325549214,0.26595744680851063,0.0,0.0
12,250,154,23.186925434116446,0.5965270684371808,238.53409953377425,0.0097096659676051,0.0096628300907695,4149.0,10050.0,64.26480382893698,155.66673378665138,-0.6397179232213792,-0.7620622871020735,0.0027577258655456793,-1.1152034095058987,0.014380495920047937,2.2145963716873824,0.023483533682080126,3.6164641870403393,0.00760334025773085,1.1709143996905509,0.021041132326398784,3.2403343782654126,0.00820683274509132,1.2638522427440633,0.0,0.0,0.0,0.0,0.009254449254449255,1.425185185185185,0.1497925585916742,23.068054023117828,0.0,0.0,0.0,0.0,0.01454762583289229,2.2403343782654126,0.5184954833620679,79.84830443775844,0.3432057934642981,52.85369219350191,0.2668058788548801,41.088105343651534,0.02385073551316725,3.6730132690277566,0.005082979642666531,0.7827788649706457,0.010999204876755896,1.693877551020408,0.15229832494191145,23.45394204105436,0.04423744833679833,6.812567043866943,0.0,0.0,0.002510094947069737,0.3865546218487395
12,251,35,14.637391882900864,0.717564870259481,196.9057665260197,0.0638601509709445,0.06190394522346266,5744.0,17639.0,323.1504922644163,992.3488045007032,-0.5072025591493455,-0.7344038175177161,-0.641681540108507,0.1963910252791624,0.0,0.0,0.02857142857142857,1.0,0.08571428571428572,3.0,0.0,0.0,0.0,0.0,0.0,0.0,0.0,0.0,0.02857142857142857,1.0,0.02857142857142857,1.0,0.02857142857142857,1.0,0.0,0.0,0.08571428571428572,3.0,0.6432485322896282,22.513698630136986,0.6285714285714286,22.0,0.8571428571428571,30.0,0.02857142857142857,1.0,0.0,0.0,0.02857142857142857,1.0,0.02857142857142857,1.0,0.02857142857142857,1.0,0.0,0.0,0.0,0.0
12,252,47,45.80690627202255,0.6257928118393234,259.1530657256286,0.0031589855787716,0.003154006467033831,784.0,2129.0,43.228936921041026,117.3908248786943,-0.7106162034180151,-0.7623396530365465,-0.6592375337118914,-1.42831013851995,0.0,0.0,0.0425531914893617,2.0,0.0,0.0,0.02127659574468085,1.0,0.02127659574468085,1.0,0.0,0.0,0.0,0.0,0.0,0.0,0.0425531914893617,2.0,0.0,0.0,0.0,0.0,0.0,0.0,0.8085106382978723,38.0,0.3404255319148936,16.0,0.10638297872340426,5.0,0.02127659574468085,1.0,0.0,0.0,0.0,0.0,0.23404255319148937,11.0,0.0,0.0,0.0,0.0,0.0851063829787234,4.0
12,253,135,40.566398775354,0.5466513585916571,195.41144966345806,0.1754405527756606,0.16164301585671234,2108.0,9348.0,30.513135991894043,135.31157270029672,-0.4123528165614325,-0.6932140763135338,-0.5814476256767244,-1.233007933207787,0.03119196513170362,4.210915292779989,0.007407407407407408,1.0,0.06409151609767044,8.65235467318551,0.042468619246861926,5.73326359832636,0.024170413187754227,3.2630057803468207,0.022222222222222223,3.0,0.0,0.0,0.007407407407407408,1.0,0.05008801680958933,6.76188226929456,0.008603634690591213,1.1614906832298137,0.0,0.0,0.014814814814814815,2.0,0.4899321235424868,66.14083667823571,0.24400462593978314,32.94062450187072,0.34075014645000634,46.00126977075086,0.01736526946107784,2.344311377245509,0.022222222222222223,3.0,0.0039523622562491825,0.5335689045936396,0.005306799336650083,0.7164179104477612,0.054184229625655354,7.314870999463473,0.0,0.0,0.007407407407407408,1.0
12,254,97,51.974543080939945,0.5844484334203656,112.89046133792654,0.0618610325085414,0.060023059745817266,756.0,1860.0,8.798473069223965,21.64703691634468,-0.7267940321819647,-0.7462072956834709,-0.5924067159744049,-1.5296155262410984,0.0,0.0,0.010309278350515464,1.0,0.020618556701030927,2.0,0.030927835051546393,3.0,0.0,0.0,0.020618556701030927,2.0,0.0,0.0,0.0,0.0,0.041237113402061855,4.0,0.020618556701030927,2.0,0.020618556701030927,2.0,0.0,0.0,0.5675862523211586,55.05586647515238,0.26140124662438696,25.355920922565534,0.125654043412941,12.188442211055277,0.010309278350515464,1.0,0.010309278350515464,1.0,0.0,0.0,0.019043694125369357,1.8472383301608275,0.030927835051546393,3.0,0.010309278350515464,1.0,0.030927835051546393,3.0
12,255,98,20.74322535086945,0.24618236384499956,204.0986337887371,0.1046572164915636,0.09953507552437975,2376.0,6352.0,49.483505498167276,132.28923692102632,-0.5061509040824763,-0.7661591150270552,-0.6621549574469737,-0.9492221166667049,0.0014673638050261425,0.14380165289256197,0.1290370237599465,12.645628328474757,0.0,0.0,0.05102040816326531,5.0,0.0,0.0,0.01020408163265306,1.0,0.0,0.0,0.0016973697154056284,0.16634223210975158,0.03507181405602355,3.437037777490308,0.01190145134805869,1.1663422321097516,0.01020408163265306,1.0,0.0079848048026977,0.7825108706643745,0.503048716696838,49.29877423629013,0.33937491716363083,33.25874188203582,0.4280295653297434,41.94689740231485,0.02040816326530612,2.0,0.01020408163265306,1.0,0.007964941462478408,0.780564263322884,0.054394986340993094,5.330708661417323,0.030612244897959183,3.0,0.0,0.0,0.012831160038336746,1.2574536837570012
12,256,289,22.10792968450142,0.4537499040454441,384.027639359511,0.0104339889135404,0.010379930555604659,687.0,1865.0,9.128961530795296,24.782406484618964,-0.45111278209587385,-0.7815845768249748,-0.6872275583195859,-1.948620003260281,0.04769445678618139,13.783698011206422,0.007492187422983272,2.1652421652421654,0.010922593100263821,3.1566294059762443,0.006318502414508315,1.826047197792903,0.0,0.0,0.0,0.0,0.0034602076124567475,1.0,0.0,0.0,0.03543690603472639,10.241265844035928,0.004384551298033945,1.2671353251318103,0.0001977261492832427,0.05714285714285714,0.005931784478497282,1.7142857142857144,0.32359185873182916,93.51804717349863,0.04228146874916113,12.219344468507567,0.03173732337576615,9.172086455596418,0.011342145862635926,3.2778801543017826,0.008273248512186944,2.390968820022027,0.0,0.0,0.5184440607401346,149.8303335538989,0.002795551983217925,0.8079145231499802,0.0,0.0,0.034359068146347295,9.929770694294367
12,257,39,40.32258064516129,0.4018817204301075,1223.7213680577345,0.0017986039662247,0.0017969884149788894,249.0,743.0,78.12990272983997,233.13460935048636,-0.8065488781983504,-0.7925463421969832,-0.9219210221268554,-1.7563557363974516,0.0,0.0,0.0,0.0,0.0,0.0,0.0,0.0,0.0,0.0,0.0,0.0,0.0,0.0,0.0,0.0,0.0,0.0,0.0,0.0,0.0,0.0,0.0,0.0,0.35985487699117763,14.034340202655928,0.22418056764728753,8.743042138244213,0.0,0.0,0.0,0.0,0.0,0.0,0.0,0.0,0.5752535492470339,22.434888420634323,0.0,0.0,0.0,0.0,0.02564102564102564,1.0
12,258,63,51.722138466890875,0.4113417604082106,140.18691588785046,0.0264402731158296,0.026096770801895874,984.0,6006.0,21.895861148197596,133.6448598130841,-0.09558941558987614,-0.6928432031055913,-0.7334969600817102,-1.0379118793487745,0.06570051094396005,4.139132189469484,0.04157764098526343,2.6193913820715964,0.0700900029504587,4.415670185878898,0.011254892817954896,0.7090582475311584,0.0177306192318412,1.1170290116059955,0.020080606082095286,1.265078183172003,0.0,0.0,0.014447596646804483,0.9101985887486824,0.01024000643772507,0.6451204055766794,0.034443149802955354,2.1699184375861873,0.0022692621352338404,0.14296351451973194,0.0006293266205160479,0.039647577092511016,0.5936845753643823,37.402128247956085,0.20274239831307397,12.77277109372366,0.5708364742091313,35.96269787517527,0.01499919404783114,0.9449492250133619,0.01499919404783114,0.9449492250133619,0.0,0.0,0.09864199113184698,6.21444544130636,0.03641367735443569,2.2940616733294483,0.004207590209079412,0.265078183172003,0.010841142989020948,0.6829920083083197
12,259,181,37.2219140937943,0.6460220619954397,162.32747100974862,0.0917987263139525,0.08782654377201365,3697.0,11142.0,33.15605858138346,99.92556254091818,-0.4745648517981012,-0.6958212174802456,-0.6776333130475712,-0.9468012024810045,0.024740600997170195,4.478048780487805,0.034941932574134624,6.3244897959183675,0.033976349060837636,6.149719180011612,0.2017248349279073,36.51219512195122,0.023747907711802584,4.298371295836268,0.022380037319190416,4.0507867547734655,0.004012690380414908,0.7262969588550984,0.0,0.0,0.027624309392265192,5.0,0.020290136021453267,3.672514619883041,0.0,0.0,0.0055248618784530384,1.0,0.16562275031533527,29.977717807075685,0.29202942346992217,52.85732564805591,0.5128945898124909,92.83392075606085,0.018367346938775512,3.3244897959183675,0.012842485060322472,2.3244897959183675,0.003960852854120968,0.7169143665958952,0.02990145193078341,5.412162799471798,0.01478761779202037,2.676558820355687,0.0,0.0,0.011131258565328272,2.0147578003244173
12,260,261,3.30323717242898,0.24730235630918299,1180.354558610709,0.0061897602025837,0.006170682321433396,378.0,1428.0,17.09479015918958,64.58031837916063,-0.7689982352845849,-0.7925463421969832,-0.9219210221268554,-2.0466410256015495,0.0038314176245210726,1.0,0.005659725974027763,1.4771884792212462,0.0,0.0,0.031858399018568934,8.315042143846492,0.0,0.0,0.0,0.0,0.0,0.0,0.0,0.0,0.0,0.0,0.0,0.0,0.0,0.0,0.014004399869439455,3.6551483659236976,0.09920857499653929,25.893438074096753,0.01219461953611008,3.182795698924731,0.0010253089417732448,0.2676056338028169,0.0,0.0,0.0038314176245210726,1.0,0.0,0.0,0.2766347902842156,72.20168026418027,0.0038314176245210726,1.0,0.0,0.0,0.007662835249042145,2.0
13,261,65,51.23123629617136,0.5480266486759994,33.12507007226361,0.0982010186252999,0.09367340340299896,7423.0,17835.0,37.82883002252505,90.89009611366485,-0.5263436285013569,-0.7048210112705184,-0.2012017338629765,-1.0270478390895565,0.0,0.0,0.03076923076923077,2.0,0.07692307692307693,5.0,0.05903149775016071,3.837047353760446,0.015384615384615385,1.0,0.015384615384615385,1.0,0.0,0.0,0.015384615384615385,1.0,0.1076923076923077,7.0,0.015384615384615385,1.0,0.0,0.0,0.015384615384615385,1.0,0.661993448867203,43.02957417636819,0.151339190057853,9.837047353760445,0.5226219357481816,33.97042582363181,0.015384615384615385,1.0,0.0,0.0,0.015384615384615385,1.0,0.09230769230769231,6.0,0.01789157917291622,1.1629526462395543,0.03076923076923077,2.0,0.12056995928862224,7.837047353760446
13,262,66,35.71065903936635,0.44812645973665505,47.962676317338506,0.1905151565421959,0.1743861181045586,5419.0,15908.0,39.38026408540263,115.60458406912439,-0.15294439224010206,-0.6090259775770668,-0.21212172307909585,-0.5719238156213833,0.015151515151515152,1.0,0.030303030303030304,2.0,0.1777702397105382,11.732835820895522,0.12121212121212122,8.0,0.030303030303030304,2.0,0.0,0.0,0.015151515151515152,1.0,0.045454545454545456,3.0,0.10606060606060606,7.0,0.015151515151515152,1.0,0.07575757575757576,5.0,0.015151515151515152,1.0,0.8096748976870373,53.43854324734446,0.5909090909090909,39.0,0.42424242424242425,28.0,0.09090909090909091,6.0,0.045454545454545456,3.0,0.0,0.0,0.015151515151515152,1.0,0.0,0.0,0.0,0.0,0.2878787878787879,19.0
13,263,135,27.375788284183283,0.3940145080742172,109.47484511336728,0.264826045277547,0.23493459910903222,2869.0,8349.0,23.26543189853709,67.70410976677803,-0.6201018990103867,-0.38585789629502865,1.2502906829754565,-1.5974209011105938,0.007407407407407408,1.0,0.007407407407407408,1.0,0.044444444444444446,6.0,0.14074074074074075,19.0,0.014814814814814815,2.0,0.0962962962962963,13.0,0.02962962962962963,4.0,0.037037037037037035,5.0,0.31262557423393406,42.204452521581096,0.06666666666666667,9.0,0.022222222222222223,3.0,0.007407407407407408,1.0,0.562962962962963,76.0,0.1037037037037037,14.0,0.18367072206236223,24.7955474784189,0.014814814814814815,2.0,0.014814814814814815,2.0,0.007407407407407408,1.0,0.05185185185185185,7.0,0.02962962962962963,4.0,0.0,0.0,0.05185185185185185,7.0
13,264,94,26.77532013969732,0.3922700814901048,85.33042846768338,0.1646623449749909,0.1524312123685743,4316.0,12612.0,39.17937545388526,114.4880174291939,-0.589714340108124,-0.7036909289285962,-0.14379815232090806,-1.3165319990864366,0.0,0.0,0.0,0.0,0.0791106756252333,7.43640350877193,0.19047154290175958,17.9043250327654,0.0,0.0,0.010638297872340425,1.0,0.0,0.0,0.031914893617021274,3.0,0.09472686205069573,8.9043250327654,0.05319148936170213,5.0,0.0,0.0,0.0,0.0,0.5415353726889937,50.9043250327654,0.18085106382978725,17.0,0.3673625369787929,34.53207847600653,0.02127659574468085,2.0,0.010638297872340425,1.0,0.0,0.0,0.0425531914893617,4.0,0.0,0.0,0.0,0.0,0.02127659574468085,2.0
13,265,163,27.770420325584237,0.39913612192090625,74.43330228140354,1.1912315167978569,0.784463722213902,15149.0,41551.0,69.17730651907867,189.74099037390175,-0.0394218875607981,-0.43450132046738876,0.330061963223589,-0.8494238247886134,0.010759318062706169,1.7537688442211055,0.0685303541898029,11.170447732937873,0.19811461918300163,32.292682926829265,0.0736196319018405,12.0,0.0641909856427432,10.463130659767142,0.05765735060213588,9.398148148148149,0.0,0.0,0.06748466257668712,11.0,0.15945928884856653,25.991864082316344,0.0736196319018405,12.0,0.03555538132852467,5.795527156549521,0.012269938650306749,2.0,0.6026075792740607,98.2250354216719,0.2006583869519677,32.707317073170735,0.6873228367769617,112.03362239464477,0.04294478527607362,7.0,0.06748466257668712,11.0,0.0,0.0,0.05521472392638037,9.0,0.04782531997883142,7.795527156549521,0.05521472392638037,9.0,0.11042944785276074,18.0
13,266,66,49.65759564017066,0.595891147682048,54.470276560449626,0.1091628575210959,0.10360554837218762,3249.0,13845.0,26.814231597712247,114.26378469385229,-0.3691554308902303,-0.3499988614766337,-0.16472862184802067,-1.2419805293234756,0.0,0.0,0.07775711586335143,5.131969646981195,0.09562417865854106,6.31119579146371,0.19309218660483804,12.744084315919311,0.015151515151515152,1.0,0.09090909090909091,6.0,0.03921277459336917,2.5880431231623655,0.045454545454545456,3.0,0.09478660127394982,6.255915684080688,0.0473325157136287,3.1239460370994943,0.045454545454545456,3.0,0.015151515151515152,1.0,0.696969696969697,46.0,0.1685446369257499,11.123946037099493,0.41380599684035924,27.31119579146371,0.030303030303030304,2.0,0.015151515151515152,1.0,0.0019995401057756714,0.13196964698119432,0.030303030303030304,2.0,0.015151515151515152,1.0,0.015151515151515152,1.0,0.16866620677244232,11.131969646981194
13,267,72,37.10766179779566,0.5415888028679303,51.26817528019482,0.1082627351691631,0.10279368581919748,3358.0,8722.0,23.910907304290863,62.105697888036005,-0.605167299926086,-0.26000322358501615,0.8385508248053859,-1.6095565102740492,0.0,0.0,0.05555555555555555,4.0,0.027777777777777776,2.0,0.08658763365876337,6.2343096234309625,0.041666666666666664,3.0,0.06944444444444445,5.0,0.05555555555555555,4.0,0.06944444444444445,5.0,0.2361111111111111,17.0,0.08333333333333333,6.0,0.0,0.0,0.027777777777777776,2.0,0.7009376253509827,50.46750902527076,0.041666666666666664,3.0,0.28517348576012835,20.532490974729242,0.023043464606494566,1.6591294516676087,0.0,0.0,0.0,0.0,0.06530303678752389,4.70181864870172,0.013888888888888888,1.0,0.0,0.0,0.1111111111111111,8.0
13,268,18,18.027112777617535,0.2763195846553216,28.613667795316896,0.1357018001857102,0.12725078600332435,3447.0,5775.0,54.79517382803186,91.8021841766417,-0.8065488781983504,-0.6890698977973891,0.4084633556569995,-0.6149945506428723,0.0,0.0,0.0,0.0,0.0,0.0,0.0,0.0,0.0,0.0,0.0,0.0,0.0,0.0,0.050848666381400655,0.9152759948652118,0.21264830802340506,3.827669544421291,0.004867025024662278,0.087606450443921,0.3888888888888889,7.0,0.0,0.0,0.9444444444444444,17.0,0.6666666666666666,12.0,0.41968236649087715,7.5542825968357885,0.0,0.0,0.0,0.0,0.0,0.0,0.0,0.0,0.0,0.0,0.06042258058021783,1.087606450443921,0.05555555555555555,1.0
13,269,59,43.75621537150163,0.3894729364966615,81.06511314766216,0.1229205820464458,0.1159329537955902,901.0,3347.0,12.379604567126036,45.987276899190725,-0.5657567124717059,0.02304750228304872,-0.0907022195300592,-1.1603010647065295,0.01694915254237288,1.0,0.01694915254237288,1.0,0.03389830508474576,2.0,0.13131158380235128,7.747383444338725,0.01694915254237288,1.0,0.13559322033898305,8.0,0.03389830508474576,2.0,0.1864406779661017,11.0,0.0847457627118644,5.0,0.0847457627118644,5.0,0.01694915254237288,1.0,0.0,0.0,0.5550403973616733,32.74738344433872,0.26690480414133433,15.747383444338725,0.40249802448031735,23.747383444338723,0.01694915254237288,1.0,0.03389830508474576,2.0,0.0,0.0,0.05084745762711865,3.0,0.03389830508474576,2.0,0.0,0.0,0.1016949152542373,6.0
13,270,72,30.768717914527635,0.44166277751850125,45.76659038901602,0.370335938236199,0.3150559201722654,10574.0,25353.0,67.21332316297992,161.15560640732267,-0.33869080378885896,-0.6052593625382044,0.13265276787698418,-0.9385538705909089,0.0,0.0,0.05555555555555555,4.0,0.125,9.0,0.05555555555555555,4.0,0.0,0.0,0.08333333333333333,6.0,0.0,0.0,0.0,0.0,0.09722222222222222,7.0,0.125,9.0,0.01233984457046839,0.888468809073724,0.125,9.0,0.6967850203144321,50.16852146263911,0.2881703874775468,20.74826789838337,0.5238418590234066,37.71661384968528,0.041666666666666664,3.0,0.041666666666666664,3.0,0.0,0.0,0.041666666666666664,3.0,0.12265942413001236,8.83147853736089,0.027777777777777776,2.0,0.11259602773093497,8.106913996627318
13,271,63,38.6383594193915,0.4241438090810476,70.75153856520372,0.071515769294323,0.06907425285009997,3144.0,6472.0,35.30838686492071,72.68316787206325,-0.22082873701137054,-0.3505709397167943,-0.4548552187629413,-1.1166525172112411,0.031746031746031744,2.0,0.015873015873015872,1.0,0.12569678985836807,7.918897761077188,0.12698412698412698,8.0,0.031746031746031744,2.0,0.1111111111111111,7.0,0.015873015873015872,1.0,0.047619047619047616,3.0,0.047619047619047616,3.0,0.047619047619047616,3.0,0.031746031746031744,2.0,0.0,0.0,0.3968253968253968,25.0,0.12346477052359404,7.778280542986425,0.4780817178817243,30.11914822654863,0.015873015873015872,1.0,0.015873015873015872,1.0,0.015873015873015872,1.0,0.29867184969225785,18.816326530612244,0.09395075811233632,5.918897761077188,0.015873015873015872,1.0,0.0463317104932887,2.9188977610771882
14,272,88,15.809763070126046,0.43600294538051715,43.687416534694265,0.2620504910116151,0.23273777204422072,8502.0,21091.0,42.20800174749666,104.7058297878678,-0.4950828437522408,-0.6293669351422123,-0.5587063892088133,-0.8016580965202765,0.0,0.0,0.0,0.0,0.11363636363636363,10.0,0.07954545454545454,7.0,0.022727272727272728,2.0,0.011363636363636364,1.0,0.011363636363636364,1.0,0.03409090909090909,3.0,0.045454545454545456,4.0,0.022727272727272728,2.0,0.09090909090909091,8.0,0.0,0.0,0.4431818181818182,39.0,0.18181818181818182,16.0,0.7840909090909091,69.0,0.011363636363636364,1.0,0.0,0.0,0.0,0.0,0.07954545454545454,7.0,0.03409090909090909,3.0,0.011363636363636364,1.0,0.10227272727272728,9.0
14,273,122,12.0590477510569,0.44923418116293573,118.31220846223222,0.0483963895385496,0.04726174867880133,3285.0,9760.0,31.85701678675679,94.64976676978577,-0.7471248059212887,-0.7440659987350879,-0.6211358959161368,-1.8169231646624238,0.0,0.0,0.01639344262295082,2.0,0.00819672131147541,1.0,0.04918032786885246,6.0,0.00819672131147541,1.0,0.01639344262295082,2.0,0.0,0.0,0.0,0.0,0.02459016393442623,3.0,0.040983606557377046,5.0,0.0,0.0,0.01639344262295082,2.0,0.351292403830547,42.85767326732673,0.00819672131147541,1.0,0.10655737704918032,13.0,0.01639344262295082,2.0,0.0,0.0,0.00819672131147541,1.0,0.5245901639344263,64.0,0.01639344262295082,2.0,0.0,0.0,0.02459016393442623,3.0
14,274,116,5.847953216374269,0.4875243664717349,101.04705656892978,0.0711816605755205,0.06876239479972593,20205.0,36154.0,176.00480844614017,314.9358002752661,-0.6621187791212735,-0.7537973119227531,-0.9219210221268554,-1.2042817629091522,0.0,0.0,0.04310344827586207,5.0,0.017241379310344827,2.0,0.008620689655172414,1.0,0.0,0.0,0.017241379310344827,2.0,0.0,0.0,0.0,0.0,0.0,0.0,0.0,0.0,0.034482758620689655,4.0,0.008620689655172414,1.0,0.4962260249185752,57.562218890554725,0.14655172413793102,17.0,0.4556299571131916,52.853075025130224,0.05172413793103448,6.0,0.06896551724137931,8.0,0.0,0.0,0.23821592422672783,27.63304721030043,0.034482758620689655,4.0,0.0,0.0,0.09482758620689655,11.0
14,275,41,6.027397260273973,0.4422648401826484,37.08024708106104,1.0860767764857495,0.7352851615032604,30679.0,46208.0,277.4597317560662,417.9034285662606,1.0506156421907527,-0.030827244360609102,-0.9219210221268554,0.052170042997881416,0.0975609756097561,4.0,0.36585365853658536,15.0,0.14634146341463414,6.0,0.14634146341463414,6.0,0.1951219512195122,8.0,0.04878048780487805,2.0,0.024390243902439025,1.0,0.14634146341463414,6.0,0.0,0.0,0.0,0.0,0.0975609756097561,4.0,0.17073170731707318,7.0,0.7804878048780488,32.0,0.5609756097560976,23.0,1.0,41.0,0.04878048780487805,2.0,0.04878048780487805,2.0,0.0,0.0,0.024390243902439025,1.0,0.24390243902439024,10.0,0.12195121951219512,5.0,0.43902439024390244,18.0
14,276,53,5.084366968376355,0.49745781651581183,30.94980875354025,1.1549298674291513,0.7677581789097367,43383.0,71655.0,253.33878361412013,418.4355747613069,1.1374186825105201,-0.512627345466848,-0.6889752871173591,-0.21357888942951267,0.18867924528301888,10.0,0.32075471698113206,17.0,0.0,0.0,0.24528301886792453,13.0,0.11320754716981132,6.0,0.018867924528301886,1.0,0.0,0.0,0.03773584905660377,2.0,0.03773584905660377,2.0,0.0,0.0,0.09433962264150944,5.0,0.05660377358490566,3.0,0.9811320754716981,52.0,0.41509433962264153,22.0,0.9622641509433962,51.0,0.03773584905660377,2.0,0.0,0.0,0.0,0.0,0.0,0.0,0.18867924528301888,10.0,0.018867924528301886,1.0,0.5471698113207547,29.0
14,277,101,3.623872258502888,0.21433694462270206,42.882921133637616,2.3031353022811665,1.1948721090214343,50178.0,97394.0,213.0474471924424,413.51873474153484,1.655325148889231,-0.1909133205422596,-0.8139412233281265,-0.31874657736036416,0.2079207920792079,21.0,0.32673267326732675,33.0,0.13861386138613863,14.0,0.1485148514851485,15.0,0.16831683168316833,17.0,0.0,0.0,0.0,0.0,0.1782178217821782,18.0,0.0,0.0,0.0297029702970297,3.0,0.15841584158415842,16.0,0.06930693069306931,7.0,0.9405940594059405,95.0,0.27722772277227725,28.0,0.9900990099009901,100.0,0.06930693069306931,7.0,0.0891089108910891,9.0,0.0,0.0,0.0,0.0,0.2079207920792079,21.0,0.019801980198019802,2.0,0.27722772277227725,28.0
14,278,173,16.376197205212748,0.42100800753650497,55.97854048089773,1.5987329723780284,0.9550240079331327,43563.0,72837.0,140.9591421369565,235.68259843971953,0.6315104143413761,-0.5894375802118651,-0.588090308740591,-0.3699499024320703,0.07514450867052024,13.0,0.2254335260115607,39.0,0.16184971098265896,28.0,0.10982658959537572,19.0,0.09248554913294797,16.0,0.005780346820809248,1.0,0.0,0.0,0.028901734104046242,5.0,0.04046242774566474,7.0,0.023121387283236993,4.0,0.09826589595375723,17.0,0.12138728323699421,21.0,0.838150289017341,145.0,0.3352601156069364,58.0,0.9364161849710982,162.0,0.028901734104046242,5.0,0.023121387283236993,4.0,0.0,0.0,0.03468208092485549,6.0,0.08670520231213873,15.0,0.06358381502890173,11.0,0.28901734104046245,50.0
14,279,126,18.285098266854632,0.5309312546645659,108.06823737274108,0.0707729712420457,0.06838079069629306,6905.0,15454.0,59.223109449109295,132.54655082209052,-0.5520479159036102,-0.6840899366219789,-0.7069694715811172,-1.47551734041624,0.015873015873015872,2.0,0.03968253968253968,5.0,0.02274190256386102,2.8654797230464886,0.04290714543874038,5.406300325281288,0.017536759746391475,2.2096317280453257,0.014805394627353084,1.8654797230464886,0.015873015873015872,2.0,0.0,0.0,0.02547326768289941,3.2096317280453257,0.015873015873015872,2.0,0.0507199890798488,6.390718624060949,0.015873015873015872,2.0,0.663493367796728,83.60016434238773,0.08642472999895388,10.88951597986819,0.3392902446076219,42.75057082056036,0.02547326768289941,3.2096317280453257,0.015873015873015872,2.0,0.0,0.0,0.14443458542837426,18.198757763975156,0.031746031746031744,4.0,0.007936507936507936,1.0,0.077366559444157,9.748186489963782
14,280,269,31.43965774549796,0.4386130733260372,235.96698216651023,0.1071146583336968,0.10175722409343428,8417.0,15363.0,73.83398099983333,134.76434003807051,-0.5166433065084384,-0.574470265233783,-0.3736790354057039,-1.0974069035850902,0.018599907281572903,5.003375058743111,0.040026939960573646,10.767246849394311,0.028938327555239965,7.78441011235955,0.05812549177338498,15.63575728704056,0.022304832713754646,6.0,0.04460966542750929,12.0,0.010856387970372996,2.920368364030336,0.025434727551017198,6.841941711223626,0.059101053491119965,15.89818338911127,0.05045154923745099,13.571466744874316,0.0706975302020732,19.01763562435769,0.0037174721189591076,1.0,0.33716067695825136,90.69622210176962,0.14620796233188657,39.32994186727749,0.5568851044457749,149.80209309591345,0.03811548330624998,10.253065009381245,0.01598511090077475,4.299994832308408,0.0,0.0,0.15436021667075672,41.52289828443356,0.03629064700710285,9.762184044910667,0.0037174721189591076,1.0,0.05614997387877265,15.104342973389842
15,281,67,52.0638201666559,0.44712873845358825,92.70790092707901,0.03118919976626,0.030712699126259596,2772.0,5893.0,38.35616438356164,81.54144181541442,0.193813428130702,-0.6982564842349827,-0.16862365792575817,-0.19732163407058223,0.05970149253731343,4.0,0.11057143436640009,7.408286102548805,0.1330907287147896,8.917078823890904,0.3815016404163191,25.56060990789338,0.0,0.0,0.014925373134328358,1.0,0.0,0.0,0.029850746268656716,2.0,0.09566109148705852,6.409293129632921,0.04477611940298507,3.0,0.029850746268656716,2.0,0.11940298507462686,8.0,0.8507462686567164,57.0,0.6417910447761194,43.0,0.6964733852859596,46.663716814159294,0.0646035918716821,4.328440655402701,0.0,0.0,0.0,0.0,0.029850746268656716,2.0,0.0658103452184018,4.409293129632921,0.0,0.0,0.12932423643646876,8.664723841243408
15,282,20,62.96038915913829,0.3605281445448228,68.79944960440316,0.0812264187608871,0.0780959697876412,3529.0,7582.0,121.39662882696939,260.8187134502924,0.19251491389437783,-0.08030041487596262,0.004038274535892894,0.3934618094136213,0.0,0.0,0.2,4.0,0.2,4.0,0.4,8.0,0.0,0.0,0.0,0.0,0.0,0.0,0.35,7.0,0.15,3.0,0.0,0.0,0.05,1.0,0.4,8.0,0.85,17.0,0.9,18.0,0.9,18.0,0.05,1.0,0.1,2.0,0.0,0.0,0.0,0.0,0.1,2.0,0.0,0.0,0.5,10.0
15,283,66,52.17652356649655,0.40708495947163015,78.13887408985971,0.1516237419162298,0.14117289600414357,20384.0,48019.0,241.330728704197,568.5076658971171,0.10066835041983453,-0.4297956168997573,0.530937509545313,0.14225780527888326,0.06060606060606061,4.0,0.13636363636363635,9.0,0.07575757575757576,5.0,0.3787878787878788,25.0,0.06060606060606061,4.0,0.06060606060606061,4.0,0.015151515151515152,1.0,0.045454545454545456,3.0,0.18181818181818182,12.0,0.09090909090909091,6.0,0.13636363636363635,9.0,0.18181818181818182,12.0,0.8787878787878788,58.0,0.7727272727272727,51.0,0.696969696969697,46.0,0.16666666666666666,11.0,0.06060606060606061,4.0,0.0,0.0,0.0,0.0,0.15151515151515152,10.0,0.10606060606060606,7.0,0.2727272727272727,18.0
15,284,56,67.2338090010977,0.5074094401756312,99.9000999000999,0.0610702264494539,0.059278046366483074,4550.0,9373.0,81.16883116883118,167.2077922077922,0.2522165748969744,-0.41232344438434604,0.2649275042737968,-0.29521153520850785,0.10714285714285714,6.0,0.05357142857142857,3.0,0.08928571428571429,5.0,0.4642857142857143,26.0,0.017857142857142856,1.0,0.03571428571428571,2.0,0.017857142857142856,1.0,0.10714285714285714,6.0,0.16071428571428573,9.0,0.05357142857142857,3.0,0.23214285714285715,13.0,0.10714285714285714,6.0,0.9464285714285714,53.0,0.7321428571428571,41.0,0.3392857142857143,19.0,0.10714285714285714,6.0,0.05357142857142857,3.0,0.017857142857142856,1.0,0.017857142857142856,1.0,0.10714285714285714,6.0,0.0,0.0,0.14285714285714285,8.0
15,285,27,71.89306358381504,0.5628612716763006,95.2616166249162,0.070184705953895,0.06783125596310276,2805.0,6393.0,98.9662350492185,225.5583389196627,-0.21489434525679418,-0.038846948206485266,-0.007393321719202817,-0.2001581170652713,0.037037037037037035,1.0,0.1111111111111111,3.0,0.037037037037037035,1.0,0.6666666666666666,18.0,0.0,0.0,0.0,0.0,0.0,0.0,0.37037037037037035,10.0,0.14814814814814814,4.0,0.0,0.0,0.2962962962962963,8.0,0.25925925925925924,7.0,0.9629629629629629,26.0,0.7777777777777778,21.0,0.4444444444444444,12.0,0.14814814814814814,4.0,0.037037037037037035,1.0,0.0,0.0,0.0,0.0,0.14814814814814814,4.0,0.037037037037037035,1.0,0.2962962962962963,8.0
15,286,115,51.25612899964616,0.48622554718697875,120.82243304861264,0.0362255213276409,0.03558480482660948,6123.0,12737.0,64.33006587449175,133.81872432523298,0.08627328522789178,-0.693378576801849,-0.05351607036984751,-0.6539443142368689,0.06086956521739131,7.0,0.05217391304347826,6.0,0.1391304347826087,16.0,0.12173913043478261,14.0,0.017391304347826087,2.0,0.017391304347826087,2.0,0.0,0.0,0.017391304347826087,2.0,0.13043478260869565,15.0,0.017391304347826087,2.0,0.034782608695652174,4.0,0.02608695652173913,3.0,0.8125459658230586,93.44278606965175,0.6347826086956522,73.0,0.3652173913043478,42.0,0.04757363253856942,5.470967741935484,0.008695652173913044,1.0,0.0,0.0,0.034782608695652174,4.0,0.05217391304347826,6.0,0.008695652173913044,1.0,0.1565217391304348,18.0
15,287,139,48.02054190779136,0.40995669336603685,121.44617051391826,0.033849856740904,0.03328955929608176,3391.0,6969.0,29.627623324654447,60.88909081377671,-0.35685936878777746,-0.675488112327137,-0.5369625144356641,-1.3275987186058495,0.007194244604316547,1.0,0.03743357742833659,5.203267262538786,0.11629317689553753,16.164751588479717,0.04863282369884683,6.759962494139709,0.014388489208633094,2.0,0.02158273381294964,3.0,0.007194244604316547,1.0,0.012449061729637268,1.7304195804195803,0.053887640824167554,7.49038207455929,0.014388489208633094,2.0,0.11330511871689955,15.749411501649037,0.02705008988589719,3.7599624941397094,0.4748201438848921,66.0,0.2644601618283432,36.75996249413971,0.25705337827639985,35.73041958041958,0.03023933282402004,4.203267262538786,0.014388489208633094,2.0,0.0,0.0,0.26228116219470776,36.457081545064376,0.026837550938270362,3.7304195804195803,0.02158273381294964,3.0,0.10412120634618133,14.472847682119205
15,288,40,68.92162211311147,0.5022731405710129,148.53323431117713,0.0509422546181851,0.049687147110576965,1933.0,4084.0,71.77868548087635,151.65243223171186,-0.24799311211278222,-0.650635936660889,1.2386506700862239,-0.34689741001606567,0.0,0.0,0.05,2.0,0.1626599634369287,6.506398537477148,0.075,3.0,0.0,0.0,0.04050632911392405,1.620253164556962,0.0,0.0,0.025,1.0,0.35,14.0,0.0,0.0,0.18024669762313678,7.2098679049254715,0.0,0.0,0.9094936708860759,36.379746835443036,0.5947533023768632,23.79013209507453,0.6781662925508527,27.12665170203411,0.025,1.0,0.0,0.0,0.0,0.0,0.04050632911392405,1.620253164556962,0.0,0.0,0.0,0.0,0.46474036850921274,18.58961474036851
16,289,30,39.747248267427636,0.3579800244598451,35.12387018217581,1.3039491702003931,0.8346246810453171,108481.0,198430.0,1270.0908537442047,2323.209853416382,0.8261252255703374,0.7050004642681991,0.7859811435154722,0.8241165295491257,0.0,0.0,0.4,12.0,0.26666666666666666,8.0,0.36666666666666664,11.0,0.4,12.0,0.36666666666666664,11.0,0.03333333333333333,1.0,0.0,0.0,0.1,3.0,0.3,9.0,0.3333333333333333,10.0,0.4666666666666667,14.0,0.9333333333333333,28.0,0.8333333333333334,25.0,0.9666666666666667,29.0,0.13333333333333333,4.0,0.06666666666666667,2.0,0.03333333333333333,1.0,0.0,0.0,0.4,12.0,0.2,6.0,0.36666666666666664,11.0
16,290,13,27.980354219377883,0.5468075606489061,44.03048264182896,0.6118316869691343,0.4773712260829019,54666.0,87074.0,1851.51566469094,2949.1617273497036,0.6693209465616762,-0.2667687776618855,-0.9219210221268554,0.2627052316542421,0.0,0.0,0.0,0.0,0.5384615384615384,7.0,0.07692307692307693,1.0,0.07692307692307693,1.0,0.07692307692307693,1.0,0.07692307692307693,1.0,0.0,0.0,0.0,0.0,0.0,0.0,0.15384615384615385,2.0,0.07692307692307693,1.0,0.6923076923076923,9.0,0.7692307692307693,10.0,1.0,13.0,0.0,0.0,0.0,0.0,0.0,0.0,0.0,0.0,0.46153846153846156,6.0,0.0,0.0,0.23076923076923078,3.0
16,291,23,36.450301415954016,0.470909855600729,78.94556188645569,0.2601735166264519,0.23124942309030871,18834.0,31119.0,646.4611793780463,1068.1334523237454,0.006486968588278315,-0.7925463421969832,-0.6535270230941748,-0.18023403169631524,0.0,0.0,0.043478260869565216,1.0,0.2608695652173913,6.0,0.043478260869565216,1.0,0.0,0.0,0.0,0.0,0.0,0.0,0.0,0.0,0.043478260869565216,1.0,0.0,0.0,0.0,0.0,0.43478260869565216,10.0,0.5217391304347826,12.0,0.4782608695652174,11.0,0.9130434782608695,21.0,0.043478260869565216,1.0,0.0,0.0,0.0,0.0,0.043478260869565216,1.0,0.08695652173913043,2.0,0.0,0.0,0.13043478260869565,3.0
16,292,11,30.287206266318538,0.2828981723237598,33.196523418638336,0.4749473947246537,0.3886223245623313,39534.0,65619.0,1193.0830516658618,1980.2933365523902,0.7165321666144598,-0.2010384396945366,-0.9219210221268554,0.464733477428816,0.0,0.0,0.45454545454545453,5.0,0.18181818181818182,2.0,0.2727272727272727,3.0,0.2727272727272727,3.0,0.09090909090909091,1.0,0.0,0.0,0.0,0.0,0.0,0.0,0.0,0.0,0.2727272727272727,3.0,0.18181818181818182,2.0,0.8181818181818182,9.0,1.0,11.0,0.9090909090909091,10.0,0.0,0.0,0.0,0.0,0.0,0.0,0.0,0.0,0.2727272727272727,3.0,0.0,0.0,0.36363636363636365,4.0
17,293,919,53.904692879144775,0.5709254393911941,201.33904706820553,0.2432498009536266,0.21772875851105045,19287.0,47870.0,42.25490969319347,104.87595411485309,0.18438685668468904,-0.5557750073139545,-0.5112125366898566,-0.6509519769830672,0.003264417845484222,3.0,0.02023155296919949,18.592797178694333,0.3371894323504042,309.8770883300215,0.05444042365065103,50.0307493349483,0.023812118786573515,21.88333716486106,0.037912774037469905,34.841839340434845,0.02668692154393515,24.525280898876403,0.01632208922742111,15.0,0.03812270294707238,35.03476400835952,0.04824188312238468,44.33429058947152,0.022786497903777646,20.940791573571655,0.0691464344261512,63.54557323763295,0.27211247341746486,250.0713630706502,0.317637512602307,291.90887408152014,0.6727043503259212,618.2152979495216,0.04829532355220099,44.38340234447271,0.03251653874819614,29.882699109592252,0.005172085208078946,4.753146306224552,0.12194623470537949,112.06858969424376,0.047942568081779,44.0592200671549,0.017370392967139874,15.963391136801542,0.031224797237369085,28.69558866114219
17,294,679,55.56147642900281,0.587019077054247,223.61197559039817,0.3260612327140619,0.28221306921486794,9009.0,24794.0,29.668929132457986,81.65295026197839,-0.15772067950692228,-0.721904601751896,-0.7183108932139328,-1.0388429268946542,0.0115715990293814,7.857115740949971,0.01707232237005792,11.592106889269328,0.1953612310788228,132.6502759025207,0.03335053002097178,22.64500988423984,0.010296900328048775,6.991595322745119,0.015290082130284816,10.38196576646339,0.005891016200294551,4.0,0.0014727540500736377,1.0,0.014797090650801798,10.047224551894422,0.030882226198214204,20.969031588587445,0.01648066810127527,11.190373640765907,0.005459834288023444,3.7072274815679185,0.5335054594654036,362.25020697700904,0.2561494333727936,173.92546526012686,0.500882036227861,340.0989025987176,0.01550936191614519,10.530856741062584,0.006165149164625574,4.186136282780765,0.0014727540500736377,1.0,0.07865470451656972,53.40654436675084,0.019495803098136418,13.237650303634629,0.0,0.0,0.046326287529241034,31.455549232354663
17,295,468,53.88037567968364,0.5019066450109455,326.2483530732177,0.0981810376179497,0.09365520892968868,5108.0,14225.0,35.608474091837515,99.16416287321627,0.09580826352607402,-0.6072281290406465,-0.68977699019989,-1.3574168481008317,0.057562281424686626,26.939147706753342,0.018223577694943333,8.52863436123348,0.17834128365811916,83.46372075199977,0.032386050257906515,15.156671520700248,0.00641025641025641,3.0,0.05032989765963798,23.554392104710576,0.01282051282051282,6.0,0.011051227611737165,5.171974522292993,0.01834843773913597,8.587068861915634,0.032700832958564914,15.303989824608381,0.010265399828506624,4.8042071197411005,0.11931925243866723,55.841410141296265,0.2561822389426284,119.89328782515011,0.11167976052007389,52.26612792339458,0.3545950591003339,165.95048765895626,0.021919660043280182,10.258400900255126,0.004273504273504274,2.0,0.007517080036164006,3.5179934569247546,0.18411320618011032,86.16498049229163,0.048602667940955274,22.746048596367068,0.004273504273504274,2.0,0.04147492446492424,19.410264649584544
17,296,829,58.778625954198475,0.5456234096692112,153.9664468295727,0.0781215178909332,0.07522019145004895,10488.0,26047.0,19.478891367292622,48.37592328793583,-0.008244290974423437,-0.6828050527756664,-0.7114427605079208,-1.2289144525057196,0.0017992863589968535,1.4916083916083915,0.007608464705390932,6.307417240769083,0.28075059453573586,232.74224287012504,0.04682406680139589,38.817151378357195,0.01470992858818549,12.194530799605772,0.016803957481493884,13.93048075215843,0.0076957316566640096,6.379761543374464,0.013126241258590767,10.881654003371747,0.02155370083911669,17.86801799562774,0.021298244107917027,17.656244365463216,0.020986349792274386,17.397683977795467,0.02270376903333917,18.821424528638172,0.40032018849215883,331.8654362599997,0.18432376227767197,152.80439892819007,0.4118849243831704,341.4526023136483,0.02755919888810032,22.846575878235164,0.007457393932679937,6.182179570191668,0.0017907726921565172,1.4845505617977528,0.20719082967074146,171.76119779704467,0.02599083090468165,21.546398819981086,0.004254281916964465,3.5267997091635412,0.034236169441769534,28.381784467226943
17,297,405,58.21504777808702,0.5694405789034234,168.49094517179836,0.2487974524655252,0.22218105023103812,10705.0,29837.0,44.53569303861979,124.1299834837271,0.0658094163341213,-0.5248322086239934,-0.7191142026470319,-0.756622010437547,0.0049382716049382715,2.0,0.028175290961493755,11.41099283940497,0.2834419091843647,114.79397321966769,0.09873497604897626,39.987665299835385,0.03830834528781743,15.514879841566058,0.04691358024691358,19.0,0.025544332210998878,10.345454545454546,0.013252370299350166,5.367209971236817,0.01728395061728395,7.0,0.02643836689224882,10.707538591360773,0.02962962962962963,12.0,0.0369379291978162,14.959861325115563,0.38249956506250016,154.91232385031256,0.36478800171311965,147.73914069381345,0.5368540354913177,217.42588437398368,0.06557501671875567,26.557881771096042,0.03438635211324616,13.926472605864694,0.0024691358024691358,1.0,0.1431985334040104,57.99540602862421,0.0902519479543969,36.552038921530745,0.012246571173124846,4.959861325115562,0.09477967754809669,38.38576940697916
17,298,655,29.941785585492763,0.5112152902993148,129.4052101896231,0.4582646724495573,0.37724714828421274,33030.0,93965.0,65.25578767272138,185.64214619035013,-0.2568510929823014,-0.634733089139975,-0.7098790910261187,-0.6676602112711816,0.006576121079937875,4.307359307359308,0.022686252863086516,14.859495625321667,0.16636958669774213,108.97207928702109,0.0463834499833554,30.381159739097786,0.042169671072658836,27.62113455259154,0.02652098214534375,17.371243305200156,0.00916030534351145,6.0,0.004580152671755725,3.0,0.02985413045121306,19.554455445544555,0.007633587786259542,5.0,0.02589409340474156,16.96063118010572,0.05377864494671979,35.225012440101466,0.5358792407256248,351.00090267528424,0.34533977648444397,226.1975535973108,0.6592838763120205,431.8309389843734,0.04566710637184716,29.911954673559894,0.02360170683065268,15.459117974077504,0.0015267175572519084,1.0,0.09049505724978586,59.27426249860974,0.04180733552645506,27.383804769828064,0.009540507264220635,6.249032258064516,0.07872818215957215,51.566959314519764
17,299,393,55.29255822760841,0.433807517515622,74.05020717099946,0.2802595744698681,0.24706284992647964,12159.0,40710.0,22.91034272244739,76.70697032904295,-0.24008408774261394,-0.37443425569038147,-0.38611180464088485,-0.47431487166355635,0.002544529262086514,1.0,0.012127331284194905,4.766041194688598,0.1906892211418735,74.94086390875628,0.06509590859388167,25.582692077395496,0.07401866320254685,29.089334638600914,0.06319130115473466,24.83418135381072,0.03763536303923309,14.790697674418604,0.02544529262086514,10.0,0.051508542348237006,20.242857142857144,0.05992424314918936,23.550227557631416,0.04644643000973553,18.253446993826064,0.03639880188403674,14.304729140426439,0.5233244437074543,205.66650637702955,0.41179946119258287,161.83718824868507,0.6351041093451569,249.59591497264668,0.08218110179504755,32.297173005453686,0.044434938268527215,17.462930739531195,0.009728550725005725,3.8233204349272496,0.15081983615017977,59.27219560702065,0.10376703752354266,40.780445746752264,0.01272264631043257,5.0,0.13424967100797663,52.76012070613481
18,300,680,48.51525908204718,0.5170533543571301,97.95391556372478,0.3096026816308419,0.2697237947443791,44372.0,75660.0,63.917810902847,108.98813605222672,0.7792983023741106,-0.4279508037735684,-0.593898903097577,-0.3943622298910316,0.09117647058823529,62.0,0.14852941176470588,101.0,0.2411764705882353,164.0,0.0661764705882353,45.0,0.06911764705882353,47.0,0.045588235294117645,31.0,0.033823529411764704,23.0,0.027941176470588237,19.0,0.03235294117647059,22.0,0.03529411764705882,24.0,0.11764705882352941,80.0,0.11911764705882352,81.0,0.38529411764705884,262.0,0.2911764705882353,198.0,0.6852941176470588,466.0,0.08235294117647059,56.0,0.01911764705882353,13.0,0.029411764705882353,20.0,0.04264705882352941,29.0,0.08676470588235294,59.0,0.054411764705882354,37.0,0.06470588235294118,44.0
18,301,771,36.65365937198008,0.43670258963412395,37.55520029927257,0.5390147434231947,0.4311424346829768,88645.0,162263.0,43.17873839856053,79.037865968364,0.22104172532739988,-0.5387055087445456,-0.7531576955317423,-0.8928657499944834,0.038910505836575876,30.0,0.1517509727626459,117.0,0.1582360570687419,122.0,0.06744487678339818,52.0,0.11673151750972763,90.0,0.01297016861219196,10.0,0.007782101167315175,6.0,0.016861219195849545,13.0,0.005188067444876783,4.0,0.03761348897535668,29.0,0.07133592736705577,55.0,0.10116731517509728,78.0,0.33073929961089493,255.0,0.2230869001297017,172.0,0.6070038910505836,468.0,0.03761348897535668,29.0,0.018158236057068743,14.0,0.0038910505836575876,3.0,0.09987029831387809,77.0,0.03631647211413749,28.0,0.007782101167315175,6.0,0.2204928664072633,170.0
18,302,776,52.038476991798824,0.4811278390962161,68.08026803973571,0.641785296774874,0.4957842453400174,49810.0,95695.0,43.699460709526235,83.95542848018698,0.1182589161737908,-0.5384670861225201,-0.6896323469128443,-0.6313786335202599,0.015463917525773196,12.0,0.17312730540054858,134.3467889908257,0.15850515463917525,123.0,0.08118556701030928,63.0,0.08247422680412371,64.0,0.041237113402061855,32.0,0.00902061855670103,7.0,0.007731958762886598,6.0,0.010309278350515464,8.0,0.04639175257731959,36.0,0.08247422680412371,64.0,0.14561855670103094,113.0,0.4329896907216495,336.0,0.2362716352974558,183.3467889908257,0.7023195876288659,545.0,0.03221649484536082,25.0,0.015463917525773196,12.0,0.01804123711340206,14.0,0.14304123711340205,111.0,0.05154639175257732,40.0,0.02190721649484536,17.0,0.13530927835051546,105.0
18,303,806,37.10999666669173,0.43329749400380446,39.97351630557422,0.3037635925902985,0.26525515304286806,133062.0,240808.0,65.99201025623222,119.42856717757714,0.4206514463472426,-0.3841129135353639,-0.7253402620663971,-0.7237440764219136,0.02357320099255583,19.0,0.18858560794044665,152.0,0.2369727047146402,191.0,0.13647642679900746,110.0,0.19975186104218362,161.0,0.022332506203473945,18.0,0.01240694789081886,10.0,0.017369727047146403,14.0,0.009925558312655087,8.0,0.03722084367245657,30.0,0.1488833746898263,120.0,0.23449131513647642,189.0,0.45285359801488834,365.0,0.2555831265508685,206.0,0.5856079404466501,472.0,0.09181141439205956,74.0,0.052109181141439205,42.0,0.011166253101736972,9.0,0.1327543424317618,107.0,0.08933002481389578,72.0,0.04962779156327544,40.0,0.1674937965260546,135.0
18,304,595,42.47144998205729,0.5081544339602727,51.45202811788481,0.4010448133274559,0.3372182535152958,41243.0,77611.0,35.66447051539367,67.11333368499426,0.04166115540002233,-0.3852121715378548,-0.6080190718535334,-0.5452322395302962,0.011764705882352941,7.0,0.16470588235294117,98.0,0.146218487394958,87.0,0.09747899159663866,58.0,0.14453781512605043,86.0,0.03529411764705882,21.0,0.02689075630252101,16.0,0.018487394957983194,11.0,0.020168067226890758,12.0,0.052100840336134456,31.0,0.1092436974789916,65.0,0.11764705882352941,70.0,0.4369747899159664,260.0,0.38487394957983195,229.0,0.5605353252412076,333.51851851851853,0.09915966386554621,59.0,0.06386554621848739,38.0,0.013445378151260505,8.0,0.08907563025210084,53.0,0.08739495798319327,52.0,0.05042016806722689,30.0,0.1915966386554622,114.0
18,305,1243,46.56531334290818,0.46709811889165237,42.40951556255216,0.5216858745894362,0.4198188482494947,172508.0,332392.0,58.857447390705936,113.4077529916962,0.18369363468296254,-0.49665100454123345,-0.6239963191479434,-0.22872561568454022,0.02574416733708769,32.0,0.1834271922767498,228.0,0.14963797264682221,186.0,0.06838294448913917,85.0,0.15205148833467416,189.0,0.015285599356395816,19.0,0.0056315366049879325,7.0,0.013676588897827836,17.0,0.013676588897827836,17.0,0.058728881737731296,73.0,0.15446500402252614,192.0,0.18262268704746581,227.0,0.47385358004827033,589.0,0.3250201126307321,404.0,0.7884151246983105,980.0,0.09654062751407884,120.0,0.06436041834271923,80.0,0.02574416733708769,32.0,0.01850362027353178,23.0,0.06033789219629927,75.0,0.027353177795655673,34.0,0.16492357200321803,205.0
18,306,1579,52.88190287028693,0.5028095266056171,79.12117867005266,0.409252159479652,0.3430591803393114,84775.0,173676.0,42.47940419096716,87.02628135972176,0.22224621037041833,-0.4597577487362654,-0.6462124983748653,-0.47059700368984353,0.008544337233380932,13.491508491508492,0.10766307789740343,170.0,0.26662444585180495,421.0,0.08043065231158962,127.0,0.10829639012032932,171.0,0.03103229892336922,49.0,0.014566181127295756,23.0,0.03103229892336922,49.0,0.015199493350221659,24.0,0.050031665611146296,79.0,0.1260291323622546,199.0,0.20012666244458518,316.0,0.4676956988546602,738.4915084915085,0.22545915136162129,356.0,0.6510449651678277,1028.0,0.06839772007599747,108.0,0.06649778340721976,105.0,0.03799873337555415,60.0,0.03926535782140595,62.0,0.07283090563647879,115.0,0.0253324889170361,40.0,0.1310956301456618,207.0
18,307,1138,54.00156491382943,0.5333266456673956,95.09770495310296,0.1988315505736355,0.18134737457720582,51541.0,104526.0,43.07056951658945,87.34782695894587,-0.15878516823069913,-0.6066770428329082,-0.6396638357929767,-0.2791768604459335,0.009666080843585237,11.0,0.06942003514938488,79.0,0.15641476274165203,178.0,0.08875219683655536,101.0,0.05272407732864675,60.0,0.020210896309314587,23.0,0.01054481546572935,12.0,0.015817223198594025,18.0,0.019332161687170474,22.0,0.04481546572934974,51.0,0.08347978910369068,95.0,0.23725834797891038,270.0,0.3602811950790861,410.0,0.30667838312829526,349.0,0.6766256590509666,770.0,0.0843585237258348,96.0,0.06239015817223199,71.0,0.040421792618629174,46.0,0.0632688927943761,72.0,0.05536028119507909,63.0,0.01757469244288225,20.0,0.10720562390158173,122.0
18,308,1174,49.58225142635084,0.6236465122851642,198.18694397082905,0.131618941815539,0.12364929927260587,26569.0,52164.0,44.852035045664024,88.05982747269444,0.012269341330392328,-0.6470517828418413,-0.5197296459206933,-0.6985591819067793,0.05366269165247019,63.0,0.05281090289608177,62.0,0.12862010221465076,151.0,0.06132879045996593,72.0,0.022998296422487224,27.0,0.01788756388415673,21.0,0.013628620102214651,16.0,0.014480408858603067,17.0,0.05110732538330494,60.0,0.02385008517887564,28.0,0.07397112884425715,86.84210526315789,0.16269165247018738,191.0,0.3577512776831346,420.0,0.1362862010221465,160.0,0.6873935264054515,807.0,0.029812606473594547,35.0,0.017035775127768313,20.0,0.028109028960817718,33.0,0.10477001703577513,123.0,0.03577512776831346,42.0,0.014480408858603067,17.0,0.06132879045996593,72.0
18,309,1113,35.248588211924286,0.5223899656630437,76.50120731689714,1.503534462339365,0.9177035183569331,59981.0,147915.0,41.22748352268471,101.66824869972004,0.016347493019097287,-0.6866928284402225,-0.7175048760588862,-0.4305419565107384,0.004492362982929021,5.0,0.05390835579514825,60.0,0.24528301886792453,273.0,0.06918238993710692,77.0,0.03773584905660377,42.0,0.01078167115902965,12.0,0.005390835579514825,6.0,0.005390835579514825,6.0,0.0071877807726864335,8.0,0.0440251572327044,49.0,0.0889487870619946,99.0,0.13117699910152741,146.0,0.49056603773584906,546.0,0.26774483378256964,298.0,0.7349505840071878,818.0,0.05390835579514825,60.0,0.05390835579514825,60.0,0.026954177897574125,30.0,0.039532794249775384,44.0,0.03504043126684636,39.0,0.012578616352201259,14.0,0.09523809523809523,106.0
18,310,1309,40.45765196367721,0.49855889127910297,106.19397233602402,1.563063356339314,0.9412031666781709,65096.0,147384.0,52.80980002433781,119.5667870036101,-0.0781149018780023,-0.6370428682716716,-0.7229097022820548,-0.4066855484049354,0.0106951871657754,14.0,0.03514132925897632,46.0,0.21161191749427044,277.0,0.04965622612681436,65.0,0.06569900687547746,86.0,0.0106951871657754,14.0,0.007639419404125287,10.0,0.006875477463712758,9.0,0.016042780748663103,21.0,0.02750190985485103,36.0,0.11382734912146678,149.0,0.19862490450725745,260.0,0.6226126814362108,815.0,0.41482047364400304,543.0,0.6149732620320856,805.0,0.05653170359052712,74.0,0.05576776165011459,73.0,0.023682200152788387,31.0,0.02215431627196333,29.0,0.03437738731856379,45.0,0.009931245225362872,13.0,0.057295645530939646,75.0
18,311,804,49.261973778270054,0.5386530923259413,66.17621639951997,1.0265039275304453,0.7063121051699367,61947.0,149155.0,50.98778703110776,122.76758155560202,0.12148227327968024,-0.5325436518730642,-0.8192906990815159,-0.3630602380907322,0.017412935323383085,14.0,0.07587064676616916,61.0,0.23507462686567165,189.0,0.053482587064676616,43.0,0.12935323383084577,104.0,0.012437810945273632,10.0,0.013681592039800995,11.0,0.0024875621890547263,2.0,0.0012437810945273632,1.0,0.026119402985074626,21.0,0.09079601990049752,73.0,0.2798507462686567,225.0,0.599502487562189,482.0,0.41044776119402987,330.0,0.5659203980099502,455.0,0.06965174129353234,56.0,0.05099502487562189,41.0,0.033582089552238806,27.0,0.011194029850746268,9.0,0.06965174129353234,56.0,0.033582089552238806,27.0,0.10945273631840796,88.0
18,312,758,41.35411671962746,0.528716669240209,61.72784210702044,0.414778886194184,0.3469732547109613,80678.0,149113.0,65.70024862150653,121.43039208580659,0.1775603801993325,-0.2796064401079815,-0.4161799895465184,-0.6954261473545758,0.025065963060686015,19.0,0.06464379947229551,49.0,0.24670184696569922,187.0,0.06068601583113457,46.0,0.20844327176781002,158.0,0.03825857519788918,29.0,0.030343007915567283,23.0,0.017150395778364115,13.0,0.032981530343007916,25.0,0.08311345646437995,63.0,0.14116094986807387,107.0,0.2704485488126649,205.0,0.554089709762533,420.0,0.27440633245382584,208.0,0.5065963060686016,384.0,0.08311345646437995,63.0,0.07387862796833773,56.0,0.023746701846965697,18.0,0.06596306068601583,50.0,0.09234828496042216,70.0,0.047493403693931395,36.0,0.19393139841688653,147.0
18,313,1013,42.26369286795381,0.530743167971481,90.71760942531783,1.1205315771775577,0.7516668012045886,58841.0,119637.0,52.69412493776038,107.13901913935587,0.04567587570791948,-0.649736626055349,-0.8390434860900493,-0.818467121114714,0.023692003948667325,24.0,0.06878678865597454,69.68101690850222,0.19842053307008883,201.0,0.05824284304047384,59.0,0.07403751233958539,75.0,0.0019743336623889436,2.0,0.0009871668311944718,1.0,0.014807502467917079,15.0,0.0029615004935834156,3.0,0.017769002961500493,18.0,0.045409674234945706,46.0,0.18657453109575517,189.0,0.5316107061018842,538.5216452812087,0.2349457058242843,238.0,0.578105920550531,585.6212975176879,0.045409674234945706,46.0,0.028627838104639685,29.0,0.012833168805528134,13.0,0.007897334649555774,8.0,0.02073050345508391,21.0,0.0009871668311944718,1.0,0.12537018756169793,127.0
18,314,2323,58.397232707711325,0.4131012350225566,279.6514168563714,0.1498720059472598,0.13965063700464994,47442.0,84922.0,57.112451650882356,102.23227560170801,0.5951438697052192,-0.5543891552283153,-0.757576682214751,-0.5510275098320597,0.012053379250968575,28.0,0.06996663674101285,162.53249714937286,0.4253955413884554,988.193842645382,0.07447266465777012,173.0,0.06523138060670378,151.53249714937286,0.023676280671545414,55.0,0.02582866982350409,60.0,0.005165733964700818,12.0,0.018510546706844596,43.0,0.013775290572535515,32.0,0.025398191993112353,59.0,0.3524168309950155,818.664298401421,0.09751721788608388,226.53249714937286,0.27559052757244673,640.1967955507938,0.6500215238915196,1510.0,0.09407339524295,218.53249714937286,0.04542940040868397,105.53249714937286,0.017649591046061126,41.0,0.19888075764098148,462.0,0.0742714150449302,172.53249714937286,0.008609556607834697,20.0,0.03558514782669865,82.66429840142096
18,315,140,57.407135516076934,0.6539421524005286,395.05615441051975,0.0816377294950992,0.07847630873727153,39580.0,67048.0,1116.8801851120265,1891.9803600654664,-0.38123914188718483,-0.7678698939518769,-0.8699878807998477,-1.2328549792235868,0.0,0.0,0.027852618274889687,3.899366558484556,0.13226245043471935,18.51674306086071,0.02142857142857143,3.0,0.007142857142857143,1.0,0.0,0.0,0.0,0.0,0.007142857142857143,1.0,0.0,0.0,0.014285714285714285,2.0,0.03818242506306528,5.345539508829139,0.04373325087610802,6.1226551226551225,0.014285714285714285,2.0,0.09641580112378682,13.498212157330155,0.39486415073849096,55.28098110338873,0.0,0.0,0.0,0.0,0.02142857142857143,3.0,0.2232272201810017,31.251810825340236,0.02142857142857143,3.0,0.0,0.0,0.0,0.0
18,316,988,26.772771906854953,0.3850445384831198,59.57323135939723,0.3464679480431955,0.29748482908214824,130679.0,194351.0,78.79524595966265,117.18741991832196,0.4575807945834189,-0.5265483117254888,-0.597921932815191,-0.41536509057889737,0.009109311740890687,9.0,0.10020242914979757,99.0,0.35728744939271256,353.0,0.0708502024291498,70.0,0.05161943319838057,51.0,0.03643724696356275,36.0,0.02327935222672065,23.0,0.018218623481781375,18.0,0.02327935222672065,23.0,0.04959514170040486,49.0,0.06376518218623482,63.0,0.22975708502024292,227.0,0.5475708502024291,541.0,0.23178137651821862,229.0,0.7844129554655871,775.0,0.07692307692307693,76.0,0.0728744939271255,72.0,0.02327935222672065,23.0,0.11842105263157894,117.0,0.06578947368421052,65.0,0.05566801619433198,55.0,0.10425101214574899,103.0
18,317,563,45.87313390150432,0.41432976449849984,58.57365350822892,0.3193334988931857,0.2771266839997645,83151.0,183429.0,86.50902065475564,190.8367085144036,0.5094102396950684,-0.28241947047731786,-0.2998581113107708,0.23289789151063323,0.015985790408525755,9.0,0.0994671403197158,56.0,0.3605683836589698,203.0,0.14742451154529307,83.0,0.10301953818827708,58.0,0.06571936056838366,37.0,0.04085257548845471,23.0,0.04262877442273535,24.0,0.056838365896980464,32.0,0.07460035523978685,42.0,0.11900532859680284,67.0,0.06216696269982238,35.0,0.3925399644760213,221.0,0.2024866785079929,114.0,0.8330373001776199,469.0,0.0905861456483126,51.0,0.07282415630550622,41.0,0.08880994671403197,50.0,0.03907637655417407,22.0,0.07104795737122557,40.0,0.046181172291296625,26.0,0.12078152753108348,68.0
18,318,321,49.74283566100883,0.48718170506943104,45.44077552256892,0.1841774374921747,0.16904838798028346,40176.0,63783.0,56.87316502787317,90.29124564348952,0.16836995103054095,-0.31802217914246744,-0.8494846245126033,0.09088547010091225,0.009345794392523364,3.0,0.06853582554517133,22.0,0.2772585669781931,89.0,0.205607476635514,66.0,0.22741433021806853,73.0,0.037383177570093455,12.0,0.009345794392523364,3.0,0.018691588785046728,6.0,0.006230529595015576,2.0,0.009345794392523364,3.0,0.059190031152647975,19.0,0.5171339563862928,166.0,0.5420560747663551,174.0,0.3582554517133956,115.0,0.7757009345794392,249.0,0.102803738317757,33.0,0.04984423676012461,16.0,0.056074766355140186,18.0,0.08099688473520249,26.0,0.26479750778816197,85.0,0.009345794392523364,3.0,0.35202492211838005,113.0
18,319,405,48.1376215407629,0.485006232859636,73.72993362485481,0.728990609182641,0.5475377753287639,42418.0,81083.0,77.22163764195288,147.61096810133589,0.17997460961454256,-0.6017973828543567,-0.8528223027809422,-0.4708275687874058,0.014814814814814815,6.0,0.2419753086419753,98.0,0.1259259259259259,51.0,0.03950617283950617,16.0,0.1037037037037037,42.0,0.0024691358024691358,1.0,0.0024691358024691358,1.0,0.014814814814814815,6.0,0.0024691358024691358,1.0,0.014814814814814815,6.0,0.09382716049382717,38.0,0.08641975308641975,35.0,0.6567901234567901,266.0,0.39753086419753086,161.0,0.6296296296296297,255.0,0.04197530864197531,17.0,0.044444444444444446,18.0,0.019753086419753086,8.0,0.044444444444444446,18.0,0.044444444444444446,18.0,0.0049382716049382715,2.0,0.10123456790123457,41.0
18,320,448,44.890314610771284,0.3841977325708821,97.76344301897004,0.3244907143377783,0.28102801901290825,15167.0,30810.0,33.097726345283895,67.23418927264434,0.012900841563842247,-0.7080455173337761,-0.7969880697380389,-1.136917628768074,0.033482142857142856,15.0,0.13169642857142858,59.0,0.11160714285714286,50.0,0.03794642857142857,17.0,0.05133928571428571,23.0,0.0,0.0,0.002232142857142857,1.0,0.002232142857142857,1.0,0.004464285714285714,2.0,0.026785714285714284,12.0,0.05580357142857143,25.0,0.046875,21.0,0.5825892857142857,261.0,0.06919642857142858,31.0,0.6205357142857143,278.0,0.015625,7.0,0.011160714285714286,5.0,0.002232142857142857,1.0,0.026785714285714284,12.0,0.022321428571428572,10.0,0.0,0.0,0.029017857142857144,13.0
18,321,989,52.847390979057074,0.4778043277790988,61.345507325484746,0.5869678597613631,0.46182518914093457,84521.0,173259.0,52.42652805517994,107.46876899601781,0.3801301246343914,-0.44645822899410187,-0.625089593227299,-0.2781319599215699,0.03649876265378306,36.09727626459144,0.14256825075834176,141.0,0.2295247724974722,227.0,0.12537917087967643,124.0,0.1051567239635996,104.0,0.041456016177957536,41.0,0.024266936299292215,24.0,0.01314459049544995,13.0,0.024266936299292215,24.0,0.04044489383215369,40.0,0.10920121334681497,108.0,0.4015139294889701,397.0972762645914,0.442763380889286,437.8929836995039,0.3417593528816987,338.0,0.6996966632962589,692.0,0.10111223458038422,100.0,0.0717896865520728,71.0,0.029322548028311426,29.0,0.08907712463558286,88.09727626459144,0.07684529828109202,76.0,0.03134479271991911,31.0,0.12335692618806876,122.0
18,322,195,51.96811818130429,0.4377720412277892,94.47445556066955,3.7269117963255503,1.5532720920909004,198395.0,439938.0,961.1928005620019,2131.4309246384537,0.44501353638970914,-0.30155290345690017,-0.3499850197168314,0.6133407149047768,0.010256410256410256,2.0,0.1641025641025641,32.0,0.29743589743589743,58.0,0.1641025641025641,32.0,0.14358974358974358,28.0,0.035897435897435895,7.0,0.02564102564102564,5.0,0.06153846153846154,12.0,0.05641025641025641,11.0,0.06153846153846154,12.0,0.11282051282051282,22.0,0.22564102564102564,44.0,0.4,78.0,0.37948717948717947,74.0,0.8512820512820513,166.0,0.08205128205128205,16.0,0.09230769230769231,18.0,0.10256410256410256,20.0,0.05128205128205128,10.0,0.09743589743589744,19.0,0.1076923076923077,21.0,0.08205128205128205,16.0
18,323,443,60.19623773514155,0.600074995312793,52.35465968289385,0.3833173094170772,0.3244844619534873,53630.0,97885.0,63.381047376830644,115.68252512550937,0.3992082819377196,0.06312742595221932,0.06234293259548529,-0.20461634225525904,0.024830699774266364,11.0,0.19187358916478556,85.0,0.2234762979683973,99.0,0.18058690744920994,80.0,0.23655727267465418,104.7948717948718,0.10158013544018059,45.0,0.03837471783295711,17.0,0.0835214446952596,37.0,0.06772009029345373,30.0,0.15575620767494355,69.0,0.18689587312612144,82.7948717948718,0.327313769751693,145.0,0.5485327313769752,243.0,0.37020316027088035,164.0,0.7539503386004515,334.0,0.10563176477397697,46.794871794871796,0.07854372865659548,34.794871794871796,0.024830699774266364,11.0,0.033860045146726865,15.0,0.1372344735775887,60.794871794871796,0.07854372865659548,34.794871794871796,0.26138797244892054,115.7948717948718
18,324,395,55.73461264258555,0.4263159458174905,61.598632666300716,0.1795514423431707,0.16513423260099597,41850.0,78403.0,65.2633614451819,122.26626827686012,0.08500498204361166,-0.4853941849496317,-0.44439132703854356,-0.47166526956767063,0.015189873417721518,6.0,0.0810126582278481,32.0,0.22278481012658227,88.0,0.10632911392405063,42.0,0.14430379746835442,57.0,0.015189873417721518,6.0,0.010126582278481013,4.0,0.017721518987341773,7.0,0.017721518987341773,7.0,0.10126582278481013,40.0,0.13670886075949368,54.0,0.2911392405063291,115.0,0.4911392405063291,194.0,0.3518987341772152,139.0,0.6886075949367089,272.0,0.060759493670886074,24.0,0.06835443037974684,27.0,0.015189873417721518,6.0,0.015189873417721518,6.0,0.09113924050632911,36.0,0.03291139240506329,13.0,0.11645569620253164,46.0
18,325,328,70.4027013875577,0.5397245528407332,47.996511473068544,0.4114278903878753,0.34460188018563487,42449.0,79043.0,62.115973034155076,115.6642761087121,0.021819037391137653,-0.4416584783905819,-0.7912233167138697,-0.7118878720789443,0.018292682926829267,6.0,0.10365853658536585,34.0,0.17378048780487804,57.0,0.08231707317073171,27.0,0.15548780487804878,51.0,0.01524390243902439,5.0,0.024390243902439025,8.0,0.009146341463414634,3.0,0.012195121951219513,4.0,0.01524390243902439,5.0,0.13414634146341464,44.0,0.14939024390243902,49.0,0.524390243902439,172.0,0.25609756097560976,84.0,0.6097560975609756,200.0,0.07317073170731707,24.0,0.054878048780487805,18.0,0.012195121951219513,4.0,0.0975609756097561,32.0,0.03353658536585366,11.0,0.003048780487804878,1.0,0.13414634146341464,44.0
18,326,536,62.43086757851536,0.539251958593017,82.23583272986143,0.2952531801735197,0.258706181968206,34051.0,63915.0,52.24276754262148,98.06162777852785,0.30183690371423233,-0.5984697268752084,-0.6894049106255771,-0.9176269665561883,0.009328358208955223,5.0,0.09514925373134328,51.0,0.3041044776119403,163.0,0.06902985074626866,37.0,0.07649253731343283,41.0,0.013059701492537313,7.0,0.009328358208955223,5.0,0.013059701492537313,7.0,0.016791044776119403,9.0,0.03544776119402985,19.0,0.12686567164179105,68.0,0.1623134328358209,87.0,0.3917910447761194,210.0,0.1884328358208955,101.0,0.5130597014925373,275.0,0.06343283582089553,34.0,0.029850746268656716,16.0,0.014925373134328358,8.0,0.03171641791044776,17.0,0.048507462686567165,26.0,0.005597014925373134,3.0,0.08022388059701492,43.0
19,327,308,78.27099424339727,0.21477335184703059,47.60145833558719,0.841194640086045,0.6104146218585397,106908.0,235433.0,165.22651648509594,363.8621474130617,0.35884410933751404,-0.35737800856228347,-0.68363670136252,0.5169201665662256,0.032467532467532464,10.0,0.07467532467532467,23.0,0.28711793257247803,88.43232323232323,0.17207792207792208,53.0,0.21428571428571427,66.0,0.03571428571428571,11.0,0.00974025974025974,3.0,0.00974025974025974,3.0,0.01948051948051948,6.0,0.032467532467532464,10.0,0.05519480519480519,17.0,0.20963531418076875,64.56767676767677,0.3246753246753247,100.0,0.6705590163660765,206.53217704075158,0.7142857142857143,220.0,0.15584415584415584,48.0,0.1461038961038961,45.0,0.05519480519480519,17.0,0.003246753246753247,1.0,0.05844155844155844,18.0,0.027817132362586906,8.567676767676767,0.15768726223271676,48.567676767676765
19,328,689,61.818261477773625,0.3537819031330829,22.66203602441448,0.8013276722261595,0.5885239886933127,271599.0,465383.0,89.3321672306959,153.07004805733067,0.8708534731986957,0.04620803500491369,-0.3389962807541239,0.6680115964153149,0.005805515239477504,4.0,0.15965166908563136,110.0,0.4669690880124749,321.7417016405952,0.17706821480406387,122.0,0.3722424684774001,256.4750607809287,0.05224963715529753,36.0,0.01741654571843251,12.0,0.06765322114387466,46.61306936812964,0.04998507660924901,34.439717783772565,0.07547169811320754,52.0,0.09616589021684296,66.2582983594048,0.1964716138118856,135.3689419163892,0.5875467376565904,404.8197022453908,0.6961208131724151,479.627240275794,0.844361754518135,581.765248862995,0.178643953552739,123.08568399783717,0.11465892597968069,79.0,0.0460330073751059,31.716742081447965,0.01451378809869376,10.0,0.0963264759308987,66.3689419163892,0.02902757619738752,20.0,0.34344197481298866,236.6315206461492
19,329,1105,76.77017701770177,0.309017401740174,38.094647098773734,0.6534503771302995,0.50286424218218,124713.0,233326.0,42.9945495351074,80.43865727573285,0.25210581681118466,-0.038269330626148415,-0.5497338134124955,0.10568577111263752,0.015384615384615385,17.0,0.13936651583710408,154.0,0.23529411764705882,260.0,0.08868778280542987,98.0,0.32941176470588235,364.0,0.05520361990950226,61.0,0.028054298642533938,31.0,0.03619909502262444,40.0,0.03257918552036199,36.0,0.047058823529411764,52.0,0.048868778280542986,54.0,0.08687782805429864,96.0,0.32036199095022627,354.0,0.5429864253393665,600.0,0.8244343891402715,911.0,0.12941176470588237,143.0,0.08235294117647059,91.0,0.019004524886877826,21.0,0.019004524886877826,21.0,0.05067873303167421,56.0,0.01809954751131222,20.0,0.18733031674208145,207.0
19,330,1452,50.78377784060566,0.3468538937580498,41.03342047754197,1.087297108837648,0.7358699796481051,140293.0,227485.0,39.646705640880135,64.28710507805535,0.38793704084049585,0.3962102017450238,-0.20960909844306813,0.2563901350208896,0.030991735537190084,45.0,0.1453168044077135,211.0,0.24311294765840222,353.0,0.09573002754820936,139.0,0.46005509641873277,668.0,0.05303030303030303,77.0,0.0743801652892562,108.0,0.08884297520661157,129.0,0.03305785123966942,48.0,0.13980716253443526,203.0,0.045454545454545456,66.0,0.2465564738292011,358.0,0.3822314049586777,555.0,0.7011019283746557,1018.0,0.7982093663911846,1159.0,0.12258953168044077,178.0,0.06611570247933884,96.0,0.01652892561983471,24.0,0.008264462809917356,12.0,0.06680440771349862,97.0,0.07024793388429752,102.0,0.18457300275482094,268.0
19,331,1557,49.855572645083846,0.3163196658788811,92.15455212118235,0.8252317704273279,0.601706976465382,103837.0,166061.0,61.45826736420817,98.28694335128877,0.22805214929498177,0.04333510545034473,-0.30588222312272406,-0.015830434058239806,0.005138086062941554,8.0,0.06936416184971098,108.0,0.30828516377649323,480.0,0.17726396917148363,276.0,0.302504816955684,471.0,0.030828516377649325,48.0,0.027617212588310854,43.0,0.12267180475272961,191.0,0.017341040462427744,27.0,0.14001284521515736,218.0,0.0224791265253693,35.0,0.16698779704560052,260.0,0.17405266538214514,271.0,0.5806037251123957,904.0,0.8124598587026333,1265.0,0.08349389852280026,130.0,0.05202312138728324,81.0,0.009633911368015413,15.0,0.020552344251766216,32.0,0.03596660244059088,56.0,0.05073859987154785,79.0,0.17790622992935132,277.0
19,332,1558,53.00144006319596,0.2967523753682956,37.08040593286495,1.0476236243900665,0.7166799131348832,273623.0,456894.0,65.1222844195655,108.7407893985263,0.16740138538792623,0.23958318972578035,0.2229431288735744,0.15813697824034662,0.008985879332477536,14.0,0.14890885750962773,232.0,0.2116472513510353,329.746417604913,0.2336328626444159,364.0,0.3331193838254172,519.0,0.07461719024074903,116.253582395087,0.07894736842105263,123.0,0.06948240205076187,108.253582395087,0.04749679075738126,74.0,0.2342747111681643,365.0,0.037869062901155326,59.0,0.19833119383825418,309.0,0.32413350449293965,505.0,0.5487804878048781,855.0,0.7387676508344031,1151.0,0.16158306649866047,251.746417604913,0.08664955070603338,135.0,0.030166880616174584,47.0,0.00834403080872914,13.0,0.0975609756097561,152.0,0.12708600770218229,198.0,0.3140266895989005,489.253582395087
19,333,1791,58.33953716203366,0.3291582019014379,29.66949573287713,1.2472751780603082,0.8097184503513416,475024.0,891621.0,78.69191815194989,147.7048880784123,0.023642042416812985,0.5262259429819377,0.06978664614025684,0.618673406193469,0.008375209380234505,15.0,0.12562814070351758,225.0,0.17978782802903406,322.0,0.20658849804578447,370.0,0.5544388609715243,993.0,0.04690117252931323,84.0,0.05527638190954774,99.0,0.12339475153545505,221.0,0.06365159128978225,114.0,0.16471245114461194,295.0,0.06476828587381352,116.0,0.23394751535455052,419.0,0.5170295924064768,926.0,0.7504187604690117,1344.0,0.8358458961474037,1497.0,0.17699609156895588,317.0,0.11557788944723618,207.0,0.034059184812953655,61.0,0.012283640424343942,22.0,0.05695142378559464,102.0,0.2769402568397543,496.0,0.21552205471803462,386.0
19,334,2204,71.55338993318686,0.3641959502417589,61.86717028714058,1.2728956773122924,0.8210546473421163,172067.0,276193.0,48.29990195007903,77.52849075824057,-0.32524111155631724,-0.29830177862144247,-0.6152432791949496,0.32666957171239314,0.006352087114337568,14.0,0.05181011139049664,114.1894855046546,0.11799215731199851,260.0547147156447,0.09395076461009332,207.06748520064568,0.23094241017802042,508.997072032357,0.02887668198717776,63.64420709973979,0.00845395137655275,18.632508833922262,0.03670383884013437,80.89526080365614,0.017331550133994,38.19873649532278,0.054930244288755786,121.06625841241775,0.0690072675775555,152.09201774093233,0.14348196172986147,316.2342436526147,0.3263061167470899,719.1786813105862,0.7063994193767262,1556.9043203063045,0.8533400339593853,1880.7614348464851,0.1255246584626565,276.65634725169497,0.05292937715594147,116.656347251695,0.015278510398574969,33.67383691845923,0.014972776769509982,33.0,0.030105813270914498,66.35321244909555,0.012790147688137292,28.18948550465459,0.16106282440478975,354.9824649881566
19,335,2381,45.0769690205323,0.30364766590423375,45.070113271548855,2.4042069202701457,1.2250119962520587,407424.0,1037921.0,77.12157005269853,196.46878217941727,0.1485226248981724,0.21855598976142837,-0.262405883173959,0.81377889042931,0.015119697606047878,36.0,0.13727034550218087,326.8406926406926,0.19985198046520053,475.84756548764244,0.2234355312893742,532.0,0.40144794854583893,955.8475654876424,0.05753884922301554,137.0,0.03233935321293574,77.0,0.10289794204115918,245.0,0.05291894162116758,126.0,0.09155816883662327,218.0,0.0877782444351113,209.0,0.2372952540949181,565.0,0.5002128823380722,1191.0068728469498,0.7063227028142364,1681.7543554006968,0.9197175831531468,2189.8475654876424,0.1540728960468889,366.84756548764244,0.1028339208263933,244.84756548764244,0.05407574775333761,128.75435540069685,0.008399832003359933,20.0,0.07307853842923141,174.0,0.13271734565308693,316.0,0.24569508609827803,585.0
19,336,1134,40.42173827903573,0.33765240603131086,26.619630827504324,1.548286797563496,0.9354212892892102,303516.0,507031.0,71.24765317672664,119.02097035361855,0.2756542135820402,0.6240225850845442,0.07173243859052665,1.0154885009710743,0.009700176366843033,11.0,0.1948853615520282,221.0,0.21164021164021163,240.0,0.2072310405643739,235.0,0.6287477954144621,713.0,0.054673721340388004,62.0,0.030864197530864196,35.0,0.1490299823633157,169.0,0.06437389770723104,73.0,0.164021164021164,186.0,0.15873015873015872,180.0,0.18165784832451498,206.0,0.4947089947089947,561.0,0.6305114638447972,715.0,0.9506172839506173,1078.0,0.24338624338624337,276.0,0.11816578483245149,134.0,0.06790123456790123,77.0,0.013227513227513227,15.0,0.07760141093474426,88.0,0.10229276895943562,116.0,0.36772486772486773,417.0
19,337,1503,44.350494928758714,0.2997469460761398,28.5142591215749,3.484735622265848,1.5006795466753953,538535.0,1400522.0,102.16850656046132,265.70091293058096,0.4223579724266194,0.24286557696845235,-0.39341241917370706,0.8001825623121677,0.00332667997338656,5.0,0.22588440060699172,339.50425411230856,0.2547131969514641,382.83393501805057,0.15169660678642716,228.0,0.49689549901400565,746.8339350180505,0.04646303061746543,69.83393501805054,0.03315631072391919,49.83393501805054,0.059214903526280775,89.0,0.03781366268666037,56.83393501805054,0.08117099135063206,122.0,0.05389221556886228,81.0,0.12973503996514368,194.99176506761094,0.46595454484746635,700.329680905742,0.7569000728780003,1137.6208095356344,0.9503520894639824,1428.3791904643656,0.20315796677494888,305.34642406274816,0.1319670153444765,198.34642406274818,0.03260146373918829,49.0,0.0026613439787092482,4.0,0.0665335994677312,100.0,0.09115103127079174,137.0,0.2762249268010309,415.16606498194943
19,338,1817,47.226284016809494,0.2743560759261756,46.59206124612353,2.312179559970277,1.197606450020306,301888.0,611179.0,77.41103018970688,156.72035993585322,0.36865232318217395,0.29846284234867393,-0.21309219785499786,0.638370610710586,0.032471106219042374,59.0,0.21686256719373892,394.0392845910236,0.17373756709977428,315.6811594202899,0.28618602091359385,520.0,0.4785382642272238,869.5040261008656,0.03852504127682994,70.0,0.04402861860209136,80.0,0.09118390722085297,165.68115942028984,0.04935671954886619,89.68115942028986,0.11117226197028068,202.0,0.07374793615850303,134.0,0.35139493163847424,638.4845907871077,0.4864813335442661,883.9365830499315,0.6897930801347898,1253.354026604913,0.9157952669235003,1664.0,0.17240267675485796,313.2556636635769,0.10281954139488779,186.8231067145111,0.03500643302370025,63.60668880406335,0.002201430930104568,4.0,0.06500479712127442,118.11371636935563,0.09428664864045688,171.31884057971016,0.32669768314171155,593.6096902684899
19,339,3557,70.29593728131957,0.3753432595656724,95.74143084585953,0.6839936105150146,0.5211681215819479,135860.0,244979.0,36.56854313949529,65.93938708796126,-0.4201898188648716,-0.28106413110065137,-0.5628483524790532,-0.09359412618702606,0.003654765251616531,13.0,0.0780121868328287,277.4893485643717,0.0681669136957798,242.46971201588877,0.12770039876496744,454.2303184069892,0.18944828135478536,673.8675367789715,0.029238122012932247,104.0,0.019117233623840314,68.0,0.057123806293857105,203.1893789872497,0.023896542029800395,85.0,0.05819510823727861,207.0,0.07450098397526005,265.0,0.1545403515386219,549.7000304228781,0.3072571635596159,1092.9137307815538,0.6344142274267758,2256.6114069570413,0.6737526997875075,2396.5383531441644,0.067329026866565,239.4893485643717,0.03907787461343829,139.0,0.014984528978667979,53.299969577122,0.010444545965701433,37.15125,0.03064380095586168,109.0,0.061489586803998075,218.71846026182115,0.1363615768870536,485.0381289872497
19,340,2437,72.58736556736206,0.46153983712504604,81.94866321453298,0.4989365652560019,0.40475590018366747,113863.0,235333.0,38.288554122266596,79.13510365312143,-0.19708328242753329,-0.04906215064550408,0.11219401688966013,-0.24826818616631036,0.005939058206189925,14.473484848484848,0.03364792778005745,82.0,0.1806633317148955,440.2765393892003,0.19713974282503274,480.4295532646048,0.17087032333986873,416.4109779792601,0.04883052933935166,119.0,0.0335880287977379,81.85402618008726,0.13992613869511694,341.0,0.058268362741075094,142.0,0.1855189761409122,452.10974485540305,0.1626364089203959,396.3449285390048,0.29758001099338816,725.202486790887,0.48113275664921584,1172.520527954139,0.5093904647828309,1241.3845626757588,0.5868736662682448,1430.2111246957124,0.07503015381554569,182.84848484848484,0.03671460190746198,89.47348484848484,0.027492819039803038,67.0,0.00943783340172343,23.0,0.08889002872384079,216.625,0.08062104425461011,196.47348484848484,0.30499941708850725,743.2835794446921
19,341,641,59.81702726727544,0.29097215428914114,28.340472980829727,4.2809080940968265,1.6640980704483508,312132.0,697004.0,138.00262889941254,308.16572588970735,0.31688383441855583,0.23750376520749605,-0.4706795395197318,0.7374537046120899,0.0093603744149766,6.0,0.30265210608424337,194.0,0.13884555382215288,89.0,0.20904836193447737,134.0,0.40249609984399376,258.0,0.056162246489859596,36.0,0.046801872074883,30.0,0.0904836193447738,58.0,0.028081123244929798,18.0,0.07644305772230889,49.0,0.062402496099843996,40.0,0.22464898595943839,144.0,0.46333853354134164,297.0,0.7769110764430577,498.0,0.9313572542901716,597.0,0.21528861154446177,138.0,0.1435257410296412,92.0,0.0234009360374415,15.0,0.0124804992199688,8.0,0.07956318252730109,51.0,0.08268330733229329,53.0,0.31513260530421217,202.0
19,343,1940,46.475087237174506,0.33579470364010183,25.60180067757673,1.2299466372289736,0.8019776556919787,483102.0,938158.0,63.75402634504471,123.80687690759808,0.3881768598766482,0.770160383858446,1.6355400276378331,0.941358100659986,0.009278350515463918,18.0,0.23787998270870722,461.487166454892,0.21832569044581596,423.55183946488296,0.38556701030927837,748.0,0.4943298969072165,959.0,0.06134020618556701,119.0,0.029896907216494847,58.0,0.30876288659793816,599.0,0.2154639175257732,418.0,0.33762886597938147,655.0,0.1634020618556701,317.0,0.43195876288659796,838.0,0.5474560170154592,1062.0646730099909,0.7561855670103093,1467.0,0.9556701030927836,1854.0,0.211340206185567,410.0,0.12886597938144329,250.0,0.04587628865979381,89.0,0.007216494845360825,14.0,0.10721649484536082,208.0,0.06701030927835051,130.0,0.2517975084819031,488.487166454892
19,344,7461,56.51451749073156,0.39433065374591636,124.61355767448153,0.9120632153168592,0.6481828764868753,276997.0,504453.0,46.264015058515426,84.25369656824184,-0.20871474504706142,-0.33303240203941037,-0.5637703957360837,-0.3469466392477777,0.008139597660491127,60.729538144924305,0.05858729106828064,437.11977866044185,0.15071192704963857,1124.4616877173532,0.0959867783149371,716.1573530077457,0.21125355834211934,1576.1627987905524,0.019774239876044805,147.53560371517028,0.016217665192333468,121.0,0.03133972506003613,233.82568867292954,0.019139431558859207,142.79929886064855,0.06601942503831927,492.5709302109001,0.053290301492330674,397.59893943427915,0.12228102735424613,912.3387450900304,0.18122657046449028,1352.131442235562,0.5335344664856002,3980.7006544490628,0.6160281884177702,4596.186313784983,0.06581737069353538,491.0634027444675,0.03257699770745863,243.05697989534883,0.010767760908409358,80.33826413764221,0.014368141152573576,107.20070113935145,0.032600782105058033,243.234435285838,0.047462945904470304,354.12103939325294,0.08941294431710277,667.1099775499038
19,345,2901,47.22454760362865,0.3203533175733899,55.19329735336629,1.888851154308483,1.060858898629814,272624.0,514084.0,51.868381584502345,97.8076217738985,0.21755307033754487,0.019775903509253498,-0.3693641689222432,0.559362193480272,0.006894174422612892,20.0,0.1266994077892428,367.5549819965933,0.25315020034233776,734.3887311931219,0.22985270683953793,666.8027025414996,0.4015092254629647,1164.7782630680606,0.0224060668734919,65.0,0.01999310582557739,58.0,0.06319460304181924,183.3275434243176,0.024659988489983475,71.53862660944206,0.11012214266706231,319.4643358771478,0.05719287315928522,165.91652503508644,0.23925098916848064,694.0671195777624,0.3567740377266291,1035.001483444951,0.7867256458723025,2282.2910986755496,0.9201818049131155,2669.447416052948,0.12358182817828615,358.5108835452081,0.07582635537254949,219.97225693576607,0.01964839710444674,57.0,0.008617718028266115,25.0,0.050672182006204755,147.0,0.07127375062982674,206.76515057712737,0.20659558771949646,599.3337999742593
20,346,814,34.049906318068366,0.46151758108618074,62.11165906040473,0.305785429838947,0.2668047216739488,11040.0,20892.0,8.423989140379216,15.941483797174149,0.039642034961382334,-0.5094645735363671,-0.6456217468354968,-0.10846643593101794,0.02334152334152334,19.0,0.02457002457002457,20.0,0.2334152334152334,190.0,0.07002457002457002,57.0,0.06511056511056511,53.0,0.038083538083538086,31.0,0.022113022113022112,18.0,0.0171990171990172,14.0,0.020884520884520884,17.0,0.04054054054054054,33.0,0.029484029484029485,24.0,0.1547911547911548,126.0,0.4692874692874693,382.0,0.3845208845208845,313.0,0.7788697788697788,634.0,0.09950859950859951,81.0,0.03194103194103194,26.0,0.030712530712530713,25.0,0.051597051597051594,42.0,0.02702702702702703,22.0,0.022113022113022112,18.0,0.2641277641277641,215.0
20,347,1366,42.26665740087123,0.3791526917745339,110.9024586084583,0.4515347249807699,0.37262142771052187,12623.0,24276.0,10.248328953254532,19.7091367875471,-0.2505791957919424,-0.5405456449540427,-0.6288310470531394,-0.568154115603017,0.004392386530014641,6.0,0.01683748169838946,23.0,0.17862371888726208,244.0,0.08272327964860908,113.0,0.05124450951683748,70.0,0.029282576866764276,40.0,0.0212298682284041,29.0,0.022693997071742314,31.0,0.02635431918008785,36.0,0.03587115666178624,49.0,0.10102489019033675,138.0,0.19472913616398244,266.0,0.3169838945827233,433.0,0.4773060029282577,652.0,0.5117130307467057,699.0,0.06588579795021962,90.0,0.032210834553440704,44.0,0.00951683748169839,13.0,0.09004392386530015,123.0,0.03953147877013177,54.0,0.030014641288433383,41.0,0.20351390922401172,278.0
20,348,552,39.4142493570867,0.3437420885021786,79.15828358455094,0.946303208985658,0.6659317830271242,11358.0,30944.0,16.287677263647275,44.374527667397544,0.27165679138375937,-0.4549245607019169,-0.4861484361363526,0.15659987374060902,0.03985507246376811,22.0,0.04891304347826087,27.0,0.25905797101449274,143.0,0.11956521739130435,66.0,0.04891304347826087,27.0,0.04528985507246377,25.0,0.036231884057971016,20.0,0.025362318840579712,14.0,0.028985507246376812,16.0,0.07065217391304347,39.0,0.07246376811594203,40.0,0.3967391304347826,219.0,0.29528985507246375,163.0,0.46557971014492755,257.0,0.6702898550724637,370.0,0.11413043478260869,63.0,0.07427536231884058,41.0,0.059782608695652176,33.0,0.014492753623188406,8.0,0.06159420289855073,34.0,0.041666666666666664,23.0,0.322463768115942,178.0
20,349,2388,36.507870168588184,0.29131863386053214,85.03840438325257,0.7769468964708659,0.5748966649166799,32537.0,78943.0,11.58666065082868,28.112172350197266,0.20534052843583805,-0.5485255967275366,-0.6555163003025113,-0.23716041660432513,0.04438860971524288,106.0,0.018006700167504188,43.0,0.24958123953098826,596.0,0.11348408710217756,271.0,0.05443886097152429,130.0,0.031407035175879394,75.0,0.017169179229480736,41.0,0.02051926298157454,49.0,0.02219430485762144,53.0,0.03559463986599665,85.0,0.06155778894472362,147.0,0.1972361809045226,471.0,0.30695142378559465,733.0,0.4639865996649916,1108.0,0.5573701842546064,1331.0,0.08333333333333333,199.0,0.04438860971524288,106.0,0.038107202680067,91.0,0.031407035175879394,75.0,0.038525963149078725,92.0,0.018425460636515914,44.0,0.26716917922948075,638.0
20,350,2330,51.651533855578755,0.4386015513534925,157.72091250686222,1.5167536324105393,0.922969829920499,26365.0,53209.0,17.84683200962842,36.017905723509145,-0.026837208661878997,-0.47239612846337986,-0.47584982392115993,-0.3314961030079493,0.016738197424892704,39.0,0.0296137339055794,69.0,0.2206008583690987,514.0,0.0871244635193133,203.0,0.05321888412017167,124.0,0.04377682403433476,102.0,0.02575107296137339,60.0,0.03175965665236052,74.0,0.04420600858369099,103.0,0.04763948497854077,111.0,0.1686695278969957,393.0,0.0905579399141631,211.0,0.19184549356223177,447.0,0.45879828326180255,1069.0,0.5377682403433477,1253.0,0.06824034334763948,159.0,0.03261802575107296,76.0,0.03390557939914163,79.0,0.01888412017167382,44.0,0.028755364806866954,67.0,0.02575107296137339,60.0,0.20429184549356222,476.0
20,351,1576,38.97582825285436,0.44301336493297727,100.448832919683,1.0288850403401248,0.7074864009537286,26455.0,57540.0,16.861509358440443,36.67402186674213,0.33271316639398824,-0.5523252634894105,-0.6169206857924072,-0.35897134391667024,0.028553299492385786,45.0,0.02918781725888325,46.0,0.32423857868020306,511.0,0.1034263959390863,163.0,0.053934010152284266,85.0,0.027918781725888325,44.0,0.018401015228426396,29.0,0.020939086294416244,33.0,0.024746192893401017,39.0,0.04187817258883249,66.0,0.12436548223350254,196.0,0.2430203045685279,383.0,0.29949238578680204,472.0,0.5215736040609137,822.0,0.5996192893401016,945.0,0.08946700507614214,141.0,0.046954314720812185,74.0,0.00951776649746193,15.0,0.0932741116751269,147.0,0.03807106598984772,60.0,0.01903553299492386,30.0,0.25761421319796957,406.0
20,352,1296,37.53634798465086,0.36370556915300895,128.61506582590522,0.6369722577524453,0.49284835124016985,15166.0,28972.0,15.050741422188878,28.75181857336517,0.06408086918531253,-0.6335949268723194,-0.6746573749750602,-0.5573461440288213,0.020061728395061727,26.0,0.027777777777777776,36.0,0.24743587406035109,320.676892782215,0.03780864197530864,49.0,0.033179012345679014,43.0,0.026234567901234566,34.0,0.009259259259259259,12.0,0.011574074074074073,15.0,0.020061728395061727,26.0,0.033950617283950615,44.0,0.044753086419753084,58.0,0.07310765798802102,94.74752475247524,0.15432098765432098,200.0,0.28858024691358025,374.0,0.4451615494056634,576.9293680297397,0.06635802469135803,86.0,0.032407407407407406,42.0,0.047839506172839504,62.0,0.18013003812636164,233.4485294117647,0.02546296296296296,33.0,0.007716049382716049,10.0,0.11651234567901235,151.0
20,353,1119,50.89878704566881,0.36821037884413826,127.23441946879915,0.5878248772568427,0.46236507793827475,13551.0,25568.0,15.40798586435833,29.071757256284688,0.1837614632585436,-0.5091728684934395,-0.5527971469034403,-0.605699493829875,0.016979445933869526,19.0,0.017873100983020553,20.0,0.3065236818588025,343.0,0.10277033065236818,115.0,0.044682752457551385,50.0,0.0420017873100983,47.0,0.024128686327077747,27.0,0.024128686327077747,27.0,0.03663985701519214,41.0,0.03932082216264522,44.0,0.10187667560321716,114.0,0.17962466487935658,201.0,0.1554959785522788,174.0,0.3494191242180518,391.0,0.5093833780160858,570.0,0.09115281501340483,102.0,0.03932082216264522,44.0,0.020554066130473638,23.0,0.03306523681858802,37.0,0.045576407506702415,51.0,0.01966041108132261,22.0,0.19481680071492405,218.0
20,354,951,33.107593256907045,0.43556990094262893,84.39874546722827,3.5108860344227284,1.5064935941795499,88736.0,194146.0,78.75086306813846,172.29946201346476,-0.08074147629164165,-0.407829610115949,-0.42419223992318933,-0.127234411521918,0.022082018927444796,21.0,0.03995793901156677,38.0,0.17981072555205047,171.0,0.11251314405888538,107.0,0.07045215562565721,67.0,0.05152471083070452,49.0,0.035751840168243953,34.0,0.027339642481598318,26.0,0.05152471083070452,49.0,0.04942166140904311,47.0,0.06414300736067298,61.0,0.11251314405888538,107.0,0.38275499474237645,364.0,0.4416403785488959,420.0,0.4027339642481598,383.0,0.15772870662460567,150.0,0.08096740273396424,77.0,0.06203995793901157,59.0,0.016824395373291272,16.0,0.04311251314405889,41.0,0.026288117770767613,25.0,0.2765509989484753,263.0
20,355,590,41.28936367858802,0.3650422666047376,47.798591318803645,2.404140511553402,1.2249924882238885,44458.0,90906.0,36.0174537771419,73.64709732927396,0.30712964079582644,-0.5551558858000339,-0.4680626196478295,-0.31224774592775645,0.02711864406779661,16.0,0.05423728813559322,32.0,0.29768799039454946,175.63591433278418,0.1694915254237288,100.0,0.03559322033898305,21.0,0.04915254237288136,29.0,0.00847457627118644,5.0,0.024345907910535283,14.364085667215816,0.03559322033898305,21.0,0.06440677966101695,38.0,0.07010861977494207,41.36408566721582,0.3328204841817217,196.36408566721582,0.5271186440677966,311.0,0.3243459079105353,191.36408566721582,0.39152542372881355,231.0,0.16779661016949152,99.0,0.07966101694915254,47.0,0.059322033898305086,35.0,0.00847457627118644,5.0,0.04406779661016949,26.0,0.020338983050847456,12.0,0.3847457627118644,227.0
20,356,352,48.98741625068803,0.46393797331410025,72.22305433758943,0.5775497691131055,0.4558728642941061,9517.0,20442.0,19.52689795826246,41.9427180900285,0.38718859218983104,-0.24764320263969736,-0.15495621224422998,0.0242579824567917,0.03125,11.0,0.04261363636363636,15.0,0.32670454545454547,115.0,0.2840909090909091,100.0,0.10795454545454546,38.0,0.06818181818181818,24.0,0.036931818181818184,13.0,0.05965909090909091,21.0,0.05397727272727273,19.0,0.11931818181818182,42.0,0.10511363636363637,37.0,0.5795454545454546,204.0,0.5710227272727273,201.0,0.5397727272727273,190.0,0.7840909090909091,276.0,0.07386363636363637,26.0,0.03977272727272727,14.0,0.02556818181818182,9.0,0.008522727272727272,3.0,0.07386363636363637,26.0,0.11931818181818182,42.0,0.3153409090909091,111.0
20,357,1607,58.14028912307406,0.6434912713890967,148.66868900490041,1.7211498849000213,1.0010545427750182,72273.0,179467.0,66.86205451431965,166.0306385167546,-0.18076856779680295,-0.6834764067434633,-0.7512352063775217,-0.7881359043109736,0.008089607965152458,13.0,0.016801493466085875,27.0,0.19539514623522092,314.0,0.1281891723708774,206.0,0.02613565650280025,42.0,0.016801493466085875,27.0,0.005600497822028625,9.0,0.008089607965152458,13.0,0.015556938394523958,25.0,0.020535158680771624,33.0,0.02613565650280025,42.0,0.17797137523335407,286.0,0.25140012445550713,404.0,0.4405724953329185,708.0,0.3683883011823273,592.0,0.04542626011200996,73.0,0.021157436216552583,34.0,0.01431238332296204,23.0,0.0224019912881145,36.0,0.016801493466085875,27.0,0.009956440572495333,16.0,0.22464219041692596,361.0
20,358,1672,38.018185590846436,0.34385513776289073,83.02208327829976,0.6785815015287627,0.5179490924276015,22936.0,53975.0,11.388723098511264,26.800938665946347,-0.06305401308241022,-0.5802741317565883,-0.6440327040568352,-0.03603964430566956,0.03289473684210526,55.0,0.034688995215311005,58.0,0.16507177033492823,276.0,0.08911483253588516,149.0,0.041866028708133975,70.0,0.030502392344497607,51.0,0.013157894736842105,22.0,0.020933014354066987,35.0,0.028110047846889953,47.0,0.028708133971291867,48.0,0.04724880382775119,79.0,0.18600478468899523,311.0,0.37320574162679426,624.0,0.5574162679425837,932.0,0.6949760765550239,1162.0,0.0735645933014354,123.0,0.016148325358851676,27.0,0.028708133971291867,48.0,0.03409090909090909,57.0,0.035287081339712915,59.0,0.022727272727272728,38.0,0.2805023923444976,469.0
20,359,744,55.80614261637142,0.5924423750803294,96.5433835341626,0.2686043122710569,0.23791732944809305,10856.0,19410.0,14.087029188802006,25.186923042985164,0.015723198829411016,-0.5608332140194392,-0.5810906936861762,0.08426658546943742,0.005376344086021506,4.0,0.009408602150537635,7.0,0.27956989247311825,208.0,0.12634408602150538,94.0,0.04032258064516129,30.0,0.04435483870967742,33.0,0.008064516129032258,6.0,0.024193548387096774,18.0,0.03225806451612903,24.0,0.038978494623655914,29.0,0.10080645161290322,75.0,0.46236559139784944,344.0,0.43413978494623656,323.0,0.5658602150537635,421.0,0.7204301075268817,536.0,0.0456989247311828,34.0,0.0228494623655914,17.0,0.041666666666666664,31.0,0.08870967741935484,66.0,0.033602150537634407,25.0,0.03494623655913978,26.0,0.34274193548387094,255.0
20,360,1183,45.22103400125271,0.37508547720703583,63.8105984927106,1.2262239152375545,0.8003068386468829,31259.0,65542.0,16.860993223023165,35.35312127142213,0.11902950589984918,-0.46917019298102125,-0.44776182028927153,0.027652912582599047,0.01267962806424345,15.0,0.03296703296703297,39.0,0.28064243448858833,332.0,0.1386306001690617,164.0,0.09551986475063398,113.0,0.03888419273034658,46.0,0.01267962806424345,15.0,0.029585798816568046,35.0,0.04395604395604396,52.0,0.055790363482671176,66.0,0.08622147083685545,102.0,0.26373626373626374,312.0,0.4623837700760778,547.0,0.6162299239222316,729.0,0.6365173288250211,753.0,0.12003381234150465,142.0,0.06255283178360102,74.0,0.027049873203719356,32.0,0.027895181741335588,33.0,0.05156382079459002,61.0,0.03550295857988166,42.0,0.29247675401521556,346.0
20,361,278,58.598845519945634,0.31143622630308615,41.81010691656477,2.703266101006817,1.3092151602750195,19821.0,42478.0,29.810004647238504,63.885241784238794,0.0916894019139997,-0.2971570609646484,-0.323360211579679,0.3354073344906868,0.025179856115107913,7.0,0.02877697841726619,8.0,0.2446043165467626,68.0,0.5503597122302158,153.0,0.10071942446043165,28.0,0.046762589928057555,13.0,0.017985611510791366,5.0,0.09352517985611511,26.0,0.050359712230215826,14.0,0.07913669064748201,22.0,0.14388489208633093,40.0,0.5575539568345323,155.0,0.5863309352517986,163.0,0.5467625899280576,152.0,0.5107913669064749,142.0,0.1510791366906475,42.0,0.06474820143884892,18.0,0.08273381294964029,23.0,0.0,0.0,0.0683453237410072,19.0,0.046762589928057555,13.0,0.3381294964028777,94.0
20,362,2666,40.66780269289855,0.4936840814324258,161.54501506985943,0.5051381931715385,0.4088847166907337,16335.0,31338.0,9.898116358462692,18.989113586868925,0.32845171181268973,-0.3216709924441558,-0.3829763600052113,-0.1671670091381388,0.019879969992498126,53.0,0.0277569392348087,74.0,0.34433608402100524,918.0,0.07539384846211553,201.0,0.072768192048012,194.0,0.05888972243060765,157.0,0.047261815453863466,126.0,0.042010502625656414,112.0,0.050637659414853715,135.0,0.0622655663915979,166.0,0.17929482370592648,478.0,0.1245311327831958,332.0,0.21717929482370593,579.0,0.5213803450862715,1390.0,0.5502625656414104,1467.0,0.07801950487621906,208.0,0.05101275318829707,136.0,0.03900975243810953,104.0,0.025506376594148537,68.0,0.03788447111777944,101.0,0.03225806451612903,86.0,0.2126781695423856,567.0
20,363,1062,39.973615620577256,0.4798755067145684,122.69995355425488,0.7632666275863387,0.5671681271404289,15377.0,28906.0,17.76607519589244,33.39703255592553,-0.25235605675202094,-0.6108100676273054,-0.552490443194946,-0.7914282029127317,0.018832391713747645,20.0,0.013182674199623353,14.0,0.14689265536723164,156.0,0.04896421845574388,52.0,0.04331450094161959,46.0,0.02071563088512241,22.0,0.007532956685499058,8.0,0.02448210922787194,26.0,0.03766478342749529,40.0,0.03766478342749529,40.0,0.2297551789077213,244.0,0.23258003766478344,247.0,0.2532956685499058,269.0,0.512241054613936,544.0,0.2655367231638418,282.0,0.06497175141242938,69.0,0.02919020715630885,31.0,0.014124293785310734,15.0,0.021657250470809793,23.0,0.021657250470809793,23.0,0.007532956685499058,8.0,0.21468926553672316,228.0
20,364,1276,46.83028485610438,0.43166731076856846,65.01221781334768,2.0211551215394112,1.1056392488318691,60282.0,169319.0,30.713687415550353,86.26805413744684,0.3184703239609023,-0.3925007127999037,-0.49253306062156244,-0.06992415141585295,0.013322884012539185,17.0,0.02821316614420063,36.0,0.355798674556742,453.99910873440285,0.22413723255047246,285.99910873440285,0.0877735961868361,111.99910873440285,0.0384012539184953,49.0,0.0219435736677116,28.0,0.05877742946708464,75.0,0.034482758620689655,44.0,0.05956112852664577,76.0,0.0689662157253896,88.00089126559715,0.49372970903950064,629.9991087344029,0.5274287686006291,672.9991087344029,0.5666137215786856,722.9991087344029,0.6112845679736699,779.9991087344029,0.0822877027699082,104.99910873440285,0.03683385579937304,47.0,0.03369905956112853,43.0,0.003134796238244514,4.0,0.05877742946708464,75.0,0.08463949843260188,108.0,0.25862068965517243,330.0
20,365,754,57.13893087810911,0.6034079978012917,140.20003607268833,0.4255154101227293,0.35453343964027445,6734.0,15055.0,12.52131356649182,27.993521791436642,0.630517340205711,-0.5413364476098343,-0.7176056622109248,0.10497675729354528,0.03713527851458886,28.0,0.013262599469496022,10.0,0.42572944297082227,321.0,0.16710875331564987,126.0,0.03713527851458886,28.0,0.027851458885941646,21.0,0.01989389920424403,15.0,0.03580901856763926,27.0,0.015915119363395226,12.0,0.029177718832891247,22.0,0.08355437665782493,63.0,0.44562334217506633,336.0,0.4482758620689655,338.0,0.7029177718832891,530.0,0.7957559681697612,600.0,0.04509283819628647,34.0,0.015915119363395226,12.0,0.013262599469496022,10.0,0.029177718832891247,22.0,0.05305039787798409,40.0,0.03050397877984085,23.0,0.2413793103448276,182.0
20,366,938,56.10949042829567,0.4439606585293876,86.24652899097077,0.1894265460904109,0.1734712969335172,14658.0,29603.0,13.477629231872598,27.219147097225033,0.45462522388371135,-0.5373260636989065,-0.6434658082521765,-0.2398638487319743,0.0042643923240938165,4.0,0.017057569296375266,16.0,0.43603411513859275,409.0,0.244136460554371,229.0,0.04157782515991471,39.0,0.04051172707889126,38.0,0.01812366737739872,17.0,0.023454157782515993,22.0,0.028784648187633263,27.0,0.02771855010660981,26.0,0.07782515991471216,73.0,0.39019189765458423,366.0,0.40831556503198296,383.0,0.523454157782516,491.0,0.6471215351812367,607.0,0.06183368869936034,58.0,0.014925373134328358,14.0,0.02025586353944563,19.0,0.1140724946695096,107.0,0.03411513859275053,32.0,0.010660980810234541,10.0,0.21855010660980811,205.0
20,367,448,58.473264261045614,0.5869017846509808,69.50671950004809,0.1042663817579674,0.09918120657392407,7940.0,18379.0,12.318824839963881,28.51482137703982,0.5794658474192768,-0.5829053314517438,-0.53916345627454,-0.20814698990894315,0.004464285714285714,2.0,0.002232142857142857,1.0,0.49330357142857145,221.0,0.19419642857142858,87.0,0.05133928571428571,23.0,0.04017857142857143,18.0,0.008928571428571428,4.0,0.008928571428571428,4.0,0.03571428571428571,16.0,0.044642857142857144,20.0,0.10491071428571429,47.0,0.18526785714285715,83.0,0.43526785714285715,195.0,0.36160714285714285,162.0,0.7611607142857143,341.0,0.06696428571428571,30.0,0.017857142857142856,8.0,0.03125,14.0,0.05133928571428571,23.0,0.020089285714285716,9.0,0.011160714285714286,5.0,0.2544642857142857,114.0
20,368,1617,44.060244803680575,0.5646924807593395,97.85452294255873,0.4943779337188044,0.40171002240296555,16214.0,38426.0,9.812079375328677,23.25391402962747,0.13657242212208046,-0.714526237677809,-0.8084522979533624,-0.5218692503191973,0.01422387136672851,23.0,0.034013605442176874,55.0,0.282536501697163,456.86152324431254,0.10636982065553494,172.0,0.013605442176870748,22.0,0.012987012987012988,21.0,0.004947433518862091,8.0,0.006802721088435374,11.0,0.00927643784786642,15.0,0.015460729746444033,25.0,0.06369820655534941,103.0,0.2028447742733457,328.0,0.4168212739641311,674.0,0.48794063079777367,789.0,0.507730364873222,821.0,0.03949383008306281,63.861523244312565,0.016697588126159554,27.0,0.017934446505875078,29.0,0.05194805194805195,84.0,0.019789734075448363,32.0,0.0055658627087198514,9.0,0.2664573427608612,430.86152324431254
20,369,1133,53.17315898806744,0.6091187727123893,120.09420982673787,1.4846978366498562,0.9101510572458171,19374.0,68705.0,20.53579189040794,72.82500164294815,-0.15256453742555862,-0.5914691622116782,-0.6916929513893033,-0.6065161071328555,0.00706090026478376,8.0,0.0176522506619594,20.0,0.20741394527802295,235.0,0.08737864077669903,99.0,0.03353927625772286,38.0,0.03265666372462489,37.0,0.01676963812886143,19.0,0.01323918799646955,15.0,0.02118270079435128,24.0,0.02736098852603707,31.0,0.07413945278022947,84.0,0.23477493380406,266.0,0.3159060032713898,357.92150170648466,0.353045013239188,400.0,0.32737996620166343,370.92150170648466,0.06443071491615181,73.0,0.02912621359223301,33.0,0.04942630185348632,56.0,0.019417475728155338,22.0,0.08384819064430715,95.0,0.01147396293027361,13.0,0.20822727423343745,235.92150170648463
21,370,1164,49.04680151438046,0.6335428561841863,80.85416451043984,0.6327173240215014,0.49024569675180224,73145.0,142633.0,50.8082290645715,99.07622033176604,-0.1538597311771983,-0.43428659633979694,-0.4692296961078818,-0.4663108477678407,0.02577319587628866,30.0,0.005154639175257732,6.0,0.17304619834849733,201.4257748776509,0.20962199312714777,244.0,0.12064070006671039,140.4257748776509,0.036941580756013746,43.0,0.014604810996563574,17.0,0.028350515463917526,33.0,0.03387094061653857,39.425774877650895,0.06701030927835051,78.0,0.18814432989690721,219.0,0.2532388176003319,294.7699836867863,0.4699312714776632,547.0,0.47852233676975947,557.0,0.5639396691388754,656.425774877651,0.09314929113200249,108.4257748776509,0.04160289937942517,48.425774877650895,0.00859106529209622,10.0,0.01804123711340206,21.0,0.07646048109965636,89.0,0.16531423958561073,192.4257748776509,0.19710118116636674,229.4257748776509
21,371,347,70.73182060988921,0.5943865109041503,95.77063622614014,2.0098044399741264,1.1018751065418717,33378.0,72608.0,92.12196818317307,200.39522637197646,-0.015216478847285275,-0.34622911205936324,-0.5418078361024571,-0.40057707660575265,0.002881844380403458,1.0,0.002881844380403458,1.0,0.27953890489913547,97.0,0.2017291066282421,70.0,0.09510086455331412,33.0,0.06628242074927954,23.0,0.0345821325648415,12.0,0.025936599423631124,9.0,0.025936599423631124,9.0,0.06051873198847262,21.0,0.2334293948126801,81.0,0.2564841498559078,89.0,0.38328530259365995,133.0,0.47262247838616717,164.0,0.4899135446685879,170.0,0.09798270893371758,34.0,0.040345821325648415,14.0,0.025936599423631124,9.0,0.005763688760806916,2.0,0.12680115273775217,44.0,0.09798270893371758,34.0,0.2824207492795389,98.0
21,372,1168,60.520886457415735,0.633014975195883,160.9167848054877,0.7814284419655116,0.5774155379628987,82958.0,165163.0,114.29224857785658,227.5470798701093,-0.2520868610289997,-0.4736977961062123,-0.6301184178552472,-0.5233283291231204,0.005136986301369863,6.0,0.004280821917808219,5.0,0.18664383561643835,218.0,0.1857876712328767,217.0,0.04794520547945205,56.0,0.053082191780821915,62.0,0.014554794520547944,17.0,0.04195205479452055,49.0,0.02054794520547945,24.0,0.045376712328767124,53.0,0.16866438356164384,197.0,0.3664383561643836,428.0,0.2799657534246575,327.0,0.2842465753424658,332.0,0.6498287671232876,759.0,0.07191780821917808,84.0,0.04965753424657534,58.0,0.023116438356164382,27.0,0.021404109589041095,25.0,0.1095890410958904,128.0,0.09674657534246575,113.0,0.10102739726027397,118.0
21,373,690,77.83867212535806,0.5756216237426915,215.97393288531785,0.2153431403930144,0.19502645699602414,9174.0,24058.0,28.71514290275226,75.30291126601415,-0.4165107776403454,-0.5875690506603798,-0.6616329611278429,-0.6320808445469022,0.002898550724637681,2.0,0.004347826086956522,3.0,0.1318840579710145,91.0,0.08255121237458195,56.96033653846154,0.04487005295429209,30.96033653846154,0.02892802396878484,19.96033653846154,0.010144927536231883,7.0,0.021681647157190634,14.960336538461538,0.021681647157190634,14.960336538461538,0.034782608695652174,24.0,0.12417487185160601,85.68066157760815,0.20817535958850678,143.64099811606968,0.20243574141682338,139.68066157760813,0.40291817457105966,278.01354045403116,0.6353861749631161,438.4164607245501,0.028985507246376812,20.0,0.014492753623188406,10.0,0.002898550724637681,2.0,0.057971014492753624,40.0,0.03617440078037904,24.96033653846154,0.007246376811594203,5.0,0.14150869292184012,97.64099811606968
21,374,1710,51.273717812769405,0.4651018671279171,107.66045027251945,0.981390528477554,0.6837988853281243,72821.0,173779.0,45.8476119841821,109.41008998776701,-0.00248957422537451,-0.39064850994359224,-0.23902658687534,-0.31821555774020105,0.01871345029239766,32.0,0.012865497076023392,22.0,0.23859649122807017,408.0,0.19181286549707602,328.0,0.05146198830409357,88.0,0.06432748538011696,110.0,0.029239766081871343,50.0,0.04502923976608187,77.0,0.05380116959064327,92.0,0.09649122807017543,165.0,0.13099415204678364,224.0,0.1456140350877193,249.0,0.41637426900584795,712.0,0.3,513.0,0.6906432748538012,1181.0,0.08888888888888889,152.0,0.05497076023391813,94.0,0.03450292397660819,59.0,0.06374269005847953,109.0,0.08362573099415205,143.0,0.02280701754385965,39.0,0.2327485380116959,398.0
21,375,2037,60.99505833979745,0.6035280524651344,117.7365452618121,0.823371376111415,0.6006871919602319,84736.0,187185.0,48.976553261192485,108.19104184993763,-0.06644404957280255,-0.5312936583619144,-0.6235180236424979,-0.4317769067041183,0.004909180166912126,10.0,0.048600883652430045,99.0,0.2184585174275896,445.0,0.14992203066793727,305.3911764705882,0.06283750613647521,128.0,0.02847324496809033,58.0,0.018654884634266077,38.0,0.024054982817869417,49.0,0.024054982817869417,49.0,0.041237113402061855,84.0,0.14580265095729014,297.0,0.16838487972508592,343.0,0.35750376159745717,728.2351623740202,0.34167893961708395,696.0,0.7037844003580813,1433.6088235294117,0.0741286205203731,151.0,0.048600883652430045,99.0,0.016691212567501227,34.0,0.043200785468826705,88.0,0.057928325969563085,118.0,0.035346097201767304,72.0,0.14972999509081983,305.0
21,376,3652,61.204031773011394,0.5959834854148961,132.3454055632906,0.2851462942010275,0.2508725594942926,130176.0,282321.0,47.17468651316243,102.31075368026771,0.07133870382575443,-0.43679710013385376,-0.5833921014092645,-0.45243503590768486,0.0156078860898138,57.0,0.018893756845564075,69.0,0.26790534504700336,978.3903201116564,0.15335071016797766,560.0367935334544,0.07451245653745092,272.1194912747708,0.03148959474260679,115.0,0.02217962760131435,81.0,0.05352747395110395,195.48233486943164,0.02194383738579311,80.13889413291643,0.05585980284775466,204.0,0.20632838942921378,753.5112781954887,0.28723986856516975,1049.0,0.3454583224063867,1261.6137934281242,0.29398115818713555,1073.619189699419,0.7584884994523549,2770.0,0.05019404343278788,183.30864661654135,0.038223141552866755,139.59091295106938,0.018072289156626505,66.0,0.04791894852135816,175.0,0.05673675563498012,207.20263157894738,0.017524644030668127,64.0,0.186496248778774,681.0843005400826
21,377,2475,51.24774962468824,0.4897753711748604,107.78025369947555,1.1294076306561165,0.7558438333690386,102248.0,192251.0,44.52652678894536,83.72065274334496,0.1520382514906349,-0.4280884623358211,-0.615536312493336,-0.48146328983184516,0.014853852501408986,36.76328494098724,0.07686167273068215,190.23264000843832,0.25144894342170815,622.3361349687276,0.1883750950899169,466.2283603475443,0.10940095353194412,270.7673599915617,0.045305856565691784,112.13199500008716,0.01461734785578202,36.1779359430605,0.029980700863382427,74.20223463687151,0.027693968061246858,68.54257095158597,0.0372534281361097,92.20223463687151,0.1815996415824107,449.4591129164665,0.16088042316070086,398.1790473227346,0.37662124865581253,932.137590423136,0.3286747056366941,813.4698964508179,0.6698053743205833,1657.7683014434435,0.08345689405813655,206.55581279388798,0.06969029577486599,172.48348204279333,0.01634643597915718,40.45742904841402,0.02303030303030303,57.0,0.06469633762621933,160.12343562489286,0.027474747474747475,68.0,0.1714805461424882,424.4143517026583
21,378,1212,64.3219162604513,0.4331826839267844,72.26071092138369,1.0674287965040392,0.7263057079050238,56227.0,99254.0,33.52312700475776,59.17627559233512,0.11830466662527951,-0.13562952130792277,-0.2589774999990562,0.11241580585245757,0.024752475247524754,30.0,0.14108910891089108,171.0,0.16294583126266293,197.4903474903475,0.28287657123761717,342.84640433999203,0.14659241283292457,177.67000435350457,0.06765676567656766,82.0,0.04702970297029703,57.0,0.07260726072607261,88.0,0.05528052805280528,67.0,0.08849108352860967,107.25119323667492,0.10390861859143145,125.93724573281492,0.20462046204620463,248.0,0.5664271060310664,686.5096525096525,0.41006600660066006,497.0,0.778052805280528,943.0,0.13243370669113244,160.5096525096525,0.12047655859537047,146.01758901758902,0.04537953795379538,55.0,0.0297029702970297,36.0,0.10425417231818858,126.35605684964456,0.10891089108910891,132.0,0.3231587982496295,391.66846347855096
21,379,1394,98.7020125147979,0.4260769249353724,84.22477259613497,0.8807508798755063,0.6316711012903357,59777.0,133626.0,36.11696005365251,80.73615109706694,-0.23077050757147302,-0.3993853184807745,-0.422796374867448,-0.028129632118599746,0.019368723098995694,27.0,0.06790328537940277,94.65717981888746,0.10849363563005962,151.2401280683031,0.24737031984931798,344.83422586994925,0.08653644449684499,120.63180362860192,0.038193875566729804,53.24226254002134,0.01721664275466284,24.0,0.06384505021520803,89.0,0.03945480631276901,55.0,0.0703012912482066,98.0,0.12410329985652797,173.0,0.1617520736071194,225.48239060832444,0.5689911101324606,793.1736075246502,0.4033190938182093,562.2268167825838,0.8149210903873745,1136.0,0.129871464811853,181.04082194772306,0.1002859106224546,139.7985594077017,0.02654232424677188,37.0,0.018651362984218076,26.0,0.08025246176248567,111.87193169690502,0.1908177905308465,266.0,0.23627560715308327,329.3681963713981
21,380,1210,68.37674213281201,0.5188836160686132,109.04044409199048,2.747996172701146,1.321221343218009,46591.0,87649.0,41.985977939586185,78.98583375387499,0.270879366825971,-0.2076561007305595,-0.4817380407056833,-0.17124668058475126,0.043801652892561986,53.0,0.1,121.0,0.20743801652892563,251.0,0.3151759298241567,381.3628750872296,0.12396694214876033,150.0,0.05401890503076825,65.36287508722958,0.03553719008264463,43.0,0.0859504132231405,104.0,0.021487603305785124,26.0,0.08459741742746246,102.36287508722958,0.22608524289622636,273.5631439044339,0.2859504132231405,346.0,0.6419832489114013,776.7997311827957,0.3231404958677686,391.0,0.8275726240390326,1001.3628750872296,0.11374969001055406,137.63712491277042,0.09804721067171109,118.63712491277042,0.023966942148760332,29.0,0.01818181818181818,22.0,0.10495867768595041,127.0,0.5165289256198347,625.0,0.19504132231404958,236.0
21,381,1836,84.37719715172476,0.38935335565986284,91.10346843210236,1.684649864239896,0.9875503150775106,129326.0,251339.0,64.17237014406356,124.7159839447504,-0.13065322650087835,-0.295591707647142,-0.461358695531699,-0.0721481110310801,0.02559912854030501,47.0,0.07734204793028322,142.0,0.12254901960784313,225.0,0.2494553376906318,458.0,0.11002178649237472,202.0,0.06862745098039216,126.0,0.026688453159041396,49.0,0.05010893246187364,92.0,0.036118172799861605,66.31296526054591,0.06535947712418301,120.0,0.14253106467290527,261.6870347394541,0.22749165388069378,417.6746765249538,0.6263043585572534,1149.8948023111172,0.41902250733934976,769.3253234750462,0.7436345126691427,1365.312965260546,0.11911058537007305,218.6870347394541,0.10331537839839548,189.6870347394541,0.03104575163398693,57.0,0.04139433551198257,76.0,0.11764705882352941,216.0,0.2561617457846111,470.3129652605459,0.22549019607843138,414.0
21,382,1546,60.35782305921803,0.5757009758142203,87.35356553410264,2.443080871675668,1.236366672804222,111198.0,279721.0,62.8301538179893,158.05062551594258,-0.12093240512229048,-0.37769927129612096,-0.5126952760688118,-0.17735128696823657,0.02652005174644243,41.0,0.04398447606727038,68.0,0.15135847831291566,234.0002074717676,0.22764506761309522,351.9392745298452,0.11404403863504603,176.31208372978116,0.0407503234152652,63.0,0.027970278535887974,43.24205061648281,0.03574693605486264,55.26476314081765,0.026676617475085904,41.24205061648281,0.06727037516170763,104.0,0.17431642059683025,269.49318624269955,0.18143843773640533,280.5038247404826,0.595036348511425,919.926194798663,0.3710256082618883,573.6055903728793,0.7513222268983297,1161.5441627848177,0.09533294129604329,147.38472724368293,0.08328112289269254,128.75261599210268,0.029754204398447608,46.0,0.018139292585533314,28.043346337234503,0.071705434827738,110.85660224368294,0.02183222250459422,33.75261599210266,0.21399219431575295,330.83193241215406
21,383,1064,42.289031878654036,0.392400549297581,88.28651962757029,1.0719896629563463,0.7285093354641097,45070.0,82697.0,37.39730676329505,68.61870595527425,-0.18610158200970575,-0.3911131811006102,-0.37384333415539883,-0.14278340455742916,0.023496240601503758,25.0,0.043233082706766915,46.0,0.13533834586466165,144.0,0.21334586466165414,227.0,0.07612781954887218,81.0,0.05827067669172932,62.0,0.015037593984962405,16.0,0.05639097744360902,60.0,0.042293233082706765,45.0,0.07894736842105263,84.0,0.16729323308270677,178.0,0.19924812030075187,212.0,0.5554511278195489,591.0,0.39379699248120303,419.0,0.7347575098884652,781.781990521327,0.10902255639097744,116.0,0.06578947368421052,70.0,0.03007518796992481,32.0,0.06860902255639098,73.0,0.08270676691729323,88.0,0.017857142857142856,19.0,0.21146616541353383,225.0
21,384,1611,73.36042193012074,0.48804880604487083,143.13778277708622,1.0512594025881288,0.718453947244993,49324.0,96911.0,43.82450650339541,86.1056838405351,-0.4468812202146059,-0.6078853581969466,-0.6428754280193743,-0.4287729780126631,0.009931719428926133,16.0,0.011793916821849782,19.0,0.09807572936064556,158.0,0.21415270018621974,345.0,0.05090006207324643,82.0,0.024208566108007448,39.0,0.009931719428926133,16.0,0.01303538175046555,21.0,0.01303538175046555,21.0,0.05462445685909373,88.0,0.16387337057728119,264.0,0.18870266914959652,304.0,0.4798261949099938,773.0,0.3438857852265674,554.0,0.7678460583488517,1237.0,0.05462445685909373,88.0,0.031036623215394164,50.0,0.0111731843575419,18.0,0.04655493482309125,75.0,0.04717566728739913,76.0,0.012414649286157667,20.0,0.1558038485412787,251.0
21,385,1519,61.50856707012558,0.5839227828676757,157.54336072451278,0.3320508324369954,0.28671973388026484,49465.0,99497.0,51.302714537445844,103.1934941540938,-0.36187664306018963,-0.5055555488866101,-0.5640221646865121,-0.7397290337113414,0.027649769585253458,42.0,0.043449637919684,66.0,0.061224489795918366,93.0,0.23633969716919026,359.0,0.061224489795918366,93.0,0.03999313049202851,60.74956521739131,0.014483212639894667,22.0,0.031599736668861095,48.0,0.018433179723502304,28.0,0.06714944042132982,102.0,0.1902567478604345,289.0,0.3555710434963999,540.1124150710315,0.2922235582152525,443.8875849289685,0.20210664911125742,307.0,0.6491112574061882,986.0,0.061224489795918366,93.0,0.03686635944700461,56.0,0.013824884792626729,21.0,0.12244897959183673,186.0,0.05793285055957867,88.0,0.024358130348913758,37.0,0.18689110265238218,283.8875849289685
21,386,1331,102.00121069686287,0.4288929245450985,102.14739769719398,2.816517320122976,1.339338310467753,113678.0,266060.0,87.24201258769058,204.1873526019191,-0.11421579068043797,-0.427664565800882,-0.5544390040513307,0.07507881428222411,0.027047332832456798,36.0,0.1247182569496619,166.0,0.08615990391945029,114.67883211678833,0.3246026868415485,432.0461761861011,0.06235912847483095,83.0,0.056348610067618335,75.0,0.018782870022539443,25.0,0.04432757325319309,59.0,0.021036814425244178,28.0,0.06536438767843726,87.0,0.11645379413974455,155.0,0.1981405021058523,263.7250083028894,0.511883429780303,681.3168450375833,0.37234548214477375,495.59183673469386,0.8171238442785078,1087.591836734694,0.1277235161532682,170.0,0.11119459053343352,148.0,0.04238028795289716,56.40816326530612,0.021343473527652985,28.408163265306122,0.09295642997963141,123.7250083028894,0.03305785123966942,44.0,0.21617205732749017,287.7250083028894
21,387,1584,76.59998222677588,0.5502668597326698,96.09026661409203,0.9840471449698523,0.6851387711659663,83782.0,205365.0,50.82471412539052,124.58066668688768,0.05481616875027781,-0.3709417819973593,-0.49938013852649343,-0.07295243566405467,0.04292929292929293,68.0,0.09154040404040405,145.0,0.13762626262626262,218.0,0.2859848484848485,453.0,0.10732323232323232,170.0,0.054924242424242424,87.0,0.022095959595959596,35.0,0.037247474747474744,59.0,0.02904040404040404,46.0,0.06691919191919192,106.0,0.24873737373737373,394.0,0.1875,297.0,0.4880050505050505,773.0,0.32575757575757575,516.0,0.8118686868686869,1286.0,0.10479797979797979,166.0,0.08775252525252525,139.0,0.03787878787878788,60.0,0.03156565656565657,50.0,0.10164141414141414,161.0,0.1900252525252525,301.0,0.2335858585858586,370.0
21,388,2617,52.08650217620671,0.4745911357973761,82.69735580181833,0.7247067281307034,0.5450570233516764,161469.0,321538.0,51.024300129781444,101.60619942607971,-0.25940824407976937,-0.4072493919279657,-0.4527679813143063,-0.23311254067745057,0.050908827380039434,133.2284012535632,0.06266717615590371,164.0,0.027894535727932747,73.0,0.3108022238796969,813.3694198931669,0.07790881933194241,203.8873801916933,0.05765662215960768,150.8873801916933,0.01757737867787543,46.0,0.043943446694688575,115.0,0.027216586339936146,71.2258064516129,0.08283820279536584,216.78757671547243,0.23689302942355933,619.9490580014548,0.2695027841923407,705.2887862313556,0.3382602592862664,885.2270985521592,0.37638517386320214,985.0,0.8552731727706387,2238.2498931407617,0.08085923175845057,211.60860951186515,0.045322357474919805,118.60860951186514,0.01108139090561712,29.0,0.027512418800152847,72.0,0.06642372262758786,173.83088211639742,0.044239279154905276,115.7741935483871,0.2712835529237504,709.9490580014548
21,389,1467,64.39641999563415,0.6685389484996558,265.3729059147225,0.1651485415542192,0.15284858236980253,24690.0,50691.0,44.66296555579072,91.69746403355963,-0.4334197075680944,-0.5921817367638489,-0.5971562943598357,-0.40276987365195627,0.007498295841854124,11.0,0.016359918200409,24.0,0.10497614178595774,154.0,0.1730242601195472,253.82658959537574,0.026584867075664622,39.0,0.023858214042263123,35.0,0.012951601908657124,19.0,0.033401499659168374,49.0,0.015678254942058625,23.0,0.0627130197682345,92.0,0.2392638036809816,351.0,0.20040899795501022,294.0,0.41569638009228066,609.8265895953757,0.46501254969640377,682.1734104046243,0.7314246762099523,1073.0,0.02794819359236537,41.0,0.012951601908657124,19.0,0.0054533060668029995,8.0,0.08043626448534424,118.0,0.03749147920927062,55.0,0.03135650988411725,46.0,0.11644620967646607,170.82658959537574
21,390,2407,56.1253253002443,0.5960126874213443,305.4692576348278,0.1269690029018794,0.11953173059943006,49098.0,87309.0,62.30963693957115,110.80272295321637,-0.5395475948148557,-0.6318382801065243,-0.7254789110969997,-0.7549850806499814,0.007742856600566453,18.63705583756345,0.017864561695056087,43.0,0.06444114510009238,155.10983625592237,0.12248565585581751,294.82297364495275,0.018943567591749005,45.59716719333986,0.021114654609452745,50.82297364495276,0.015298285685480997,36.82297364495276,0.01862192507060771,44.82297364495276,0.012048192771084338,29.0,0.03357830230367792,80.82297364495275,0.17855180454856132,429.7741935483871,0.22752840447246256,547.6608695652174,0.2374321212625556,571.4991158789713,0.2691312046214414,647.7988095238095,0.6650697854777535,1600.8229736449528,0.02734647845656533,65.82297364495275,0.015266677230363866,36.746892093485826,0.005711213998124565,13.746892093485828,0.08664365685553886,208.55128205128204,0.03863730785209805,93.0,0.0082039435369696,19.74689209348583,0.09203322833252214,221.5239805963808
21,391,1116,31.076931906223994,0.37535271217729826,262.0413396041673,0.245511125625956,0.21954598833853692,31776.0,53261.0,74.61134056686399,125.0589945220211,0.2241399980803188,1.9605313553830768,2.3300941298411493,1.7509946931200342,0.042114695340501794,47.0,0.1024506204505601,114.33489242282506,0.19235224693295244,214.66510757717492,0.4289113867178987,478.6651075771749,0.33034507847417105,368.6651075771749,0.2956989247311828,330.0,0.2840501792114695,317.0,0.3536425695135976,394.6651075771749,0.31063181682542557,346.6651075771749,0.3670834297286514,409.6651075771749,0.29659498207885304,331.0,0.4632616487455197,517.0,0.38082437275985664,425.0,0.5325581473322806,594.3348924228251,0.8476702508960573,946.0,0.20430107526881722,228.0,0.17921146953405018,200.0,0.1827956989247312,204.0,0.008960573476702509,10.0,0.2724014336917563,304.0,0.3172043010752688,354.0,0.38142034729137536,425.6651075771749
21,392,852,64.976691914322,0.5093997087320534,139.4613387633773,0.6209885048883717,0.48303615135786565,36453.0,76938.0,59.66882842654218,125.93751739174559,-0.28293921323329246,-0.45673169957134896,-0.5803305204424203,-1.0046738860691526,0.01995305164319249,17.0,0.012679885824156856,10.80326272218164,0.13350256578229064,113.74418604651163,0.16522278521231276,140.76981300089048,0.07931112174069496,67.57307572307211,0.0408488999086639,34.80326272218164,0.025821596244131457,22.0,0.02437771478977755,20.769813000890473,0.0340676372703977,29.025626954378843,0.03611480399165549,30.769813000890473,0.22065727699530516,188.0,0.31220657276995306,266.0,0.16334637361906046,139.1711103234395,0.06720165956982203,57.25581395348837,0.6534556174254831,556.7441860465116,0.046948356807511735,40.0,0.03051643192488263,26.0,0.007042253521126761,6.0,0.01995305164319249,17.0,0.05375969803072963,45.80326272218164,0.0892018779342723,76.0,0.1807511737089202,154.0
21,393,1745,38.02413801795113,0.4768484465189605,108.44436710748732,0.7076855609987447,0.5351389806423918,86614.0,181994.0,53.826936462165655,113.10157104504326,-0.08190753556037278,-0.3947257405977437,-0.41887315909457995,-0.44617822239586424,0.013180515759312322,23.0,0.006303724928366762,11.0,0.22808022922636104,398.0,0.2303724928366762,402.0,0.08538681948424069,149.0,0.06475644699140401,113.0,0.024068767908309457,42.0,0.026934097421203437,47.0,0.03896848137535817,68.0,0.07220630372492837,126.0,0.166189111747851,290.0,0.1346704871060172,235.0,0.49340974212034383,861.0,0.3530085959885387,616.0,0.6699140401146132,1169.0,0.0659025787965616,115.0,0.030945558739255013,54.0,0.019484240687679084,34.0,0.019484240687679084,34.0,0.06991404011461318,122.0,0.05845272206303725,102.0,0.2297994269340974,401.0
21,394,630,57.81634438102909,0.5526155162757918,102.66003558881233,0.4412331819082702,0.3654991234321072,20221.0,39956.0,32.95061237525991,65.10927590454898,-0.07576157390326334,-0.46156275036151767,-0.5424980303993899,-0.7253000702282578,0.03333333333333333,21.0,0.007936507936507936,5.0,0.1814042742007992,114.2846927465035,0.13309364535502566,83.84899657366617,0.0663885764279465,41.824803149606296,0.04575365579302587,28.8248031496063,0.012698412698412698,8.0,0.046031746031746035,29.0,0.0380952380952381,24.0,0.03968253968253968,25.0,0.1978334705512554,124.6350864472909,0.26102713561219787,164.44709543568464,0.37164932018284713,234.1390717151937,0.35714285714285715,225.0,0.5777777777777777,364.0,0.04711765931843964,29.684125370616975,0.03015873015873016,19.0,0.004483814523184602,2.824803149606299,0.0380952380952381,24.0,0.048505642403488994,30.558554714198067,0.011350799089418766,7.151003426333823,0.1728305671615316,108.88325731176492
21,395,2047,39.633489919749465,0.5142200039146604,120.22908721630604,0.4521492634272136,0.3730447096227909,61259.0,112264.0,35.98003739024764,65.93746090498965,-0.14519159768038278,-0.2929505503366022,-0.4187362075748761,-0.4626847630002099,0.02973156748935902,60.860518650717914,0.012701514411333659,26.0,0.16065669972490465,328.86426433687984,0.18410182633710886,376.85643851206186,0.1148529368747031,235.10396178251725,0.057025405702699976,116.73100547342685,0.03895073620791411,79.73215701760019,0.041760455171900294,85.4836517368799,0.03556016650473974,72.79166083520225,0.07803156562200061,159.73061482823525,0.18572000489393994,380.16885001789507,0.14690922118323732,300.7231757620868,0.3889887518710246,796.2599750799874,0.40729252291082935,833.7277943984677,0.6038975191297791,1236.1782216586578,0.06169866093356905,126.29715893101584,0.03848347370556944,78.77567067530065,0.019394032562728866,39.69958465590599,0.09722324873468569,199.0159901599016,0.07517532021126416,153.88388047245775,0.0481734902241188,98.61113448877119,0.1838752648069554,376.3926670598377
21,396,2468,49.32299151173273,0.448003784464061,247.56000922833098,0.2214654276759383,0.20005130814355485,35408.0,72240.0,35.51703730452489,72.46245975143691,-0.15437081188047927,-0.48015041173880846,-0.5165220070510343,-0.5925689518921029,0.03484602917341977,86.0,0.029173419773095625,72.0,0.13168557536466774,325.0,0.16491085899513777,407.0,0.0320097244732577,79.0,0.04092382495948136,101.0,0.033630470016207455,83.0,0.033630470016207455,83.0,0.03727714748784441,92.0,0.048217179902755265,119.0,0.13614262560777957,336.0,0.17341977309562398,428.0,0.27106969205834686,669.0,0.34157212317666125,843.0,0.5964343598055105,1472.0,0.03727714748784441,92.0,0.01985413290113452,49.0,0.02025931928687196,50.0,0.11912479740680713,294.0,0.04294975688816856,106.0,0.023500810372771474,58.0,0.13047001620745544,322.0
21,397,864,42.37214989570596,0.6722290153204344,68.65059469372221,0.4461374276598843,0.36889615909600876,45973.0,74765.0,36.528631827019574,59.40580685504793,-0.023096268981813422,-0.61845127157884,-0.6682787154372267,-0.23239853108056877,0.009259259259259259,8.0,0.04513888888888889,39.0,0.22685185185185186,196.0,0.18287037037037038,158.0,0.04050925925925926,35.0,0.03009259259259259,26.0,0.005787037037037037,5.0,0.015046296296296295,13.0,0.010416666666666666,9.0,0.052083333333333336,45.0,0.1527777777777778,132.0,0.19212962962962962,166.0,0.4618055555555556,399.0,0.4097222222222222,354.0,0.875,756.0,0.07407407407407407,64.0,0.028935185185185185,25.0,0.004629629629629629,4.0,0.011574074074074073,10.0,0.0787037037037037,68.0,0.03125,27.0,0.1909722222222222,165.0
21,398,1891,36.68401339547023,0.6150625473783197,141.91454807983837,0.4495931356783429,0.37128292097413473,46303.0,106944.0,34.74917673051696,80.25864320386164,-0.10000337216257706,-0.3074077305095546,-0.2797985199859558,-0.19055522182056206,0.022739291380222106,43.0,0.026969857218402962,51.0,0.18191433104177684,344.0,0.26652564780539395,504.0,0.061343204653622425,116.0,0.060285563194077206,114.0,0.04177683765203596,79.0,0.06398730830248546,121.0,0.05076679005817028,96.0,0.0904283447911158,171.0,0.23056583818085669,436.0,0.35642517186673717,674.0,0.5066102591221576,958.0,0.35166578529878373,665.0,0.7546271813855103,1427.0,0.05499735589635114,104.0,0.021152829190904283,40.0,0.0375462718138551,71.0,0.048651507139079855,92.0,0.09095716552088842,172.0,0.041248016922263354,78.0,0.19883659439450027,376.0
21,399,866,48.28530095875645,0.6563439609689681,138.48244982809626,0.2183980836249045,0.19753694973554958,17240.0,31303.0,27.568561605500918,50.05676820980251,-0.06833657522408217,-0.6355568039214996,-0.686326106143675,-0.7882520940272504,0.011493957417191305,9.95376712328767,0.018475750577367205,16.0,0.22700139934280436,196.58321183086858,0.15381390570331485,133.20284233907066,0.01726762947261856,14.95376712328767,0.034588645638900316,29.953767123287673,0.006928406466512702,6.0,0.016112895061533107,13.95376712328767,0.018475750577367205,16.0,0.03343391122781486,28.953767123287673,0.18605251740951054,161.12148007663612,0.2782376063779303,240.95376712328766,0.41035860888270104,355.3705552924191,0.2961466755725678,256.46302104584373,0.6154734411085451,533.0,0.04960019298301117,42.95376712328767,0.01640051078414625,14.202842339070655,0.0011547344110854503,1.0,0.10623556581986143,92.0,0.05652859944952387,48.95376712328767,0.028868360277136258,25.0,0.18701358790217976,161.95376712328766
22,400,618,47.941019774985115,0.753643172772572,125.29448258244499,0.342035873577516,0.2941877696210613,14124.0,42862.0,28.635263300881117,86.89922512053005,-0.15758260009556468,-0.4904280307416586,-0.42510323004591516,-0.3062360121845274,0.0016181229773462784,1.0,0.006472491909385114,4.0,0.22762750639214102,140.67379895034315,0.10723869959615519,66.2735163504239,0.038834951456310676,24.0,0.06213637961151983,38.40028259991926,0.011769443932724756,7.2735163504238995,0.034423165615572654,21.2735163504239,0.0512521018613967,31.67379895034316,0.04963397888405042,30.67379895034316,0.21585806245941627,133.40028259991925,0.36840420542126723,227.67379895034315,0.5058247854370239,312.59971740008075,0.531467167847106,328.4467097295115,0.6440129449838188,398.0,0.038834951456310676,24.0,0.009708737864077669,6.0,0.016181229773462782,10.0,0.12944983818770225,80.0,0.057076887298420545,35.2735163504239,0.015005689887417314,9.2735163504239,0.20982815364133198,129.67379895034315
22,401,1734,49.127744622118286,0.7430444825776712,71.33178164082844,0.470671264895142,0.3857189393468682,35057.0,83243.0,14.421443304397476,34.243780271784786,0.21129529933010516,-0.19773519935500602,0.4021079197053557,0.05493197704192644,0.0057670126874279125,10.0,0.01845444059976932,32.0,0.34256055363321797,594.0,0.23615674956421637,409.4958037443512,0.08794452349731903,152.4958037443512,0.0726643598615917,126.0,0.03344867358708189,58.0,0.0986159169550173,171.0,0.13552479815455595,235.0,0.13408062499674234,232.4958037443512,0.41118800461361016,713.0,0.5351787773933102,928.0,0.7745098039215687,1343.0,0.6464821222606689,1121.0,0.7422145328719724,1287.0,0.08592848904267589,149.0,0.03229527104959631,56.0,0.016724336793540944,29.0,0.030565167243367934,53.0,0.09515570934256055,165.0,0.03315790296675386,57.49580374435119,0.5423851232666385,940.4958037443512
22,402,753,42.65203295392345,0.7349838364841663,84.02583041065532,0.4148874400769543,0.34704998028232337,13711.0,30669.0,15.299842772383734,34.22295076845137,-0.138043785878994,-0.32447086357988303,-0.008754368273786978,-0.07738303686381676,0.0026560424966799467,2.0,0.00796812749003984,6.0,0.23107569721115537,174.0,0.11686586985391766,88.0,0.06905710491367861,52.0,0.08764940239043825,66.0,0.035856573705179286,27.0,0.029216467463479414,22.0,0.1049136786188579,79.0,0.07304116865869854,55.0,0.4249667994687915,320.0,0.3930942895086321,296.0,0.6228419654714475,469.0,0.6268260292164675,472.0,0.7211155378486056,543.0,0.07171314741035857,54.0,0.035856573705179286,27.0,0.010624169986719787,8.0,0.02390438247011952,18.0,0.10225763612217796,77.0,0.02257636122177955,17.0,0.3665338645418327,276.0
22,403,1407,35.53416858137888,0.7770812560512131,99.58192577430786,1.1920566680033629,0.7848402209429222,29432.0,85516.0,20.830811935958984,60.524861155051255,0.007987293109482948,-0.30546204189142034,-0.06505807944871729,-0.451180977591577,0.0021321961620469083,3.0,0.007818052594171997,11.0,0.2857142857142857,402.0,0.17057569296375266,240.0,0.0867093105899076,122.0,0.08813077469793888,124.0,0.02771855010660981,39.0,0.03837953091684435,54.0,0.09737029140014215,137.0,0.07036247334754797,99.0,0.3582089552238806,504.0,0.2906894100923952,409.0,0.5316275764036958,748.0,0.5550817341862118,781.0,0.4619758351101635,650.0,0.05543710021321962,78.0,0.02914001421464108,41.0,0.019189765458422176,27.0,0.010660980810234541,15.0,0.10092395167022032,142.0,0.05543710021321962,78.0,0.3290689410092395,463.0
22,404,702,48.96060749881348,0.6617418130042715,75.59531309058838,1.1340998222604393,0.7580449288522964,117679.0,260010.0,126.72337392004772,279.9934096393716,0.5421752433121038,0.04701413100700044,0.5337121193153418,0.10491586486983007,0.019943019943019943,14.0,0.037037037037037035,26.0,0.41452991452991456,291.0,0.17094017094017094,120.0,0.1267806267806268,89.0,0.11253561253561253,79.0,0.0698005698005698,49.0,0.09116809116809117,64.0,0.15527065527065528,109.0,0.13675213675213677,96.0,0.2962962962962963,208.0,0.5584045584045584,392.0,0.5569800569800569,391.0,0.5669515669515669,398.0,0.5142450142450142,361.0,0.1267806267806268,89.0,0.07407407407407407,52.0,0.0584045584045584,41.0,0.04700854700854701,33.0,0.12962962962962962,91.0,0.0698005698005698,49.0,0.36752136752136755,258.0
22,405,880,23.345754812938065,0.7321190797625432,50.16717641458611,1.4899494108961229,0.9122623933610374,30899.0,68478.0,17.614949818571546,39.03804439225031,0.6644690700111866,0.13332559035001262,1.061499147989353,-0.21290811719567332,0.00909090909090909,8.0,0.010227272727272727,9.0,0.5068181818181818,446.0,0.29545454545454547,260.0,0.17727272727272728,156.0,0.17727272727272728,156.0,0.035227272727272725,31.0,0.08068181818181819,71.0,0.2215909090909091,195.0,0.1693181818181818,149.0,0.4056818181818182,357.0,0.36477272727272725,321.0,0.6886363636363636,606.0,0.5659090909090909,498.0,0.5465909090909091,481.0,0.09545454545454546,84.0,0.056818181818181816,50.0,0.025,22.0,0.004545454545454545,4.0,0.09886363636363636,87.0,0.04772727272727273,42.0,0.4011363636363636,353.0
22,406,1334,23.241480774583483,0.785059048073482,57.49578694664615,1.363409746873497,0.8601053843039318,53873.0,125778.0,23.219419266691666,54.2106828378955,0.2596768937504709,-0.20304174356781055,0.3636014863306464,-0.09954053087441755,0.005997001499250375,8.0,0.008245877061469266,11.0,0.36806596701649175,491.0,0.2181409295352324,291.0,0.11019490254872563,147.0,0.10419790104947527,139.0,0.024737631184407798,33.0,0.05922038980509745,79.0,0.1446776611694153,193.0,0.10794602698650675,144.0,0.3778110944527736,504.0,0.3853073463268366,514.0,0.6341829085457271,846.0,0.6169415292353823,823.0,0.6176911544227887,824.0,0.0712143928035982,95.0,0.022488755622188907,30.0,0.0239880059970015,32.0,0.015742128935532233,21.0,0.08095952023988005,108.0,0.020239880059970013,27.0,0.30059970014992504,401.0
22,407,948,29.613308907263455,0.7286676239045403,113.42629982591217,0.6394457910346196,0.49435825242815806,47914.0,106866.0,57.328140610324425,127.8630269746406,-0.18515816540346994,-0.18773445644020348,0.5737876526320941,-0.42396903656970353,0.005464244251366939,5.180103550295858,0.013713080168776372,13.0,0.20253164556962025,192.0,0.20313641247593006,192.5733190271817,0.10608999897382033,100.57331902718168,0.105594561678237,100.10364447096867,0.028481012658227847,27.0,0.06223628691983123,59.0,0.18203936606242796,172.5733190271817,0.10232067510548523,97.0,0.45524611711728025,431.5733190271817,0.3743279430728891,354.86289003309884,0.5243709329862539,497.1036444709687,0.6502038137941835,616.3932154768859,0.4119518200883829,390.530325443787,0.05590717299578059,53.0,0.03059071729957806,29.0,0.014767932489451477,14.0,0.0189873417721519,18.0,0.052742616033755275,50.0,0.027426160337552744,26.0,0.3711180342296457,351.8198964497041
22,408,1594,67.66675400571131,0.737538431943537,109.91367570225117,0.5648974230488315,0.4478202774662465,41830.0,95299.0,28.843720543445208,65.7130701427154,0.06486603631431838,-0.24597256600820333,0.8374489390557859,-0.2756535465013639,0.002509410288582183,4.0,0.009410288582183186,15.0,0.3042659974905897,485.0,0.20890840652446674,333.0,0.10790464240903387,172.0,0.08815727780106715,140.52270081490104,0.026976160602258468,43.0,0.053952321204516936,86.0,0.21518193224592222,343.0,0.11856963613550815,189.0,0.46830445369203194,746.4772991850989,0.47741530740276034,761.0,0.5135023217157473,818.5227008149011,0.6398996235884568,1020.0,0.5050188205771644,805.0,0.07151819322459223,114.0,0.030740276035131745,49.0,0.016938519447929738,27.0,0.016938519447929738,27.0,0.08030112923462986,128.0,0.026348808030112924,42.0,0.3462986198243413,552.0
22,409,1758,31.10559561569501,0.725903858234639,70.47702280681358,1.541223140799035,0.932645516617416,85552.0,213429.0,34.2972141932225,85.5622326543539,0.4723846291374632,0.01864951263837658,0.43372592859054265,-0.14621281336151076,0.002844141069397042,5.0,0.01763367463026166,31.0,0.4453924914675768,783.0,0.2445961319681456,430.0,0.18031854379977247,317.0,0.1410693970420933,248.0,0.032423208191126277,57.0,0.06655290102389079,117.0,0.1552901023890785,273.0,0.10921501706484642,192.0,0.646188850967008,1136.0,0.47667804323094426,838.0,0.6558589306029579,1153.0,0.6956769055745164,1223.0,0.5170648464163823,909.0,0.07792946530147896,137.0,0.048919226393629126,86.0,0.019908987485779295,35.0,0.005688282138794084,10.0,0.09158134243458475,161.0,0.04948805460750853,87.0,0.4340159271899886,763.0
22,410,2072,40.76018153146817,0.7205214957837613,70.03473344212603,1.388572989653851,0.8706961121642438,105780.0,302983.0,35.75421864627457,102.40991140200613,0.3391953412896242,-0.12195187869989191,0.4866540869586795,-0.38516500328034314,0.005308880308880309,11.0,0.008204633204633204,17.0,0.39873614649962047,826.1812955472136,0.27842640434552196,576.8995098039215,0.13149327321141163,272.4540620940449,0.12113933550622631,251.0007031689009,0.02557915057915058,53.0,0.06418918918918919,133.0,0.1690635093481356,350.29959136933695,0.10038610038610038,208.0,0.5141403900581255,1065.298888200436,0.4616090313299907,956.4539129157407,0.6442066252846322,1334.796127589758,0.6183879781235114,1281.2998906719156,0.44664706879248844,925.452726538036,0.06805019305019305,141.0,0.04378734682986144,90.7273826314729,0.016891891891891893,35.0,0.032335907335907334,67.0,0.09011939316190777,186.7273826314729,0.045235223277737886,93.7273826314729,0.3810700939492595,789.5772346628656
22,411,1111,26.766748563579732,0.7300729333926602,105.56581757922662,0.8419741356625638,0.6108378962918425,22610.0,46504.0,21.48373659285611,44.187513777716966,-0.10208166068350581,-0.24860391905060567,0.12199181857286992,-0.47422459931723615,0.004500450045004501,5.0,0.019801980198019802,22.0,0.23010864466728362,255.65070422535211,0.25742574257425743,286.0,0.1323132313231323,147.0,0.08280828082808281,92.0,0.020702070207020702,23.0,0.05130513051305131,57.0,0.1251125112511251,139.0,0.0747074707470747,83.0,0.47614761476147616,529.0,0.5181374475475716,575.6507042253521,0.5370393377365905,596.6507042253521,0.630963096309631,701.0,0.44104410441044106,490.0,0.0351035103510351,39.0,0.0288028802880288,32.0,0.011701170117011701,13.0,0.024302430243024302,27.0,0.052205220522052204,58.0,0.05310531053105311,59.0,0.40684068406840684,452.0
22,412,617,56.31474681707486,0.6612156313485004,89.0119957008793,0.5287767456035255,0.4244679029461919,22047.0,44544.0,31.806279890069465,64.26175585899462,0.4335540394614299,-0.010722362690323221,0.29257672524571676,-0.1722800373605051,0.0,0.0,0.024311183144246355,15.0,0.4324473257698541,266.82,0.24311183144246354,150.0,0.17428320917262188,107.5327400595077,0.10696920583468396,66.0,0.03241491085899514,20.0,0.0940032414910859,58.0,0.14424635332252836,89.0,0.08914100486223663,55.0,0.41253280398623615,254.53274005950772,0.700162074554295,432.0,0.5716576013930433,352.7127400595077,0.6904376012965965,426.0,0.5510534846029174,340.0,0.06969205834683954,43.0,0.029173419773095625,18.0,0.014586709886547812,9.0,0.027552674230145867,17.0,0.09076175040518639,56.0,0.07941653160453808,49.0,0.3882216208419898,239.53274005950772
22,413,1062,65.44837154958375,0.7276118494717881,143.33260452347983,0.225912399330306,0.20368538253891108,69594.0,164961.0,93.92739434281596,222.6392634161747,0.13771601128364977,-0.3425819005662831,0.07469914160844099,-0.6266448924512212,0.007532956685499058,8.0,0.0160075329566855,17.0,0.3135593220338983,333.0,0.17702448210922786,188.0,0.064030131826742,68.0,0.08945386064030132,95.0,0.0160075329566855,17.0,0.05273069679849341,56.0,0.12429378531073447,132.0,0.06308851224105462,67.0,0.4708097928436911,500.0,0.3738229755178908,397.0,0.5480225988700564,582.0,0.5160075329566854,548.0,0.4086629001883239,434.0,0.04519774011299435,48.0,0.021657250470809793,23.0,0.015065913370998116,16.0,0.03483992467043315,37.0,0.07344632768361582,78.0,0.0480225988700565,51.0,0.3032015065913371,322.0
22,414,1110,62.41360218606562,0.7796145809147899,85.0510191180899,0.3958520899375009,0.3335050459599566,27831.0,66540.0,21.324819036716754,50.98463794700632,0.6239353602167381,-0.1541205769592997,0.00453853980015019,-0.024457095033295743,0.015315315315315315,17.0,0.026126126126126126,29.0,0.4642586383852207,515.327088607595,0.24324324324324326,270.0,0.07117117117117117,79.0,0.08108108108108109,90.0,0.043243243243243246,48.0,0.10720720720720721,119.0,0.1018018018018018,113.0,0.08198198198198198,91.0,0.27387387387387385,304.0,0.5315315315315315,590.0,0.627927927927928,697.0,0.4915972174706352,545.672911392405,0.745945945945946,828.0,0.08619181206522979,95.67291139240507,0.05015577602919375,55.67291139240506,0.03063063063063063,34.0,0.026126126126126126,29.0,0.08018018018018018,89.0,0.03063063063063063,34.0,0.4117117117117117,457.0
22,415,370,36.03136767195219,0.8354579058278924,276.63344573124687,0.0516993512169659,0.05040728565382552,2331.0,6135.0,17.427907081068554,45.86881593408648,-0.4090699833061176,-0.6977920494179214,-0.6490449484509491,-1.5429650764525973,0.005405405405405406,2.0,0.016216216216216217,6.0,0.11891891891891893,44.0,0.05675675675675676,21.0,0.013513513513513514,5.0,0.016216216216216217,6.0,0.005405405405405406,2.0,0.010810810810810811,4.0,0.03783783783783784,14.0,0.010810810810810811,4.0,0.3027027027027027,112.0,0.17567567567567569,65.0,0.3027027027027027,112.0,0.23513513513513515,87.0,0.12972972972972974,48.0,0.021621621621621623,8.0,0.01891891891891892,7.0,0.0,0.0,0.4081081081081081,151.0,0.024324324324324326,9.0,0.0,0.0,0.12702702702702703,47.0
22,416,538,31.815865799169085,0.7504017402210551,120.86438252453794,0.206565832671371,0.18777816959339821,39176.0,85268.0,88.0108373565297,191.55881355208737,-0.08721656251826382,-0.30046722788660346,0.22116059663740542,-0.9322237957048242,0.0055762081784386614,3.0,0.00929368029739777,5.0,0.241635687732342,130.0,0.120817843866171,65.0,0.040892193308550186,22.0,0.0762081784386617,41.0,0.031598513011152414,17.0,0.07992565055762081,43.0,0.12825278810408922,69.0,0.09665427509293681,52.0,0.36059479553903345,194.0,0.3159851301115242,170.0,0.4070631970260223,219.0,0.26579925650557623,143.0,0.395910780669145,213.0,0.05947955390334572,32.0,0.02973977695167286,16.0,0.01858736059479554,10.0,0.29739776951672864,160.0,0.040892193308550186,22.0,0.026022304832713755,14.0,0.28810408921933084,155.0
22,417,560,27.714813615497437,0.6939751233356826,203.60600783155965,0.0482349816212363,0.04710777986973703,2448.0,5871.0,8.900491199493894,21.345908428197976,-0.5421352074222565,-0.607122277925777,-0.6391098181855932,-1.4622014465766902,0.007142857142857143,4.0,0.014285714285714285,8.0,0.06785714285714285,38.0,0.0625,35.0,0.0125,7.0,0.025,14.0,0.02142857142857143,12.0,0.02142857142857143,12.0,0.03214285714285714,18.0,0.023214285714285715,13.0,0.20357142857142857,114.0,0.09285714285714286,52.0,0.2125,119.0,0.2017857142857143,113.0,0.1732142857142857,97.0,0.03571428571428571,20.0,0.0125,7.0,0.005357142857142857,3.0,0.5285714285714286,296.0,0.0125,7.0,0.0125,7.0,0.05357142857142857,30.0
23,418,514,30.015040877222773,0.38425802382280877,69.22475013770877,0.3195099794764341,0.2772604400068624,11164.0,20230.0,15.035507987108574,27.24546099777915,-0.5269592761769946,-0.11207560839880248,-0.1112499398936022,0.00911865874743422,0.009727626459143969,5.0,0.03696498054474708,19.0,0.048638132295719845,25.0,0.15369649805447472,79.0,0.10700389105058365,55.0,0.11867704280155641,61.0,0.038910505836575876,20.0,0.06809338521400778,35.0,0.07976653696498054,41.0,0.08754863813229571,45.0,0.3715953307392996,191.0,0.20038910505836577,103.0,0.4571984435797665,235.0,0.6264591439688716,322.0,0.5544747081712063,285.0,0.11867704280155641,61.0,0.029182879377431907,15.0,0.03501945525291829,18.0,0.03501945525291829,18.0,0.08560311284046693,44.0,0.04669260700389105,24.0,0.20428015564202334,105.0
23,419,682,13.9654347052253,0.3539413764744872,39.35474377580491,0.9713476083048828,0.6787173740133756,38351.0,76454.0,22.130407310057098,44.117706460929455,-0.4463327767389704,-0.3357502737930218,-0.2720240231148974,0.030624684817895854,0.024926686217008796,17.0,0.045454545454545456,31.0,0.03519061583577713,24.0,0.08651026392961877,59.0,0.07331378299120235,50.0,0.08064516129032258,55.0,0.024926686217008796,17.0,0.045454545454545456,31.0,0.05865102639296188,40.0,0.07917888563049853,54.0,0.23157475053988327,157.9339798682004,0.22580645161290322,154.0,0.41485920801788917,282.9339798682004,0.5693913409307448,388.32489451476795,0.6676318101389559,455.32489451476795,0.10703812316715543,73.0,0.03812316715542522,26.0,0.03225806451612903,22.0,0.03031540393729042,20.675105485232066,0.08357771260997067,57.0,0.08944281524926687,61.0,0.22434017595307917,153.0
23,420,786,12.700859091817222,0.275647376854672,53.34766797388815,1.0170100320460431,0.7016162327058847,30061.0,63882.0,20.403107467723302,43.358215337250925,-0.5824259361117549,-0.31480747570147805,0.25046987552441613,-0.1615323562131967,0.010178117048346057,8.0,0.03307888040712468,26.0,0.030534351145038167,24.0,0.10814249363867684,85.0,0.07888040712468193,62.0,0.08015267175572519,63.0,0.026717557251908396,21.0,0.04961832061068702,39.0,0.13644338635304556,107.24450167349382,0.09080835441337781,71.37536656891496,0.37786259541984735,297.0,0.2768663170374545,217.61692519143924,0.4138842772751366,325.31304193825736,0.6157760814249363,484.0,0.5810145284412707,456.6774193548387,0.07633587786259542,60.0,0.035623409669211195,28.0,0.021628498727735368,17.0,0.021628498727735368,17.0,0.06997455470737914,55.0,0.07251908396946564,57.0,0.17557251908396945,138.0
23,421,322,22.99371175175639,0.32530361600606705,65.6979282709203,1.7337235915481946,1.0056646328060566,101838.0,223547.0,207.78091985260812,456.1048065583671,-0.3861540947432947,-0.3006351194743021,0.04153518895283313,-0.1053972099510054,0.043478260869565216,14.0,0.046583850931677016,15.0,0.012422360248447204,4.0,0.15838509316770186,51.0,0.09006211180124224,29.0,0.07634664739494249,24.58362046117148,0.024844720496894408,8.0,0.055900621118012424,18.0,0.09937888198757763,32.0,0.09627329192546584,31.0,0.2826086956521739,91.0,0.21810217929845976,70.22890173410404,0.45212304491047045,145.58362046117148,0.5893512368506085,189.77109826589594,0.6335403726708074,204.0,0.12914167845084312,41.583620461171485,0.031055900621118012,10.0,0.015527950310559006,5.0,0.003105590062111801,1.0,0.10248447204968944,33.0,0.018633540372670808,6.0,0.2968435418048804,95.58362046117148
23,422,513,15.38991051234143,0.31581276428360705,77.21031457559161,1.0085993683584398,0.6974376475084868,17625.0,33061.0,26.526935563251502,49.75926335640612,-0.568178354073177,-0.34036795634771916,-0.2937798185121171,-0.11221495334988754,0.011695906432748537,6.0,0.03898635477582846,20.0,0.02729044834307992,14.0,0.1442495126705653,74.0,0.08771929824561403,45.0,0.08771929824561403,45.0,0.01364522417153996,7.0,0.042884990253411304,22.0,0.06042884990253411,31.0,0.07017543859649122,36.0,0.4074074074074074,209.0,0.20857699805068225,107.0,0.35282651072124754,181.0,0.5399610136452242,277.0,0.7582846003898636,389.0,0.06627680311890838,34.0,0.01949317738791423,10.0,0.015594541910331383,8.0,0.007797270955165692,4.0,0.08576998050682261,44.0,0.04093567251461988,21.0,0.2222222222222222,114.0
23,423,1114,29.015343524284134,0.39821473320919787,69.68349057990551,0.5571762917732654,0.4428741117302655,37742.0,68619.0,23.60856644045596,42.92290341205149,-0.5836177415443095,-0.3433367766801896,-0.19144246845136173,-0.0908885942916812,0.011669658886894075,13.0,0.02064631956912029,23.0,0.03680430879712747,41.0,0.10412926391382406,116.0,0.06642728904847396,74.0,0.08617594254937164,96.0,0.027827648114901255,31.0,0.03590664272890485,40.0,0.0718132854578097,80.0,0.07899461400359066,88.0,0.3240574506283663,361.0,0.21723518850987433,242.0,0.4614003590664273,514.0,0.63016157989228,702.0,0.6400359066427289,713.0,0.0933572710951526,104.0,0.02244165170556553,25.0,0.01615798922800718,18.0,0.02244165170556553,25.0,0.06552962298025135,73.0,0.026032315978456014,29.0,0.20377019748653502,227.0
23,424,737,19.65882811583342,0.38461887837945247,58.595908463173224,0.9993774924921518,0.6928358783565178,27310.0,46683.0,21.71308358384343,37.11577740551311,0.9939926589601135,-0.4204644482049258,-0.21266109309334152,0.19094451102200366,0.008141112618724558,6.0,0.023066485753052916,17.0,0.6187245590230664,456.0,0.10854816824966079,80.0,0.06648575305291723,49.0,0.08819538670284939,65.0,0.0067842605156037995,5.0,0.028493894165535955,21.0,0.0773405698778833,57.0,0.06377204884667571,47.0,0.2265943012211669,167.0,0.2645861601085482,195.0,0.378561736770692,279.0,0.6350067842605156,468.0,0.8656716417910447,638.0,0.0773405698778833,57.0,0.004070556309362279,3.0,0.017639077340569877,13.0,0.005427408412483039,4.0,0.08005427408412483,59.0,0.033921302578018994,25.0,0.3093622795115332,228.0
23,425,1027,22.579023910346894,0.27076382651097136,51.898122015668484,0.7520889253202574,0.5608087476874682,53152.0,99059.0,26.859678494418805,50.05818956913441,-0.1597782983222894,-0.3630375149265983,-0.32551402386791306,0.04756519141222694,0.008763388510223954,9.0,0.0029211295034079843,3.0,0.21287943300910264,218.62717770034843,0.13534566699123662,139.0,0.07789678675754626,80.0,0.09152872444011685,94.0,0.019474196689386564,20.0,0.02531645569620253,26.0,0.05647517039922103,58.0,0.06815968841285297,70.0,0.30671859785783834,315.0,0.2181110029211295,224.0,0.41285296981499514,424.0,0.6455696202531646,663.0,0.6923076923076923,711.0,0.12950340798442064,133.0,0.022395326192794548,23.0,0.01557935735150925,16.0,0.024342745861733205,25.0,0.09055501460564752,93.0,0.053554040895813046,55.0,0.2749491940600307,282.37282229965155
23,426,888,28.881004158559385,0.5545381709969097,83.47418034559063,0.4305875986469151,0.3580852680168797,20448.0,38510.0,19.221622068768436,36.20034555302585,-0.501470079760255,-0.41728663465419036,-0.46210489749388056,-0.05561775335881816,0.0033783783783783786,3.0,0.007882882882882882,7.0,0.09684684684684684,86.0,0.14527027027027026,129.0,0.05630630630630631,50.0,0.08108108108108109,72.0,0.016891891891891893,15.0,0.02927927927927928,26.0,0.0472972972972973,42.0,0.04617117117117117,41.0,0.25563063063063063,227.0,0.2195945945945946,195.0,0.42567567567567566,378.0,0.6328828828828829,562.0,0.7522522522522522,668.0,0.09797297297297297,87.0,0.02252252252252252,20.0,0.0033783783783783786,3.0,0.03490990990990991,31.0,0.06306306306306306,56.0,0.02702702702702703,24.0,0.19707207207207209,175.0
23,427,1692,28.475880870896393,0.4634474201220143,90.93782045907476,0.8035682632159605,0.5897670710559938,121140.0,227183.0,65.1076097542099,122.10122260847506,-0.42789542739710945,-0.36220244483833863,-0.41844049111678483,-0.21499885980924327,0.008865248226950355,15.0,0.008865248226950355,15.0,0.1099290780141844,186.0,0.09692671394799054,164.0,0.06264775413711583,106.0,0.0851063829787234,144.0,0.024231678486997636,41.0,0.03605200945626478,61.0,0.050236406619385346,85.0,0.05319148936170213,90.0,0.35047281323877066,593.0,0.18085106382978725,306.0,0.41843971631205673,708.0,0.5904255319148937,999.0,0.6247044917257684,1057.0,0.041371158392434985,70.0,0.022458628841607566,38.0,0.01950354609929078,33.0,0.03309692671394799,56.0,0.05969267139479906,101.0,0.10638297872340426,180.0,0.21040189125295508,356.0
23,428,1138,20.066920833151933,0.5084957117179871,90.30047522807217,0.5122063078493452,0.413569715439605,68723.0,109084.0,54.53180631897016,86.55832196642378,-0.41190912182830286,-0.14206994548811863,0.11434505739401005,0.10812350954060576,0.004393673110720563,5.0,0.009666080843585237,11.0,0.1256590509666081,143.0,0.1757469244288225,200.0,0.0852372583479789,97.0,0.09753954305799649,111.0,0.03866432337434095,44.0,0.09226713532513181,105.0,0.09490333919156414,108.0,0.12390158172231985,141.0,0.413884007029877,471.0,0.28295254833040423,322.0,0.343585237258348,391.0,0.6010544815465729,684.0,0.7829525483304042,891.0,0.1063268892794376,121.0,0.027240773286467488,31.0,0.020210896309314587,23.0,0.037785588752196834,43.0,0.08787346221441125,100.0,0.04657293497363796,53.0,0.27240773286467485,310.0
23,429,1662,13.23683268219399,0.5051961119679611,76.64506739185875,1.1172656096103393,0.7501254493796365,81503.0,165114.0,37.58605852971518,76.14424583236682,-0.412189187018618,-0.4104240121878647,-0.24889578859879571,0.07124650015045653,0.012033694344163659,20.0,0.05114320096269555,85.0,0.07340553549939831,122.0,0.12755716004813478,212.0,0.07667368973098367,127.43167233289485,0.054679631483309975,90.87754752526118,0.019253910950661854,32.0,0.043922984356197355,73.0,0.06438026474127558,107.0,0.07581227436823104,126.0,0.20898955530647673,347.3406409193643,0.16072349727721952,267.12245247473885,0.4279351919268265,711.2282889823856,0.5631768953068592,936.0,0.8011325327939508,1331.4822695035461,0.07524761493710862,125.06153602547452,0.012561701278737169,20.877547525261175,0.02459539562290083,40.87754752526118,0.019253910950661854,32.0,0.05535499398315283,92.0,0.0246690734055355,41.0,0.19830280777492687,329.57926652192845
23,430,2338,26.362032149000534,0.3751390207011092,95.75272371038938,1.1573155595751,0.7688646522910549,41538.0,87670.0,17.01187612267816,35.905223642813674,-0.4338024129938704,-0.348392092444933,-0.31916058895678134,-0.2521702244368842,0.014970059880239521,35.0,0.05945252352437981,139.0,0.05175363558597092,121.0,0.15526090675791274,363.0,0.07527801539777587,176.0,0.07912745936698032,185.0,0.027801539777587682,65.0,0.03507271171941831,82.0,0.05431993156544055,127.0,0.07356715141146279,172.0,0.07998289136013687,187.0,0.20829769033361847,487.0,0.38023952095808383,889.0,0.5795551753635586,1355.0,0.6402908468776732,1497.0,0.0641573994867408,150.0,0.03934987168520103,92.0,0.011120615911035072,26.0,0.013259195893926433,31.0,0.06073567151411463,142.0,0.026090675791274595,61.0,0.281437125748503,658.0
23,431,492,19.819289766757723,0.6353435595713385,97.56194291039967,0.3488226308389907,0.29923208662335504,8714.0,20431.0,17.279568506528918,40.51398486996698,-0.46309633568071434,-0.31404347106390973,-0.20409263646681136,0.23432091170079328,0.0020325203252032522,1.0,0.008130081300813009,4.0,0.11382113821138211,56.0,0.18495934959349594,91.0,0.056910569105691054,28.0,0.09349593495934959,46.0,0.03048780487804878,15.0,0.044715447154471545,22.0,0.052845528455284556,26.0,0.10772357723577236,53.0,0.3719512195121951,183.0,0.2540650406504065,125.0,0.4186991869918699,206.0,0.6036585365853658,297.0,0.766260162601626,377.0,0.08943089430894309,44.0,0.022357723577235773,11.0,0.03861788617886179,19.0,0.034552845528455285,17.0,0.09959349593495935,49.0,0.016260162601626018,8.0,0.20528455284552846,101.0
23,432,583,15.40260634846895,0.40910219545210613,109.1425105398342,0.768446393479871,0.5701014173464054,34613.0,70757.0,64.79845141192592,132.46306377816552,-0.5832589057729517,-0.1950117735008966,0.08940057315026494,-0.428755587261903,0.022298456260720412,13.0,0.030874785591766724,18.0,0.003430531732418525,2.0,0.23125589204342284,134.8221850613155,0.1454925987329597,84.8221850613155,0.07859722995079844,45.822185061315494,0.020278190499683525,11.822185061315496,0.07375643224699828,43.0,0.10120068610634649,59.0,0.10634648370497427,62.0,0.4322469982847341,252.0,0.2607204116638079,152.0,0.3382123755380523,197.1778149386845,0.5797598627787307,338.0,0.5286068866872804,308.1778149386845,0.06689536878216124,39.0,0.025728987993138937,15.0,0.00686106346483705,4.0,0.018867924528301886,11.0,0.06689536878216124,39.0,0.13893653516295026,81.0,0.2558796139600077,149.1778149386845
23,433,850,13.690811488344158,0.4623353465416712,67.71996440319988,0.8731265384620351,0.6276089804228732,42017.0,82090.0,33.47517346269706,65.40155150421975,-0.4079516946421604,0.010925267267694785,0.44605344906800426,-0.18361108905705045,0.03432219931055109,29.173869413968426,0.02823529411764706,24.0,0.041176470588235294,35.0,0.2211764705882353,188.0,0.18470588235294116,157.0,0.12941176470588237,110.0,0.03294117647058824,28.0,0.07176470588235294,61.0,0.13626603598356657,115.82613058603158,0.14491043460466874,123.17386941396842,0.45294117647058824,385.0,0.35508956539533126,301.8261305860316,0.3966751404870217,337.1738694139684,0.6188235294117647,526.0,0.5896163169576099,501.1738694139684,0.06332485951297832,53.826130586031574,0.040971918336507734,34.826130586031574,0.01979544774827244,16.826130586031574,0.009411764705882352,8.0,0.10235294117647059,87.0,0.25176470588235295,214.0,0.2762660359835666,234.82613058603158
23,434,987,18.96536585755222,0.5230960800121327,81.90388782071761,1.0886750143145068,0.7365299004934697,44659.0,94815.0,37.059227215657835,78.68001138522129,-0.4007823730521643,-0.33220239364278814,0.02442980811486256,-0.10111943964446016,0.011144883485309016,11.0,0.0121580547112462,12.0,0.11173113948916608,110.27863467580691,0.16141907059699545,159.3206226792345,0.10569465317045036,104.3206226792345,0.06281661600810537,62.0,0.0182370820668693,18.0,0.0547112462006079,54.0,0.10974733807419909,108.3206226792345,0.07396149949341439,73.0,0.4080498638831516,402.74521565267065,0.24316109422492402,240.0,0.3366976926841282,332.32062267923453,0.6656534954407295,657.0,0.6474164133738601,639.0,0.06111511922921429,60.3206226792345,0.03473012631794013,34.27863467580691,0.014184397163120567,14.0,0.008105369807497468,8.0,0.06499011572030224,64.1452442159383,0.12002693108091565,118.46658097686375,0.23842008376822138,235.3206226792345
23,435,875,17.13697643305547,0.43829577029947514,73.76937921592003,1.3800386077212838,0.8671167092834443,87710.0,179594.0,73.94642572603823,151.41186161033076,-0.4167289262084483,-0.09373818295429429,0.1646251133185028,-0.29927636383403405,0.024,21.0,0.013714285714285714,12.0,0.07428571428571429,65.0,0.18857142857142858,165.0,0.15428571428571428,135.0,0.10742857142857143,94.0,0.029714285714285714,26.0,0.07085714285714285,62.0,0.104,91.0,0.12228571428571429,107.0,0.408,357.0,0.22285714285714286,195.0,0.3965714285714286,347.0,0.5177142857142857,453.0,0.46972134329236015,411.00617538081514,0.06971428571428571,61.0,0.04801552667176381,42.01358583779333,0.037721343292360175,33.00617538081515,0.009142857142857144,8.0,0.08,70.0,0.224,196.0,0.2845714285714286,249.0
23,436,1003,21.677084728085074,0.5446578952931974,74.04804337458269,0.7323110500950094,0.549456384140007,34380.0,66054.0,25.381572594398335,48.76539837552029,-0.4157970138028922,-0.20007306389960822,-0.075521309750232,-0.39374355415390605,0.014955134596211365,15.0,0.007976071784646061,8.0,0.10069790628115653,101.0,0.2432701894317049,244.0,0.12861415752741776,129.0,0.0847457627118644,85.0,0.028913260219341975,29.0,0.06281156530408774,63.0,0.09072781655034895,91.0,0.07876370887337986,79.0,0.46560319042871384,467.0,0.25124626121635096,252.0,0.4576271186440678,459.0,0.6061814556331007,608.0,0.4287138584247258,430.0,0.07577268195413758,76.0,0.020937188434695914,21.0,0.018943170488534396,19.0,0.005982053838484547,6.0,0.05782652043868395,58.0,0.27218344965104685,273.0,0.3120638085742772,313.0
23,437,950,20.737327188940093,0.3907757010946842,82.19493350429879,0.8772182562435558,0.6297910301431027,52731.0,133694.0,45.623379353843994,115.67336252551287,-0.3476306834333887,-0.27850841926891595,-0.23132732999527894,-0.5419314904507331,0.016842105263157894,16.0,0.004210526315789474,4.0,0.12421052631578948,118.0,0.1231578947368421,117.0,0.09368421052631579,89.0,0.09263157894736843,88.0,0.022105263157894735,21.0,0.05052631578947368,48.0,0.07157894736842105,68.0,0.06842105263157895,65.0,0.3957894736842105,376.0,0.28465588158618893,270.4230875068795,0.36255061842829417,344.4230875068795,0.5768421052631579,548.0,0.42105263157894735,400.0,0.06271253946644266,59.57691249312053,0.03008096051907424,28.576912493120528,0.010526315789473684,10.0,0.014736842105263158,14.0,0.06315789473684211,60.0,0.2336842105263158,222.0,0.23789473684210527,226.0
23,438,1291,29.637557881454274,0.3969017226422109,64.08728976787593,0.9686443951218096,0.6773451815800501,43582.0,126168.0,21.634796767339807,62.63179841544052,-0.23681922752720097,-0.2829929954230065,0.1714861701046994,-0.2191745819600765,0.018590240123934933,24.0,0.010069713400464756,13.0,0.15569326103795508,201.0,0.1680867544539117,217.0,0.11386522075910147,147.0,0.07591014717273431,98.0,0.020139426800929512,26.0,0.055770720371804805,72.0,0.08133230054221534,105.0,0.16266460108443068,210.0,0.30518977536793185,394.0,0.40821068938807126,527.0,0.45933384972889235,593.0,0.6498838109992254,839.0,0.5484120836560805,708.0,0.08597986057319908,111.0,0.03408210689388071,44.0,0.013168086754453912,17.0,0.009295120061967466,12.0,0.09140201394268009,118.0,0.18048024786986833,233.0,0.3020914020139427,390.0
23,439,484,13.944021093501,0.38332657259583347,63.75173703725657,4.271556929755197,1.6623257515127752,137891.0,371428.0,181.62790850835424,489.2392600056639,-0.47552052500991326,-0.15064570550709033,-0.03024994297756487,-0.2712546115862118,0.012396694214876033,6.0,0.008264462809917356,4.0,0.08471074380165289,41.0,0.2190082644628099,106.0,0.1652892561983471,80.0,0.08264462809917356,40.0,0.024793388429752067,12.0,0.07024793388429752,34.0,0.09090909090909091,44.0,0.09090909090909091,44.0,0.42768595041322316,207.0,0.378099173553719,183.0,0.3037190082644628,147.0,0.5557851239669421,269.0,0.4132231404958678,200.0,0.10330578512396695,50.0,0.0640495867768595,31.0,0.0371900826446281,18.0,0.012396694214876033,6.0,0.1012396694214876,49.0,0.26859504132231404,130.0,0.29132231404958675,141.0
23,440,1067,23.348871624121347,0.41544654088050315,58.96972647884413,0.5608969105546819,0.4452605987084938,44047.0,100870.0,24.34338839937814,55.74766925886605,-0.2715140570336498,-0.23566603449849038,0.053124574148380996,-0.2670465661159412,0.006560449859418931,7.0,0.006560449859418931,7.0,0.17432052483598875,186.0,0.2099343955014058,224.0,0.15745079662605435,168.0,0.07966260543580131,85.0,0.01499531396438613,16.0,0.05248359887535145,56.0,0.1049671977507029,112.0,0.08997188378631678,96.0,0.33552014995313967,358.0,0.2736644798500469,292.0,0.36644798500468606,391.0,0.6073102155576382,648.0,0.6035613870665417,644.0,0.08153701968134958,87.0,0.030927835051546393,33.0,0.007497656982193065,8.0,0.01874414245548266,20.0,0.08059981255857544,86.0,0.11433926897844424,122.0,0.23055295220243674,246.0
23,441,678,29.331743916976368,0.7107460907369749,44.82114182850426,0.4381548748062119,0.3633609550336836,20402.0,41031.0,13.487329433409203,27.124723751701453,-0.25388812799582355,-0.3122589452055856,0.08336078491865206,-0.22566967470217264,0.011799410029498525,8.0,0.0014749262536873156,1.0,0.17256637168141592,117.0,0.22418879056047197,152.0,0.07227138643067847,49.0,0.08997050147492626,61.0,0.025073746312684365,17.0,0.0471976401179941,32.0,0.0855457227138643,58.0,0.13126843657817108,89.0,0.37168141592920356,252.0,0.30678466076696165,208.0,0.47640117994100295,323.0,0.5988200589970502,406.0,0.6342182890855457,430.0,0.08259587020648967,56.0,0.02654867256637168,18.0,0.008849557522123894,6.0,0.01327433628318584,9.0,0.06784660766961652,46.0,0.04424778761061947,30.0,0.32890855457227136,223.0
23,442,1448,29.292456915216075,0.4707473802719321,110.98966293788412,0.7778094917466982,0.5753819838519646,35090.0,65672.0,26.896597185706863,50.337797958955285,-0.455076734889077,-0.31386464980901263,-0.4075896345362461,-0.6500016643954354,0.019337016574585635,28.0,0.0055248618784530384,8.0,0.07803867403314917,113.0,0.12361878453038674,179.0,0.08770718232044199,127.0,0.0835635359116022,121.0,0.02954287975665777,42.77808988764045,0.03575834936991744,51.77808988764045,0.04834254143646409,70.0,0.05939226519337017,86.0,0.3294198895027624,477.0,0.25053735489477935,362.7780898876405,0.28990199577875725,419.7780898876405,0.5636891644422373,816.2219101123595,0.4252611118008567,615.7780898876405,0.0393646408839779,57.0,0.015040117325718541,21.778089887640448,0.004143646408839779,6.0,0.011049723756906077,16.0,0.03798342541436464,55.0,0.15331491712707182,222.0,0.19459812837544233,281.7780898876405
23,443,1434,28.50456444375677,0.43754835215844035,115.77484779321352,0.754039006082769,0.5619211320623401,33068.0,60121.0,26.697647606875766,48.53904898309477,-0.45670271643353405,-0.29950736515350296,-0.27830454472193605,-0.345922290255293,0.0041841004184100415,6.0,0.008368200836820083,12.0,0.1108786610878661,159.0,0.16317991631799164,234.0,0.08577405857740586,123.0,0.08448759547625095,121.15521191294387,0.022315202231520222,32.0,0.05439330543933055,78.0,0.06565914359340577,94.15521191294387,0.06555090655509066,94.0,0.4776847977684798,685.0,0.2286225858347672,327.84478808705614,0.31659693165969316,454.0,0.5717188201443906,819.8447880870561,0.5425383542538355,778.0,0.061366806136680614,88.0,0.02789400278940028,40.0,0.01603905160390516,23.0,0.01394700139470014,20.0,0.03765690376569038,54.0,0.05788005578800558,83.0,0.1623743292099415,232.84478808705612
23,444,453,24.016670507797496,0.4314454175309211,92.1340316265826,3.648508399744605,1.536546393891729,82493.0,224068.0,167.7795291605227,455.72380129150355,-0.454866213985566,-0.13014201975090145,-0.04781374901741084,-0.43528797485743564,0.004415011037527594,2.0,0.019867549668874173,9.0,0.10154525386313466,46.0,0.1479028697571744,67.0,0.09271523178807947,42.0,0.10154525386313466,46.0,0.033112582781456956,15.0,0.09713024282560706,44.0,0.08830022075055188,40.0,0.09050772626931568,41.0,0.3554083885209713,161.0,0.40176600441501104,182.0,0.32891832229580575,149.0,0.4922737306843267,223.0,0.5320088300220751,241.0,0.09933774834437085,45.0,0.06622516556291391,30.0,0.013245033112582781,6.0,0.01545253863134658,7.0,0.11037527593818984,50.0,0.16997792494481237,77.0,0.2980132450331126,135.0
23,445,1024,17.39988967678496,0.47013678479778076,78.77050321582118,0.8047104490967191,0.5904001629039215,32740.0,75221.0,25.1850222195897,57.863242406223485,-0.22146620587305757,-0.24413425410931033,-0.07191297095273988,-0.59022119192147,0.0224609375,23.0,0.00390625,4.0,0.1572265625,161.0,0.1630859375,167.0,0.1064453125,109.0,0.08203125,84.0,0.0283203125,29.0,0.060546875,62.0,0.0859375,88.0,0.087890625,90.0,0.3173828125,325.0,0.2998046875,307.0,0.2861328125,293.0,0.5546875,568.0,0.4208984375,431.0,0.0791015625,81.0,0.048828125,50.0,0.005859375,6.0,0.0126953125,13.0,0.0791015625,81.0,0.2685546875,275.0,0.216796875,222.0
23,446,1272,24.94907908992416,0.4879393282773564,116.87030152905311,0.7370600629044618,0.5521940651899077,29228.0,71187.0,26.854443184678964,65.4060232307288,-0.42583500402017577,-0.40595723311920107,-0.2877526918145243,-0.565656496872051,0.015723270440251572,20.0,0.0023584905660377358,3.0,0.09984276729559749,127.0,0.10062893081761007,128.0,0.060534591194968554,77.0,0.06572853161495726,83.60669221422563,0.0220125786163522,28.0,0.040880503144654086,52.0,0.05550840582879374,70.60669221422563,0.08018867924528301,102.0,0.33049788347938236,420.39330778577437,0.2209119496855346,281.0,0.3155607765611434,401.39330778577437,0.5899318457435333,750.3933077857744,0.42374213836477986,539.0,0.049528301886792456,63.0,0.019177128762401234,24.393307785774372,0.007861635220125786,10.0,0.018867924528301886,24.0,0.0330188679245283,42.0,0.06367924528301887,81.0,0.16823899371069181,214.0
23,447,1118,20.592250178388607,0.5168616014643378,94.15355282283805,0.3057968647155448,0.26681347872259453,46258.0,100802.0,38.9566641008841,84.89147076607979,-0.2862481623172096,-0.3470554141860553,-0.3691501131357276,-0.3946207213680504,0.0035778175313059034,4.0,0.005366726296958855,6.0,0.17696791030288772,197.85012371862848,0.15295169946332737,171.0,0.07231674751219007,80.8501237186285,0.08305020010610778,92.8501237186285,0.02401621083956037,26.850123718628492,0.03935599284436494,44.0,0.04740608228980322,53.0,0.07155635062611806,80.0,0.38640429338103754,432.0,0.2710196779964222,303.0,0.40518783542039355,453.0,0.518783542039356,580.0,0.5240162108395604,585.8501237186285,0.054427659855660546,60.85012371862849,0.03653857219913103,40.85012371862849,0.022361359570661897,25.0,0.01699463327370304,19.0,0.07947238257480188,88.8501237186285,0.1779964221824687,199.0,0.2404741714835675,268.8501237186285
23,448,503,16.634041972048983,0.3935539673146083,99.68469512932256,0.6270568206145254,0.48677275117627367,15074.0,28968.0,29.873699689451456,57.4088717396862,-0.22115248344764957,-0.30314149215608377,-0.3463374069810385,-0.5228062222660839,0.019880715705765408,10.0,0.0019880715705765406,1.0,0.16500994035785288,83.0,0.12127236580516898,61.0,0.06958250497017893,35.0,0.06958250497017893,35.0,0.013916500994035786,7.0,0.09343936381709742,47.0,0.061630218687872766,31.0,0.0536779324055666,27.0,0.4691848906560636,236.0,0.26043737574552683,131.0,0.4234592445328032,213.0,0.4970178926441352,250.0,0.4870775347912525,245.0,0.07157057654075547,36.0,0.03777335984095427,19.0,0.013916500994035786,7.0,0.02385685884691849,12.0,0.0636182902584493,32.0,0.09940357852882704,50.0,0.20079522862823063,101.0
23,449,878,20.49866909889619,0.5063287604936433,87.4446250438219,0.6604688420500111,0.5070999974610902,27913.0,54327.0,27.800020715810945,54.10710871020174,-0.40809542566859586,-0.26921247812038274,-0.04642090162232038,-0.2021550299131427,0.007972665148063782,7.0,0.0056947608200455585,5.0,0.12186788154897495,107.0,0.15375854214123008,135.0,0.08997722095671981,79.0,0.0785876993166287,69.0,0.029612756264236904,26.0,0.06150341685649203,54.0,0.0888382687927107,78.0,0.08997722095671981,79.0,0.3690205011389522,324.0,0.2722095671981777,239.0,0.3564920273348519,313.0,0.47266514806378135,415.0,0.6321184510250569,555.0,0.08086560364464693,71.0,0.029612756264236904,26.0,0.030751708428246014,27.0,0.02733485193621868,24.0,0.08428246013667426,74.0,0.07403189066059225,65.0,0.28815489749430523,253.0
23,450,765,19.16182610274097,0.4744546802202457,66.92521085815618,0.8961823451296534,0.6398425728000361,35605.0,65046.0,31.148655328165365,56.904800855942824,-0.11259843293036394,-0.32432586743990244,-0.057147301126666133,0.12788829349687855,0.009150326797385621,7.0,0.02091503267973856,16.0,0.21437908496732025,164.0,0.13594771241830064,104.0,0.07320261437908497,56.0,0.07973856209150326,61.0,0.02483660130718954,19.0,0.05228758169934641,40.0,0.08235294117647059,63.0,0.09803921568627451,75.0,0.30196078431372547,231.0,0.16862745098039217,129.0,0.44836601307189544,343.0,0.5281045751633987,404.0,0.7111111111111111,544.0,0.11372549019607843,87.0,0.043137254901960784,33.0,0.04183006535947712,32.0,0.027450980392156862,21.0,0.06797385620915032,52.0,0.023529411764705882,18.0,0.26666666666666666,204.0
23,451,1277,20.540508046002923,0.525731053475956,114.91098223244053,1.8968296220714296,1.0636169052080322,67449.0,144837.0,60.694055133875345,130.33173009866866,-0.37660863509732767,-0.38743726351480157,-0.12709233741497902,-0.449969017914623,0.009397024275646046,12.0,0.01331245105716523,17.0,0.12372748629600626,158.0,0.10180109631949882,130.0,0.0696945967110415,89.0,0.0548159749412686,70.0,0.025058731401722788,32.0,0.05090054815974941,65.0,0.07987470634299139,102.0,0.08300704776820673,106.0,0.4111198120595145,525.0,0.23335943617854346,298.0,0.37431480031323416,478.0,0.4463586530931872,570.0,0.5755677368833203,735.0,0.0759592795614722,97.0,0.0274079874706343,35.0,0.01644479248238058,21.0,0.010180109631949883,13.0,0.07126076742364917,91.0,0.025058731401722788,32.0,0.17149569303054032,219.0
23,452,926,24.2597597667206,0.5426342214207235,101.6880658183144,0.833284387483262,0.6061091054775221,22522.0,42851.0,24.732382487689815,47.05653680756577,-0.473639990983058,-0.44118645816686025,-0.3598698343919927,-0.46293194793508563,0.009719222462203024,9.0,0.01079913606911447,10.0,0.08963282937365011,83.0,0.07088291860163935,65.63758262511804,0.07301113361356021,67.60830972615675,0.06075967180415935,56.26345609065156,0.020518358531317494,19.0,0.02267818574514039,21.0,0.05399568034557235,50.0,0.06291949901798224,58.26345609065156,0.47581890899152995,440.60830972615673,0.2084233261339093,193.0,0.3390210503210052,313.93349259725085,0.5277932439625793,488.7365439093484,0.5212068926837128,482.63758262511806,0.054280190162690665,50.26345609065156,0.023758099352051837,22.0,0.014038876889848811,13.0,0.016198704103671708,15.0,0.07883369330453564,73.0,0.019438444924406047,18.0,0.24434498497910534,226.26345609065154
23,453,717,41.352129755949676,0.5767833863877521,117.16337182131034,0.3442623529271881,0.2958454261221418,12148.0,23121.0,19.850776023504572,37.781510737524634,-0.31676460468761847,-0.547142018597518,-0.40620503310437645,0.17400630688300978,0.002789400278940028,2.0,0.012552301255230125,9.0,0.16178521617852162,116.0,0.10599721059972106,76.0,0.03626220362622036,26.0,0.0502092050209205,36.0,0.01394700139470014,10.0,0.01813110181311018,13.0,0.061366806136680614,44.0,0.03765690376569038,27.0,0.47419804741980476,340.0,0.16875871687587168,121.0,0.3947001394700139,283.0,0.796373779637378,571.0,0.8019525801952581,575.0,0.04741980474198047,34.0,0.016736401673640166,12.0,0.005578800557880056,4.0,0.0041841004184100415,3.0,0.043235704323570434,31.0,0.002789400278940028,2.0,0.21617852161785217,155.0
23,454,1199,33.74022148425016,0.5362204560296795,108.71211056538458,0.3403450578641033,0.2929270866826082,18911.0,37494.0,17.146411366989057,33.99542846987931,-0.26662340562422293,-0.42280119893280493,-0.16119567136113266,0.19764507235120665,0.0016680567139282735,2.0,0.0025020850708924102,3.0,0.19099249374478733,229.0,0.10842368640533778,130.0,0.043369474562135114,52.0,0.06922435362802336,83.0,0.013344453711426188,16.0,0.05421184320266889,65.0,0.08590492076730609,103.0,0.0633861551292744,76.0,0.45454545454545453,545.0,0.2610508757297748,313.0,0.4353628023352794,522.0,0.7599278032204759,911.1534360613506,0.7931609674728941,951.0,0.05587989991659716,67.0,0.020850708924103418,25.0,0.013344453711426188,16.0,0.011676396997497914,14.0,0.0817347789824854,98.0,0.010008340283569641,12.0,0.20100083402835697,241.0
23,455,1787,18.031382313551404,0.4295644795909596,107.1305031776454,0.3941989142940252,0.3323199953394214,55961.0,149396.0,33.54857352167999,89.56277925421104,-0.2721472371749923,-0.39686604396499947,-0.38175975752336233,-0.16702375360204097,0.002238388360380526,4.0,0.00783435926133184,14.0,0.18324491514624322,327.4586633663366,0.10957700554610582,195.8141089108911,0.07442641298265248,133.0,0.06399297456326494,114.35544554455446,0.023142386986320346,41.355445544554456,0.03581421376608842,64.0,0.05224143567126718,93.35544554455446,0.05987688864017907,107.0,0.38637865885077594,690.4586633663366,0.18486594602381337,330.35544554455447,0.32736429770565195,585.0,0.5847789591494125,1045.0,0.5601566871852266,1001.0,0.051739598973887316,92.45866336633664,0.03215370082055771,57.45866336633664,0.03265553751793758,58.355445544554456,0.014549524342473419,26.0,0.06287378038307469,112.35544554455446,0.0806860050862389,144.1858910891089,0.20119828574911214,359.5413366336634
23,456,1515,15.129875076173064,0.40253338919358117,112.99072655647522,0.3878005004770707,0.3277201201094683,37899.0,80011.0,28.265581160157456,59.67327407597452,-0.3994531717609491,-0.41954667474103646,-0.36491545952353455,-0.1137656460544406,0.0019801980198019802,3.0,0.0039603960396039604,6.0,0.1405940594059406,213.0,0.08184818481848184,124.0,0.05148514851485148,78.0,0.06402640264026403,97.0,0.01914191419141914,29.0,0.04686468646864687,71.0,0.058745874587458745,89.0,0.053465346534653464,81.0,0.5194719471947195,787.0,0.22508250825082507,341.0,0.28976897689768977,439.0,0.634983498349835,962.0,0.6455445544554456,978.0,0.056105610561056105,85.0,0.0297029702970297,45.0,0.018481848184818482,28.0,0.0026402640264026403,4.0,0.06468646864686468,98.0,0.08316831683168317,126.0,0.16765676567656765,254.0
23,457,1078,28.35653830292795,0.5822628562451432,71.04730181724236,0.3274659115183054,0.28327179509864525,45348.0,87685.0,29.887319506570556,57.79019164976712,-0.27898767617737036,-0.203544956079339,-0.03262151770512357,0.030174715050483233,0.0037105751391465678,4.0,0.01020408163265306,11.0,0.17532467532467533,189.0,0.1836734693877551,198.0,0.13494401150825386,145.46964440589767,0.09833024118738404,106.0,0.03153988868274583,34.0,0.03759773246206154,40.53035559410234,0.09325635954926006,100.53035559410235,0.0862708719851577,93.0,0.5723562152133581,617.0,0.3163265306122449,341.0,0.4387755102040816,473.0,0.6298701298701299,679.0,0.62152133580705,670.0,0.10067750982755319,108.53035559410235,0.030612244897959183,33.0,0.030612244897959183,33.0,0.02040816326530612,22.0,0.09925788497217068,107.0,0.07977736549165121,86.0,0.2569573283858998,277.0
23,458,1240,34.77728138886347,0.42832307624984584,101.93051462579582,0.7820865721123607,0.5777849093008791,29710.0,58850.0,24.422222496228983,48.375893433291,-0.45344004180771086,-0.43086694875843573,-0.5173503449659008,-0.26877675736020473,0.012096774193548387,15.0,0.012096774193548387,15.0,0.09032258064516129,112.0,0.12096774193548387,150.0,0.049193548387096775,61.0,0.06532258064516129,81.0,0.02661290322580645,33.0,0.029838709677419355,37.0,0.042741935483870966,53.0,0.03870967741935484,48.0,0.3604838709677419,447.0,0.2524193548387097,313.0,0.31129032258064515,386.0,0.5983870967741935,742.0,0.5661290322580645,702.0,0.0532258064516129,66.0,0.021774193548387097,27.0,0.018548387096774192,23.0,0.016935483870967744,21.0,0.04596774193548387,57.0,0.020161290322580645,25.0,0.16451612903225807,204.0
23,459,569,17.27233030905827,0.42561415425420085,99.57074335072176,0.6187879235375991,0.4816776738593022,16864.0,29513.0,29.510738415932718,51.64554215307296,-0.6390922771289872,-0.5525909312071238,-0.3351066311387016,0.14050564872557644,0.0017574692442882249,1.0,0.015817223198594025,9.0,0.043936731107205626,25.0,0.08084358523725835,46.0,0.019332161687170474,11.0,0.03690685413005272,21.0,0.007029876977152899,4.0,0.05272407732864675,30.0,0.04745166959578207,27.0,0.08084358523725835,46.0,0.40597539543058,231.0,0.18535152765295407,105.46501923453087,0.2390158172231986,136.0,0.6922994153724759,393.9183673469388,0.7124488340623368,405.38338658146967,0.04745166959578207,27.0,0.01757469244288225,10.0,0.029733510275815073,16.918367346938776,0.005272407732864675,3.0,0.040421792618629174,23.0,0.012302284710017574,7.0,0.19156414762741653,109.0
23,460,618,37.71971148788642,0.5146062687809586,72.07341692139217,0.5099142249320513,0.41205284453262525,19582.0,39291.0,22.837243530011346,45.822599098032676,-0.3002682087069092,-0.20779441531020215,0.3952729533774805,0.13865570412850542,0.011326860841423949,7.0,0.030744336569579287,19.0,0.13268608414239483,82.0,0.127831715210356,79.0,0.08414239482200647,52.0,0.11974110032362459,74.0,0.030744336569579287,19.0,0.04854368932038835,30.0,0.15048543689320387,93.0,0.10679611650485436,66.0,0.47249190938511326,292.0,0.2087378640776699,129.0,0.4886731391585761,302.0,0.6941747572815534,429.0,0.6974110032362459,431.0,0.11812297734627832,73.0,0.025889967637540454,16.0,0.019417475728155338,12.0,0.02750809061488673,17.0,0.10679611650485436,66.0,0.01779935275080906,11.0,0.2540453074433657,157.0
23,461,562,38.278903536491924,0.43192966167579266,84.65461819562145,0.6970087187915506,0.5288671240064517,16820.0,43395.0,25.33613306139418,65.3663195124376,-0.16722674484088082,-0.30243876965280136,0.2485005790635521,0.1428047484172461,0.0071174377224199285,4.0,0.0035587188612099642,2.0,0.21352313167259787,120.0,0.1583629893238434,89.0,0.051601423487544484,29.0,0.09252669039145907,52.0,0.037366548042704624,21.0,0.04448398576512456,25.0,0.14768683274021352,83.0,0.0711743772241993,40.0,0.3238434163701068,182.0,0.2508896797153025,141.0,0.5854092526690391,329.0,0.6672597864768683,375.0,0.697508896797153,392.0,0.09074733096085409,51.0,0.026690391459074734,15.0,0.028469750889679714,16.0,0.051601423487544484,29.0,0.11209964412811388,63.0,0.012455516014234875,7.0,0.3398576512455516,191.0
23,462,869,20.737680947506945,0.4621362772335137,73.84614338728606,0.7146146900234952,0.5391883848354605,14971.0,30731.0,12.722101411404598,26.114681616049342,-0.37102636034677233,-0.20625040298433367,0.15823376800705113,-0.010385519358825493,0.010356731875719217,9.0,0.05293440736478711,46.0,0.09090909090909091,79.0,0.16455696202531644,143.0,0.08285385500575373,72.0,0.09896432681242807,86.0,0.04372842347525892,38.0,0.05293440736478711,46.0,0.11737629459148446,102.0,0.09781357882623705,85.0,0.27502876869965476,239.0,0.24856156501726123,216.0,0.45914844649021863,399.0,0.570771001150748,496.0,0.7433831990794016,646.0,0.07940161104718067,69.0,0.03452243958573072,30.0,0.02186421173762946,19.0,0.06789413118527042,59.0,0.11967779056386652,104.0,0.024165707710011506,21.0,0.2727272727272727,237.0
23,463,511,19.51171136550989,0.6479214573041856,63.89089285959883,1.1976444529957384,0.7873860835683789,9105.0,17194.0,11.384081790345348,21.49784758958791,-0.3033659866220834,-0.3096684279688945,0.38947440610115297,0.03361132502994636,0.0019569471624266144,1.0,0.03913894324853229,20.0,0.14677103718199608,75.0,0.21526418786692758,110.0,0.07240704500978473,37.0,0.07240704500978473,37.0,0.03718199608610567,19.0,0.04892367906066536,25.0,0.16634050880626222,85.0,0.07827788649706457,40.0,0.3679060665362035,188.0,0.15459882583170254,79.0,0.5009784735812133,256.0,0.5616438356164384,287.0,0.7416829745596869,379.0,0.0958904109589041,49.0,0.0410958904109589,21.0,0.025440313111545987,13.0,0.033268101761252444,17.0,0.07827788649706457,40.0,0.025440313111545987,13.0,0.3405088062622309,174.0
23,464,660,30.75915464954446,0.3927542503381948,52.953013026441205,0.7538427715859999,0.5618092500153321,18599.0,38430.0,14.922319534526968,30.833095312214173,-0.226104679936035,-0.1694004389014408,0.016621463523012213,0.08071320513666845,0.0030303030303030303,2.0,0.016666666666666666,11.0,0.19090909090909092,126.0,0.19090909090909092,126.0,0.0696969696969697,46.0,0.1303030303030303,86.0,0.04090909090909091,27.0,0.05,33.0,0.08333333333333333,55.0,0.11666666666666667,77.0,0.38636363636363635,255.0,0.3575757575757576,236.0,0.45151515151515154,298.0,0.6984848484848485,461.0,0.6439393939393939,425.0,0.05606060606060606,37.0,0.019696969696969695,13.0,0.030303030303030304,20.0,0.012121212121212121,8.0,0.10757575757575757,71.0,0.06666666666666667,44.0,0.3696969696969697,244.0
23,465,284,53.3326357643612,0.36238359317777546,38.90864004712878,0.410590033136863,0.3440080800763962,10054.0,19230.0,13.774206585698336,26.34553338402417,-0.3369619570909655,-0.29048361856266103,-0.0010281450731546848,0.27967274345517856,0.007042253521126761,2.0,0.02112676056338028,6.0,0.13732394366197184,39.0,0.15140845070422534,43.0,0.09859154929577464,28.0,0.07394366197183098,21.0,0.02112676056338028,6.0,0.06338028169014084,18.0,0.1056338028169014,30.0,0.07394366197183098,21.0,0.1619718309859155,46.0,0.2746478873239437,78.0,0.5528169014084507,157.0,0.6373239436619719,181.0,0.7323943661971831,208.0,0.07394366197183098,21.0,0.02112676056338028,6.0,0.045774647887323945,13.0,0.01056338028169014,3.0,0.15492957746478872,44.0,0.017605633802816902,5.0,0.3274647887323944,93.0
23,466,702,12.07496967562703,0.44997847947724695,56.169616238299994,0.4702435665788924,0.38542807861558304,28119.0,61697.0,22.49905183767461,49.36605146801132,-0.12263408633375816,-0.12826563538044916,-0.056141692339086384,0.1407973368936451,0.008547008547008548,6.0,0.0,0.0,0.22934472934472935,161.0,0.1866096866096866,131.0,0.14102564102564102,99.0,0.1267806267806268,89.0,0.019943019943019943,14.0,0.05698005698005698,40.0,0.08404558404558404,59.0,0.09544159544159544,67.0,0.3176638176638177,223.0,0.2962962962962963,208.0,0.5071225071225072,356.0,0.5982905982905983,420.0,0.6837606837606838,480.0,0.07692307692307693,54.0,0.03276353276353276,23.0,0.042735042735042736,30.0,0.014245014245014245,10.0,0.08404558404558404,59.0,0.0754985754985755,53.0,0.3262108262108262,229.0
23,467,233,16.422590142622262,0.5420315069016939,39.85576659915704,0.3471390652454488,0.29798313281601096,17553.0,45886.0,30.02524768733921,78.49020198149871,0.3280947478187423,0.2530314373034057,0.8976308064296823,0.37324727420374876,0.02575107296137339,6.0,0.017167381974248927,4.0,0.33905579399141633,79.0,0.36909871244635195,86.0,0.21888412017167383,51.0,0.13733905579399142,32.0,0.060085836909871244,14.0,0.11587982832618025,27.0,0.1759656652360515,41.0,0.2017167381974249,47.0,0.5493562231759657,128.0,0.4034334763948498,94.0,0.5622317596566524,131.0,0.5407725321888412,126.0,0.7811158798283262,182.0,0.12017167381974249,28.0,0.0815450643776824,19.0,0.055793991416309016,13.0,0.0,0.0,0.13304721030042918,31.0,0.10300429184549356,24.0,0.38197424892703863,89.0
24,468,850,15.619202045557305,0.23227989210932506,60.43352880617474,0.4540417003354654,0.3743470584356052,85543.0,238573.0,60.81959240784242,169.62127373971208,1.0878175970951156,2.00902539943545,2.5413240147475498,0.4370863807370037,0.12572008113590263,106.86206896551724,0.3764705882352941,320.0,0.08470588235294117,72.0,0.5883645212721322,500.1098430813124,0.4223529411764706,359.0,0.366896551724138,311.86206896551727,0.2579432924248836,219.25179856115108,0.2752941176470588,234.0,0.26588235294117646,226.0,0.5011764705882353,426.0,0.5889863039500429,500.6383583575365,0.48205670757511637,409.7482014388489,0.6729411764705883,572.0,0.3810141987829615,323.86206896551727,0.9505882352941176,808.0,0.17411764705882352,148.0,0.11411764705882353,97.0,0.05411764705882353,46.0,0.004705882352941176,4.0,0.43264494286923405,367.7482014388489,0.672644942869234,571.7482014388489,0.6422237140219854,545.8901569186876
24,469,1101,22.535754751064463,0.29528950897628203,38.98743159936643,0.573517266765991,0.4533134109390728,74143.0,164449.0,26.254724260416214,58.23291679458865,0.9803546273588214,3.4855441211586924,5.109148448544443,0.5046271565743086,0.0765290735989275,84.25851003241917,0.5243856234591929,577.3485714285714,0.03996366939146231,44.0,0.7433949828394139,818.4778761061947,0.6358628134125207,700.0849575671853,0.5472868607387648,602.5628336733799,0.3478655767484105,383.0,0.5126956186250633,564.4778761061947,0.5557006789598239,611.8264475347661,0.7153963928895809,787.6514285714286,0.8474114441416893,933.0,0.7784604519229658,857.0849575671853,0.8494627702383462,935.2585100324192,0.369347346568055,406.6514285714286,0.9436875567665758,1039.0,0.24341507720254316,268.0,0.24341507720254316,268.0,0.05243995107957662,57.73638613861386,0.007266121707538601,8.0,0.4507389771674715,496.26361386138615,0.9155313351498637,1008.0,0.8201634877384196,903.0
24,470,393,43.35190118672802,0.3193487307074132,49.252687592583776,0.6074272553955743,0.4746349228525361,47954.0,93613.0,60.09830485533746,117.3204031451538,2.0188164016395604,3.5821690210487964,3.6964231608125693,0.8568574297741798,0.16030534351145037,63.0,0.6539440203562341,257.0,0.11450381679389313,45.0,0.9516539440203562,374.0,0.7612889660824733,299.186563670412,0.5114503816793893,201.0,0.29770992366412213,117.0,0.5903307888040712,232.0,0.3762434815562029,147.86368825158775,0.631517973716061,248.18656367041197,0.8010520008386464,314.813436329588,0.9821882951653944,386.0,0.926208651399491,364.0,0.04071246819338423,16.0,1.0,393.0,0.3155216284987277,124.0,0.20054309498622905,78.81343632958801,0.11959287531806616,47.0,0.0,0.0,0.5924006013475521,232.813436329588,0.9974554707379135,392.0,0.9317724266422697,366.186563670412
24,471,509,57.894336049372086,0.24716835577569338,39.86659962185473,2.060389548570687,1.1185422113163652,65981.0,173800.0,51.678548323174795,136.1260317147024,1.8390280268247832,2.950427065864405,4.114386075546875,0.6592709108626629,0.23401811834498729,119.11522223759853,0.415851498419499,211.66841269552498,0.07072691552062868,36.0,0.8984315411658664,457.301654453426,0.7000003524347093,356.300179389267,0.3607108719895737,183.601833842693,0.26129666011787817,133.0,0.5458117856769538,277.81819890956945,0.43506869470198717,221.44996560331145,0.6466008906935078,329.11985336299546,0.8861818837973123,451.066578852832,0.9542207181661572,485.698345546574,0.8824789805312977,449.18180109043055,0.0137524557956778,7.0,0.9941060903732809,506.0,0.42569196722133307,216.67721131565852,0.4144075071653595,210.933421147168,0.08447937131630648,43.0,0.0,0.0,0.676427611892782,344.301654453426,0.962671905697446,490.0,0.9056974459724951,461.0
24,472,1242,33.92686810603525,0.3372351972634068,60.309823508788625,0.7677986174216185,0.569735053554586,64334.0,142292.0,31.239711639407467,69.09505158383696,1.590261761583088,1.352152050439714,1.6718355433191432,0.3376718002350532,0.22416809757514405,278.4167771883289,0.38632855468352195,479.82006491693426,0.027502269556680947,34.15781878939774,0.676646264810516,840.3946608946609,0.3755190506398236,466.3946608946609,0.261804561114884,325.16126490468594,0.09197813374014747,114.23684210526316,0.35960668518512406,446.63150299992407,0.17342565289425194,215.3946608946609,0.4189973115093888,520.3946608946609,0.8180354267310789,1016.0,0.7127510806000508,885.2368421052631,0.7230095682015556,897.977883706332,0.32114726166658536,398.864898989899,0.9685990338164251,1203.0,0.25830923101202435,320.82006491693426,0.2992202117551724,371.63150299992407,0.03561742520552589,44.23684210526316,0.012077294685990338,15.0,0.3646255225361506,452.864898989899,0.8932932673874703,1109.470238095238,0.7375201288244766,916.0
24,473,226,45.33667011225359,0.19313421467820033,33.22879495628061,4.704234586536331,1.7412088089381836,35067.0,139740.0,51.55903330672089,205.4598144774625,0.6854744264150529,1.897026334307903,2.590749672501622,1.411483831138333,0.035398230088495575,8.0,0.42035398230088494,95.0,0.11504424778761062,26.0,0.668141592920354,151.0,0.48672566371681414,110.0,0.2920353982300885,66.0,0.23893805309734514,54.0,0.28761061946902655,65.0,0.28761061946902655,65.0,0.4778761061946903,108.0,0.6769911504424779,153.0,0.6814159292035398,154.0,0.827433628318584,187.0,0.24336283185840707,55.0,0.9601769911504425,217.0,0.47345132743362833,107.0,0.39823008849557523,90.0,0.12831858407079647,29.0,0.008849557522123894,2.0,0.48672566371681414,110.0,0.8805309734513275,199.0,0.7699115044247787,174.0
24,474,392,28.43341697047336,0.270974701771791,44.26762489511848,3.181256741911906,1.430611857308505,311941.0,918400.0,352.2675300359223,1037.12721182849,1.5160163091551342,3.334201957184036,4.144650033924844,1.2596356146681722,0.14285714285714285,56.0,0.5178571428571429,203.0,0.08418367346938775,33.0,0.7653061224489796,300.0,0.5535714285714286,217.0,0.4489795918367347,176.0,0.3673469387755102,144.0,0.5739795918367347,225.0,0.4872448979591837,191.0,0.5663265306122449,222.0,0.7397959183673469,290.0,0.6836734693877551,268.0,0.8188775510204082,321.0,0.21428571428571427,84.0,0.9795918367346939,384.0,0.3903061224489796,153.0,0.336734693877551,132.0,0.12755102040816327,50.0,0.007653061224489796,3.0,0.5433673469387755,213.0,0.8341836734693877,327.0,0.7882653061224489,309.0
24,475,533,28.9646516127227,0.25859126103762686,46.6439951763283,0.7319274191493372,0.5492349034592476,43659.0,87382.0,38.206945317135414,76.46989843335685,1.4944594249606507,2.7063524109434747,3.7774771062895818,0.8834179591137638,0.18198874296435272,97.0,0.43902439024390244,234.0,0.04878048780487805,26.0,0.6660412757973734,355.0,0.5834896810506567,311.0,0.34896810506566606,186.0,0.2326454033771107,124.0,0.5647279549718575,301.0,0.3789868667917448,202.0,0.649155722326454,346.0,0.8630393996247655,460.0,0.7786116322701688,415.0,0.8724202626641651,465.0,0.5196998123827392,277.0,0.9549718574108818,509.0,0.24390243902439024,130.0,0.0975609756097561,52.0,0.06941838649155722,37.0,0.0,0.0,0.5084427767354597,271.0,0.9136960600375235,487.0,0.699812382739212,373.0
24,476,522,19.725445951103712,0.24815139478993217,48.30055157009178,1.641928404744582,0.9715091068474797,177341.0,527732.0,164.09325892704302,488.30932339439994,1.8501339389902822,2.9284852911696504,2.8103379393754766,0.6929014267195199,0.23371647509578544,122.0,0.421455938697318,220.0,0.07088122605363985,37.0,0.7509578544061303,392.0,0.6417624521072797,335.0,0.43486590038314177,227.0,0.3065134099616858,160.0,0.42337164750957856,221.0,0.2796934865900383,146.0,0.5517241379310345,288.0,0.7145593869731801,373.0,0.8371647509578544,437.0,0.8007662835249042,418.0,0.47509578544061304,248.0,0.9885057471264368,516.0,0.34099616858237547,178.0,0.2222222222222222,116.0,0.034482758620689655,18.0,0.0,0.0,0.32950191570881227,172.0,0.8620689655172413,450.0,0.6954022988505747,363.0
24,477,642,46.237371013554814,0.14725328283736222,52.38609695834244,1.5108623904835183,0.9206262759989031,96973.0,211397.0,79.12830187447572,172.49631991748782,2.023610728668436,2.676231103498594,3.684411214585121,0.5584509764768331,0.19158878504672897,123.0,0.6354262451306573,407.94364937388195,0.05763239875389408,37.0,0.6354262451306573,407.94364937388195,0.6821552170932741,437.94364937388195,0.4313764008938971,276.94364937388195,0.21806853582554517,140.0,0.4127725856697819,265.0,0.4205607476635514,270.0,0.5529595015576324,355.0,0.8598130841121495,552.0,0.6993769470404985,449.0,0.9330218068535826,599.0,0.37997453173501855,243.94364937388193,0.9890965732087228,635.0,0.1822429906542056,117.0,0.08722741433021806,56.0,0.06074766355140187,39.0,0.0,0.0,0.43302180685358255,278.0,0.8442367601246106,542.0,0.8083234413923395,518.943649373882
24,478,144,27.349098223491826,0.308885921468535,53.44378381989445,0.8427974599895193,0.6112847757356747,28382.0,53973.0,105.33621335946141,200.31398222994187,1.7244624651398954,0.09604652691768233,1.7078610847939646,0.5672800351871045,0.3125,45.0,0.16666666666666666,24.0,0.04861111111111111,7.0,0.25,36.0,0.3611111111111111,52.0,0.06944444444444445,10.0,0.006944444444444444,1.0,0.09722222222222222,14.0,0.1111111111111111,16.0,0.5347222222222222,77.0,0.9027777777777778,130.0,0.2222222222222222,32.0,0.8472222222222222,122.0,0.6111111111111112,88.0,0.9791666666666666,141.0,0.1875,27.0,0.06944444444444445,10.0,0.027777777777777776,4.0,0.006944444444444444,1.0,0.1736111111111111,25.0,0.9166666666666666,132.0,0.7638888888888888,110.0
24,479,783,43.6300649327094,0.23084061861404337,45.964353264525734,0.8884579638924747,0.6357606039300394,106667.0,199255.0,62.616598590896125,116.96841902583749,1.4707979127665336,3.917164136856812,5.471679677141218,0.7383473841040076,0.070242656449553,55.0,0.6998722860791826,548.0,0.08939974457215837,70.0,0.8033205619412516,629.0,0.7586206896551724,594.0,0.6270753512132823,491.0,0.280970625798212,220.0,0.6551724137931034,513.0,0.6002554278416348,470.0,0.7394636015325671,579.0,0.9067688378033205,710.0,0.8735632183908046,684.0,0.9042145593869731,708.0,0.28991060025542786,227.0,0.9923371647509579,777.0,0.23499361430395913,184.0,0.17496807151979565,137.0,0.0842911877394636,66.0,0.001277139208173691,1.0,0.6206896551724138,486.0,0.9348659003831418,732.0,0.8939974457215837,700.0
24,480,602,53.40092223136518,0.28342700554270367,51.234042553191486,0.6128130362723279,0.4779798818684008,45385.0,116103.0,38.625531914893614,98.81106382978723,2.342255576197634,3.2899250569461813,3.9826178454282424,1.0758943104132468,0.3920265780730897,236.0,0.21096345514950166,127.0,0.04983388704318937,30.0,0.6910299003322259,416.0,0.6777408637873754,408.0,0.4368770764119601,263.0,0.3687707641196013,222.0,0.47674418604651164,287.0,0.45016611295681064,271.0,0.584717607973422,352.0,0.7275747508305648,438.0,0.5448504983388704,328.0,0.8554817275747508,515.0,0.632890365448505,381.0,0.973421926910299,586.0,0.21096345514950166,127.0,0.12624584717607973,76.0,0.07641196013289037,46.0,0.0033222591362126247,2.0,0.49169435215946844,296.0,0.8654485049833887,521.0,0.6312292358803987,380.0
24,481,612,30.42182169073302,0.25805562256608194,48.4660341796411,0.8808059841775575,0.6317003999579068,166971.0,371721.0,132.22912080079826,294.3765145635681,2.0234072093796036,3.2807015673715,4.5122430652543155,1.0736215962582845,0.20915032679738563,128.0,0.45375233426704015,277.69642857142856,0.16552871148459383,101.30357142857143,0.8513071895424836,521.0,0.635124883286648,388.69642857142856,0.49171887207620363,300.9319497106366,0.3392620560164464,207.62837828206517,0.48731294303792155,298.235521139208,0.5134567338875948,314.235521139208,0.6229338580706013,381.235521139208,0.9493464052287581,581.0,0.803921568627451,492.0,0.9129026610644257,558.6964285714286,0.35947712418300654,220.0,0.9820261437908496,601.0,0.2678626629258768,163.9319497106366,0.17145743416770687,104.9319497106366,0.10609795704352386,64.9319497106366,0.0,0.0,0.4982548197886219,304.9319497106366,0.9656862745098039,591.0,0.8088235294117647,495.0
24,482,333,21.961521188693855,0.3112909935997223,22.61793418792447,1.7635839153187551,1.0165283574240598,74246.0,181680.0,50.429163414914115,123.40018868655007,1.9219527860525965,4.144680656190014,4.475701535080566,1.0053408831959125,0.13813813813813813,46.0,0.8138138138138138,271.0,0.0,0.0,0.7957957957957958,265.0,0.8048048048048048,268.0,0.5645645645645646,188.0,0.5195195195195195,173.0,0.43243243243243246,144.0,0.42342342342342343,141.0,0.7657657657657657,255.0,0.93993993993994,313.0,0.924924924924925,308.0,0.96996996996997,323.0,0.0960960960960961,32.0,0.996996996996997,332.0,0.45045045045045046,150.0,0.43243243243243246,144.0,0.10510510510510511,35.0,0.0,0.0,0.8318318318318318,277.0,0.984984984984985,328.0,0.924924924924925,308.0
24,483,434,23.359225486885062,0.2635006721364669,33.962075161045966,1.6389738730389254,0.9703901571458902,75295.0,190014.0,58.921070259238626,148.69285137444675,1.861589382639061,3.020781190098873,3.8212726496024993,1.0971794838763298,0.17333809974593625,75.22873528973633,0.6187763477014473,268.54893490242813,0.055299539170506916,24.0,0.799026889843697,346.77767019216446,0.6474654377880185,281.0,0.4234508529773375,183.77767019216446,0.32667665942895036,141.77767019216446,0.4459652877936132,193.54893490242813,0.3778801843317972,164.0,0.6630821893828674,287.77767019216446,0.6815006099314831,295.77126471026367,0.8243725119635126,357.77767019216446,0.9055299539170507,393.0,0.23271889400921658,101.0,0.9861751152073732,428.0,0.4470046082949309,194.0,0.34739922744300383,150.77126471026367,0.0967741935483871,42.0,0.0,0.0,0.48052749977518,208.54893490242813,0.9298362555355487,403.54893490242813,0.8986175115207373,390.0
24,484,569,21.56154099352655,0.32172080048675555,45.03834195578802,0.8589124544205232,0.6199916147958286,43797.0,115792.0,34.66685874582861,91.65342164753262,0.5328164834752244,2.8840237073295025,3.8287076460103,1.238307327706985,0.0843585237258348,48.0,0.2622432940879147,149.21643433602347,0.07381370826010544,42.0,0.507908611599297,289.0,0.4833040421792619,275.0,0.44991212653778556,256.0,0.29173989455184535,166.0,0.5184534270650264,295.0,0.36593397950092,208.21643433602347,0.6854130052724078,390.0,0.7275922671353251,414.0,0.5413005272407733,308.0,0.7680140597539543,437.0,0.35990081839011695,204.78356566397653,0.9525483304042179,542.0,0.3177215565271995,180.78356566397653,0.2583479789103691,147.0,0.1195079086115993,68.0,0.005272407732864675,3.0,0.4094903339191564,233.0,0.8717047451669596,496.0,0.7131521364920501,405.7835656639765
24,485,549,32.79879400937264,0.3665545153643643,27.990924618247636,0.6778677723441441,0.517523804191648,25108.0,60478.0,12.801386799908226,30.834884135926785,1.1313350681576224,4.478428742414924,3.9446083839067247,3.11850335608157,0.056466302367941715,31.0,0.2568306010928962,141.0,0.36247723132969034,199.0,0.8378870673952641,460.0,0.6174863387978142,339.0,0.4918032786885246,270.0,0.6520947176684881,358.0,0.6010928961748634,330.0,0.4408014571948998,242.0,0.5901639344262295,324.0,0.8652094717668488,475.0,0.761384335154827,418.0,0.9653916211293261,530.0,0.45719489981785066,251.0,0.9690346083788707,532.0,0.8597449908925319,472.0,0.663023679417122,364.0,0.21493624772313297,118.0,0.0036429872495446266,2.0,0.7996357012750456,439.0,0.9526411657559198,523.0,0.8834244080145719,485.0
24,486,1329,42.27418634452992,0.30594572708261153,66.24629265010094,2.1759375791544286,1.1556028892731178,161395.0,470351.0,80.4501158936271,234.45455225182565,1.033362618238198,2.403191952576626,3.6646989321127315,0.6806638343229198,0.1361926260346125,181.0,0.33559066967644846,446.0,0.07373965387509406,98.0,0.6945071482317532,923.0,0.43416102332580886,577.0,0.3340857787810384,444.0,0.24078254326561324,320.0,0.5237020316027088,696.0,0.3619262603461249,481.0,0.6471030850263356,860.0,0.8081264108352144,1074.0,0.8028592927012792,1067.0,0.6899924755455229,917.0,0.3017306245297216,401.0,0.9683972911963883,1287.0,0.15349887133182843,204.0,0.12189616252821671,162.0,0.09330323551542513,124.0,0.0015048908954100827,2.0,0.4454477050413845,592.0,0.9066967644845748,1205.0,0.8412340105342363,1118.0
24,487,451,29.13859500457257,0.410809722373709,98.37174048182523,0.463095154289444,0.3805541604488797,13217.0,28838.0,28.82880917845419,62.901202927159105,-0.2755741093047832,2.145796249693669,2.4674594661666034,-0.28617292756991786,0.04212860310421286,19.0,0.031042128603104215,14.0,0.06873614190687362,31.0,0.642262234716503,289.66026785714286,0.22838137472283815,103.0,0.19290465631929046,87.0,0.2838137472283814,128.0,0.6297117516629712,284.0,0.1286031042128603,58.0,0.7139689578713969,322.0,0.7398232103262591,333.66026785714286,0.8226164079822617,371.0,0.5270966645809209,237.7205957259953,0.23725055432372505,107.0,0.9467849223946785,427.0,0.06873614190687362,31.0,0.05543237250554324,25.0,0.015521064301552107,7.0,0.0022172949002217295,1.0,0.2041248954963469,92.06032786885245,0.8160982879575444,368.0603278688525,0.7287367358251504,328.66026785714286
24,488,564,16.60797995290661,0.3756712967963535,57.790082648015364,2.881415453753187,1.3561998947773908,54507.0,204634.0,55.850426150627186,209.67758462046055,0.36420364763034946,1.9648660341214363,3.1319685990516204,0.2510691821037928,0.09042553191489362,51.0,0.1347517730496454,76.0,0.10283687943262411,58.0,0.7570921985815603,427.0,0.42730496453900707,241.0,0.3067375886524823,173.0,0.20390070921985815,115.0,0.40070921985815605,226.0,0.24113475177304963,136.0,0.7056737588652482,398.0,0.9202127659574468,519.0,0.8971631205673759,506.0,0.7358156028368794,415.0,0.09574468085106383,54.0,0.9911347517730497,559.0,0.18439716312056736,104.0,0.23049645390070922,130.0,0.06914893617021277,39.0,0.0,0.0,0.2783687943262411,157.0,0.9202127659574468,519.0,0.8812056737588653,497.0
24,489,121,68.4329022461909,0.5638515105502906,111.55466639623111,0.1071452795373407,0.10178488227675968,5062.0,10074.0,46.66857200807619,92.87617432030018,-0.5120719001765741,-0.7639950797646289,-0.9219210221268554,0.1966135259476166,0.0,0.0,0.0,0.0,0.10743801652892562,13.0,0.08264462809917356,10.0,0.008264462809917356,1.0,0.0,0.0,0.0,0.0,0.008264462809917356,1.0,0.0,0.0,0.0,0.0,0.09917355371900827,12.0,0.2809917355371901,34.0,0.39669421487603307,48.0,0.7024793388429752,85.0,1.0,121.0,0.01652892561983471,2.0,0.01652892561983471,2.0,0.0,0.0,0.0,0.0,0.03305785123966942,4.0,0.2231404958677686,27.0,0.14049586776859505,17.0
24,490,346,45.97103138266878,0.2947223840839091,41.225567000482556,1.452029701899292,0.8969161313363626,42208.0,159870.0,50.29042577908577,190.48356636899265,0.6762884870404454,1.028498965580134,2.023898082917218,0.5574341544158994,0.03757225433526012,13.0,0.08959537572254335,31.0,0.3786127167630058,131.0,0.5664739884393064,196.0,0.3439306358381503,119.0,0.23699421965317918,82.0,0.10404624277456648,36.0,0.23121387283236994,80.0,0.18786127167630057,65.0,0.4913294797687861,170.0,0.630057803468208,218.0,0.47398843930635837,164.0,0.7976878612716763,276.0,0.3670520231213873,127.0,0.9450867052023122,327.0,0.315028901734104,109.0,0.26011560693641617,90.0,0.046242774566473986,16.0,0.0,0.0,0.2658959537572254,92.0,0.815028901734104,282.0,0.5953757225433526,206.0
24,491,408,39.60896745155857,0.35552374320691815,40.21447721179624,1.723855007095829,1.0020481589322203,53396.0,205134.0,52.629711401987066,202.19011196972087,1.3724010009722465,3.779936179988436,3.2284733064779614,0.3205274566590956,0.03676470588235294,15.0,0.42892156862745096,175.0,0.3553921568627451,145.0,0.4485294117647059,183.0,0.8357843137254902,341.0,0.4632352941176471,189.0,0.2426470588235294,99.0,0.7745098039215687,316.0,0.24509803921568626,100.0,0.7254901960784313,296.0,0.8774509803921569,358.0,0.8455882352941176,345.0,0.9509803921568627,388.0,0.4852941176470588,198.0,0.9828431372549019,401.0,0.12745098039215685,52.0,0.12254901960784313,50.0,0.029411764705882353,12.0,0.0,0.0,0.26715686274509803,109.0,0.8627450980392157,352.0,0.8676470588235294,354.0
24,492,658,30.652711749296593,0.2790518579606093,51.17464475230461,4.277427684202883,1.6634387979847571,316077.0,1111409.0,245.82261685979003,864.376303184105,2.6383002247328515,2.0189627969198956,2.0484164524682686,0.6440097489367735,0.4209726443768997,277.0,0.1534954407294833,101.0,0.13677811550151975,90.0,0.4787234042553192,315.0,0.6398176291793313,421.0,0.4878419452887538,321.0,0.1033434650455927,68.0,0.23556231003039513,155.0,0.20820668693009117,137.0,0.4635258358662614,305.0,0.7112462006079028,468.0,0.6565349544072948,432.0,0.851063829787234,560.0,0.15501519756838905,102.0,0.9772036474164134,643.0,0.3191489361702128,210.0,0.3465045592705167,228.0,0.08206686930091185,54.0,0.00303951367781155,2.0,0.4331306990881459,285.0,0.8495440729483282,559.0,0.8343465045592705,549.0
24,493,359,51.493377923613494,0.3532893494063569,55.61201095510143,0.6015364083252484,0.4709634236989229,27148.0,70000.0,42.05445329830344,108.4356759570223,1.3613273313043521,1.662298832685352,1.6868134652025022,0.2720935671879951,0.06406685236768803,23.0,0.4763231197771588,171.0,0.2479108635097493,89.0,0.5598885793871866,201.0,0.6016713091922006,216.0,0.3593314763231198,129.0,0.04456824512534819,16.0,0.3203342618384401,115.0,0.11420612813370473,41.0,0.5236768802228412,188.0,0.8217270194986073,295.0,0.8941504178272981,321.0,0.8746518105849582,314.0,0.3342618384401114,120.0,0.9860724233983287,354.0,0.20334261838440112,73.0,0.15598885793871867,56.0,0.033426183844011144,12.0,0.0,0.0,0.7103064066852368,255.0,0.9415041782729805,338.0,0.8050139275766016,289.0
27,497,924,47.2849244116793,0.4120941313121137,61.54920139245076,0.6105845410746,0.47659718209320934,41517.0,83573.0,27.65517526201708,55.66938753215679,-0.16626730106263818,-0.46161181555764286,-0.2824083122519912,-0.29415238844295644,0.049783549783549784,46.0,0.04112554112554113,38.0,0.08225108225108226,76.0,0.21212121212121213,196.0,0.06277056277056277,58.0,0.04220779220779221,39.0,0.020562770562770564,19.0,0.040205037442606506,37.14945459696841,0.05844155844155844,54.0,0.07667807944051037,70.85054540303159,0.15476190476190477,143.0,0.4352266824642515,402.1494545969684,0.5995670995670995,554.0,0.34182959459202555,315.8505454030316,0.8939393939393939,826.0,0.055033057795488734,50.85054540303159,0.04421054697297791,40.85054540303159,0.008658008658008658,8.0,0.03571428571428571,33.0,0.060767808005377066,56.14945459696841,0.03571428571428571,33.0,0.37662337662337664,348.0
27,498,663,29.53776960703851,0.34660987273344057,39.554436868314745,0.7078409524892881,0.5352299718790501,61527.0,136327.0,36.706875372500775,81.33239389059946,-0.27052032677573,-0.18773033841155706,-0.593143410105457,0.03144172629379208,0.016591251885369532,11.0,0.0196078431372549,13.0,0.14027149321266968,93.0,0.14027149321266968,93.0,0.20361990950226244,135.0,0.08295625942684766,55.0,0.016591251885369532,11.0,0.03770739064856712,25.0,0.030165912518853696,20.0,0.0392156862745098,26.0,0.21568627450980393,143.0,0.36048265460030166,239.0,0.5849965600800433,387.8527193330687,0.45826859158480016,303.8320762207225,0.9411764705882353,624.0,0.10256410256410256,68.0,0.08144796380090498,54.0,0.012066365007541479,8.0,0.00904977375565611,6.0,0.13725490196078433,91.0,0.14203306754038836,94.16792377927749,0.6711915535444947,445.0
27,499,1479,31.142973876371375,0.3336308471053418,44.61604409838939,0.792355909917852,0.5835309052775253,137235.0,273220.0,41.39880197324184,82.42052446627416,0.03758263000058626,-0.10932560188021864,0.07511740412198856,0.1750601641431744,0.04056795131845842,60.0,0.0196078431372549,29.0,0.19607843137254902,290.0,0.24543610547667344,363.0,0.19675456389452334,291.0,0.1068289384719405,158.0,0.02434077079107505,36.0,0.04259634888438134,63.0,0.09263015551048005,137.0,0.1169709263015551,173.0,0.24002704530087898,355.0,0.39486139283299526,584.0,0.5098039215686274,754.0,0.4266396213657877,631.0,0.9213623597497836,1362.69493006993,0.14198782961460446,210.0,0.08992562542258282,133.0,0.028397565922920892,42.0,0.016227180527383367,24.0,0.10209601081812035,151.0,0.281947261663286,417.0,0.6531440162271805,966.0
27,500,1294,40.61287121505281,0.3662878686288558,58.08285290046197,0.7572693862359222,0.5637611191575237,80544.0,152214.0,36.15320945915617,68.32320997983707,0.19736217540801274,-0.21737408179322804,-0.09198844889534966,-0.12861640545550432,0.04095826893353941,53.0,0.03554868624420402,46.0,0.2403400309119011,311.0,0.26738794435857804,346.0,0.1561051004636785,202.0,0.06491499227202473,84.0,0.027820710973724884,36.0,0.05873261205564142,76.0,0.0761913128930404,98.59155888359429,0.09891808346213292,128.0,0.15996908809891808,207.0,0.4088098918083462,529.0,0.525959473634926,680.5915588835943,0.36058080284667254,466.5915588835943,0.9026275115919629,1168.0,0.0973724884080371,126.0,0.07418856259659969,96.0,0.015455950540958269,20.0,0.02472952086553323,32.0,0.09582689335394126,124.0,0.10200927357032458,132.0,0.606646058732612,785.0
27,501,848,42.77053400880325,0.3632034991556626,68.98891377443391,0.971790632981756,0.6789420806564745,84834.0,155479.0,69.01657442382461,126.4897090181039,0.36280427516783975,-0.4020389009147371,-0.24022388081564353,0.14502748616449693,0.024764150943396228,21.0,0.031839622641509434,27.0,0.3419811320754717,290.0,0.29245283018867924,248.0,0.11910377358490566,101.0,0.05306603773584906,45.0,0.01179245283018868,10.0,0.031839622641509434,27.0,0.05070754716981132,43.0,0.10141509433962265,86.0,0.16745283018867924,142.0,0.4209905660377358,357.0,0.48702830188679247,413.0,0.48702830188679247,413.0,0.9056603773584906,768.0,0.09669811320754718,82.0,0.06367924528301887,54.0,0.025943396226415096,22.0,0.02358490566037736,20.0,0.07900943396226415,67.0,0.036556603773584904,31.0,0.41509433962264153,352.0
27,502,694,39.80824343835742,0.4890708356415949,68.05356030928088,0.7127231575084587,0.538084593618353,31060.0,57196.0,30.457400334384207,56.086331922905316,0.018520786605651596,-0.539061645481425,-0.396326355900605,-0.3461577023731053,0.01729106628242075,12.0,0.011527377521613832,8.0,0.2507204610951009,174.0,0.2622478386167147,182.0,0.069164265129683,48.0,0.0345821325648415,24.0,0.011527377521613832,8.0,0.020172910662824207,14.0,0.04610951008645533,32.0,0.06628242074927954,46.0,0.15561959654178675,108.0,0.34870317002881845,242.0,0.4092219020172911,284.0,0.2521613832853026,175.0,0.9221902017291066,640.0,0.08645533141210375,60.0,0.043227665706051875,30.0,0.007204610951008645,5.0,0.0345821325648415,24.0,0.06077372831343828,42.17696744952617,0.040345821325648415,28.0,0.47262247838616717,328.0
27,503,1619,49.80879786469561,0.40291037881121033,78.28449135389135,0.7743217902022675,0.5734182598854938,120795.0,214399.0,58.408740785011155,103.66965201842466,0.3217646492677428,-0.25728217396967534,-0.2639806046222667,-0.2540392549793069,0.01605929586164299,26.0,0.013588634959851761,22.0,0.3625694873378629,587.0,0.2205064854848672,357.0,0.1260037059913527,204.0,0.07720815318097592,125.0,0.01605929586164299,26.0,0.06485484867201977,105.0,0.0592958616429895,96.0,0.08029647930821494,130.0,0.1957998764669549,317.0,0.3656578134651019,592.0,0.44224830142063004,716.0,0.3298332303891291,534.0,0.8091414453366276,1310.0,0.10562075355157505,171.0,0.06917850525015441,112.0,0.017912291537986413,29.0,0.0592958616429895,96.0,0.08400247066090179,136.0,0.12415071031500927,201.0,0.37492279184681904,607.0
27,504,961,61.16366017125825,0.43750538412501505,113.7322522654731,0.8593070759659446,0.6202038785116626,61923.0,119260.0,73.28451880369292,141.14160671363496,-0.19723032271552218,-0.2119186257017307,-0.38504677531731724,-0.24273595886689836,0.015608740894901144,15.0,0.01040582726326743,10.0,0.1768990634755463,170.0,0.24557752341311134,236.0,0.19667013527575442,189.0,0.07180020811654526,69.0,0.02081165452653486,20.0,0.036420395421436005,35.0,0.04162330905306972,40.0,0.07700312174817898,74.0,0.2726326742976067,262.0,0.5192507804370448,499.0,0.40582726326742974,390.0,0.4099895941727367,394.0,0.7741935483870968,744.0,0.07804370447450572,75.0,0.05827263267429761,56.0,0.01664932362122789,16.0,0.08532778355879292,82.0,0.11030176899063475,106.0,0.1841831425598335,177.0,0.5421436004162331,521.0
27,505,1601,42.53559050775611,0.3366053711523593,106.35449860928705,1.7529473020598323,1.0126720839721133,228773.0,529691.0,151.97400193842864,351.8739582938905,-0.0038684515807777173,-0.36925210374122946,-0.33412644158513677,-0.24233460360674888,0.016864459712679577,27.0,0.022485946283572766,36.0,0.23454546453022818,375.50728871289533,0.18988132417239226,304.0,0.12472464091841054,199.68415011037527,0.06297510218770772,100.82313860252005,0.014990630855715179,24.0,0.028107432854465958,45.0,0.04372267332916927,70.0,0.08744534665833854,140.0,0.1673085643396972,267.8610115078552,0.2816989381636477,451.0,0.4146303176780263,663.8231386025201,0.3412341348467362,546.3158498896247,0.7508912313538288,1202.17686139748,0.08262104941895031,132.27630011973943,0.06961471675029318,111.45316151721939,0.029356652092442224,47.0,0.03997501561524047,64.0,0.0924422236102436,148.0,0.12242348532167395,196.0,0.39211056302738545,627.7690114068441
27,506,757,59.74242063219621,0.2650789740441738,69.53138418891227,0.677964769896891,0.5175816125307431,56431.0,111004.0,51.83256989649284,101.95854386401608,0.5082505070251246,-0.07856698060997874,0.6007423372322717,-0.29382674313237134,0.07661822985468957,58.0,0.035667107001321,27.0,0.26948480845442535,204.0,0.3989431968295905,302.0,0.22721268163804492,172.0,0.083223249669749,63.0,0.023778071334214,18.0,0.06340819022457067,48.0,0.1571994715984148,119.0,0.15191545574636725,115.0,0.25495376486129456,193.0,0.5204755614266843,394.0,0.46367239101717306,351.0,0.34610303830911493,262.0,0.6591809775429326,499.0,0.1453104359313078,110.0,0.06472919418758256,49.0,0.02509907529722589,19.0,0.036988110964332896,28.0,0.11228533685601057,85.0,0.38837516512549536,294.0,0.5878467635402906,445.0
27,507,870,69.08561009876345,0.34841919211286854,73.41072117173637,0.5270438918667326,0.42333376967849534,55714.0,107459.0,47.01155079726575,90.67405386659331,0.14960200346542257,-0.018688945241218478,0.6018048804192949,-0.2074155230772298,0.040229885057471264,35.0,0.013793103448275862,12.0,0.2425287356321839,211.0,0.3620689655172414,315.0,0.2367816091954023,206.0,0.08045977011494253,70.0,0.0367816091954023,32.0,0.06896551724137931,60.0,0.14597701149425288,127.0,0.17126436781609194,149.0,0.2574712643678161,224.0,0.6586206896551724,573.0,0.42873563218390803,373.0,0.38045977011494253,331.0,0.6045977011494252,526.0,0.11149425287356322,97.0,0.05057471264367816,44.0,0.04252873563218391,37.0,0.022988505747126436,20.0,0.1206896551724138,105.0,0.23333333333333334,203.0,0.4586206896551724,399.0
27,508,1480,62.28973927670311,0.3895999789739277,163.1756630113848,0.2039505259605238,0.18560825464744102,45263.0,79526.0,49.90418942489399,87.68045795029316,-0.37174596601232085,-0.5754548102414205,-0.33969302189734085,-0.9092820023103021,0.022972972972972974,34.0,0.00945945945945946,14.0,0.09662162162162162,143.0,0.15405405405405406,228.0,0.0777027027027027,115.0,0.024324324324324326,36.0,0.00472972972972973,7.0,0.018243243243243244,27.0,0.05810810810810811,86.0,0.06148648648648649,91.0,0.2891891891891892,428.0,0.5101351351351351,755.0,0.4175675675675676,618.0,0.3364864864864865,498.0,0.47702702702702704,706.0,0.04391891891891892,65.0,0.02364864864864865,35.0,0.002027027027027027,3.0,0.04527027027027027,67.0,0.07094594594594594,105.0,0.010810810810810811,16.0,0.3162162162162162,468.0
27,509,1415,61.23322321438306,0.3486464091409632,94.5069110265855,0.6958111049459443,0.5281611543661145,92409.0,178650.0,61.71935788731971,119.3191495045901,-0.2718518540278782,-0.24977470542982766,-0.032148777424758676,-0.2494712676119992,0.015547703180212015,22.0,0.01625441696113074,23.0,0.14500745284660368,205.1855457779442,0.2678445229681979,379.0,0.1520282791367268,215.12001497846845,0.07137809187279152,101.0,0.026148409893992933,37.0,0.04112052705155068,58.185545777944206,0.09328621908127209,132.0,0.08635020903034926,122.1855457779442,0.14558303886925794,206.0,0.4876325088339223,690.0,0.303886925795053,430.0,0.3907664093289924,552.9344692005243,0.7543868684017038,1067.457418788411,0.08630389751128512,122.12001497846845,0.046643109540636045,66.0,0.020111250027145502,28.457418788410887,0.057996841554399825,82.06553079947575,0.10849359875567564,153.51844223928103,0.07448347770398074,105.39412095113275,0.4833922261484099,684.0
27,510,1825,47.10780219516827,0.3621990770189519,82.3910654677149,0.6766702205385188,0.5168098150467703,65859.0,135028.0,29.732565373360192,60.9594563724636,-0.05509425211557143,-0.4905504067282973,-0.32482752126019676,-0.1452042354053291,0.0136986301369863,25.0,0.011506849315068493,21.0,0.2323601350724088,424.05724650714603,0.20019569471624266,365.35714285714283,0.0840987037278365,153.4801343033016,0.03178082191780822,58.0,0.01643835616438356,30.0,0.02904109589041096,53.0,0.06046966731898239,110.35714285714286,0.061565557729941295,112.35714285714286,0.16712328767123288,305.0,0.6021277211021275,1098.8830910113827,0.4906726948475725,895.4776680968198,0.3904236550244169,712.5231704195609,0.9117776846485633,1663.994274483628,0.06656445715249404,121.48013430330163,0.03945205479452055,72.0,0.01315068493150685,24.0,0.02301687506406188,42.00579699191293,0.09808219178082192,179.0,0.10163295030317897,185.4801343033016,0.5031169690250695,918.1884684707518
27,511,1527,34.11606633157433,0.35735543921694213,56.1933167856834,0.8186403022496684,0.5980891352043763,90786.0,180624.0,33.40907961823872,66.46929699474315,-0.3408937764310862,-0.3231455447026316,-0.13128255736448122,-0.050313961882294145,0.007858546168958742,12.0,0.014407334643091027,22.0,0.13948919449901767,213.0,0.17175967986545582,262.277031154551,0.10609037328094302,162.0,0.060903732809430254,93.0,0.028814669286182055,44.0,0.04453176162409954,68.0,0.05893909626719057,90.0,0.11740473553015783,179.277031154551,0.3051735428945645,466.0,0.2455795677799607,375.0,0.5546823837590046,847.0,0.3901263712150943,595.722968845449,0.8945645055664702,1366.0,0.08382449246889326,128.0,0.04453176162409954,68.0,0.022920759659463,35.0,0.011787819253438114,18.0,0.11722331368696791,179.0,0.1971185330713818,301.0,0.664702030124427,1015.0
27,512,670,39.38074283499396,0.38208805490321257,53.66891088157194,0.7637625898025717,0.5674493622473323,32676.0,56671.0,26.174407939794698,45.39508729208303,-0.2540191944625494,-0.39501632687140686,-0.5146793181979785,-0.2122739401664122,0.016417910447761194,11.0,0.03283582089552239,22.0,0.13582089552238805,91.0,0.1880597014925373,126.0,0.12388059701492538,83.0,0.03283582089552239,22.0,0.01791044776119403,12.0,0.04477611940298507,30.0,0.034328358208955224,23.0,0.05373134328358209,36.0,0.12388059701492538,83.0,0.1865671641791045,125.0,0.6462686567164179,433.0,0.31343283582089554,210.0,0.8980601706799568,601.7003143555711,0.056716417910447764,38.0,0.03283582089552239,22.0,0.020895522388059702,14.0,0.028805500961834207,19.29968564442892,0.06970196172473296,46.70031435557108,0.08358208955223881,56.0,0.724925842321748,485.7003143555711
27,513,827,39.15401375598495,0.30943452929806226,57.47194333697253,0.7912903956431682,0.5829362515560189,56714.0,101183.0,39.41310513195961,70.3166099475803,-0.22356938262593692,-0.55469910180314,-0.6157116171799835,-0.08149310990254258,0.02176541717049577,18.0,0.0036275695284159614,3.0,0.15833038273196737,130.939226519337,0.19194770645331835,158.74075323689428,0.07852385310681621,64.93922651933701,0.026528689866187442,21.939226519337016,0.013301088270858524,11.0,0.012091898428053204,10.0,0.02539298669891173,21.0,0.041112454655380895,34.0,0.17291414752116083,143.0,0.2007255139056832,166.0,0.5138321965167316,424.939226519337,0.407496977025393,337.0,0.898428053204353,743.0,0.07368709373559494,60.93922651933702,0.030156259394603403,24.939226519337016,0.018137847642079808,15.0,0.008464328899637243,7.0,0.06764114452156834,55.93922651933702,0.0471584038694075,39.0,0.501813784764208,415.0
27,514,951,54.76965153015514,0.3169855472249729,53.312583843988655,0.8758285537629321,0.6290504571556124,76462.0,131218.0,42.86421436255584,73.5601538048423,0.21230532890991557,-0.08779884536318452,-0.06962849450116212,-0.013606562566811267,0.06203995793901157,59.0,0.010515247108307046,10.0,0.21661409043112514,206.0,0.29547844374342797,281.0,0.1598317560462671,152.0,0.08412197686645637,80.0,0.054679284963196635,52.0,0.056782334384858045,54.0,0.07676130389064142,73.0,0.10410094637223975,99.0,0.17560462670872765,167.0,0.3301787592008412,314.0,0.6645636172450052,632.0,0.39747634069400634,378.0,0.9327024185068349,887.0,0.08727655099894847,83.0,0.05993690851735016,57.0,0.019978969505783387,19.0,0.007360672975814932,7.0,0.11461619348054679,109.0,0.14300736067297581,136.0,0.5320715036803365,506.0
27,515,1288,37.826410270592504,0.34038443022753206,51.85659075930047,1.2840174120190777,0.8259359152406587,137050.0,294902.0,55.17815033821529,118.73146217468343,0.0973878771518882,0.13718761126027237,0.15213485451345427,-0.43116714092181446,0.03571428571428571,46.0,0.015822216606594226,20.379014989293363,0.23246987955741352,299.4212048699486,0.19221144823271816,247.568345323741,0.24327202576556473,313.33436918604735,0.1216003143400222,156.6212048699486,0.04014997229510772,51.71316431609875,0.09035637809727746,116.37901498929337,0.09656755822150107,124.37901498929337,0.13147078352953984,169.33436918604733,0.266563780533234,343.3341493268054,0.23361106066753873,300.89104613978986,0.5070850645275881,653.1255631115334,0.26606601952317943,342.6930331458551,0.7170489246038741,923.5590148897899,0.12646820352468158,162.89104613978986,0.0740520302711905,95.37901498929337,0.017375011637650126,22.379014989293363,0.01604491511893992,20.665850673194615,0.10529596651393525,135.6212048699486,0.21837737665301493,281.2700611290832,0.7921133566514001,1020.2420033670033
27,516,1899,26.645851642412108,0.39202674131623205,49.81401717652367,1.4116818133318316,0.8803243519755034,200026.0,559158.0,52.47024012507279,146.67670466767046,-0.2730586322930177,-0.1300392737671931,-0.30635117931236755,-0.12710975343331243,0.01579778830963665,30.0,0.03264876250658241,62.0,0.13049227612723094,247.80483236561153,0.21106099650637786,400.80483236561156,0.2075579377169966,394.15252372457655,0.07214323328067404,137.0,0.02738283307003686,52.0,0.05845181674565561,111.0,0.05624267107193867,106.80483236561153,0.07382578601073643,140.19516763438847,0.3116885164448805,591.8964927288281,0.47032781660061956,893.1525237245766,0.6181656096518314,1173.896492728828,0.39586617879710234,751.7498735356974,0.8846216391410363,1679.896492728828,0.10795155344918378,205.0,0.06845708267509215,130.0,0.011058451816745656,21.0,0.00210637177461822,4.0,0.11253360984435998,213.7013250944396,0.2189053844625801,415.7013250944396,0.7250157095132235,1376.8048323656114
27,517,1648,52.18193247870484,0.3969051088579596,64.85849984808628,2.8507485691329992,1.3482675629409804,431684.0,1430858.0,169.8930621870223,563.1268408715597,-0.22360389479878165,-0.368490797729607,-0.2666924821310339,-0.2958856292405949,0.02063106796116505,34.0,0.03337378640776699,55.0,0.13652912621359223,225.0,0.2408980582524272,397.0,0.06371359223300971,105.0,0.05946601941747573,98.0,0.02063106796116505,34.0,0.06614077669902912,109.0,0.05218446601941747,86.0,0.09162621359223301,151.0,0.1729368932038835,285.0,0.2178398058252427,359.0,0.4687110052652403,772.435736677116,0.279126213592233,460.0,0.8601549886695192,1417.5354213273677,0.09101941747572816,150.0,0.07281553398058252,120.0,0.016383495145631068,27.0,0.012135922330097087,20.0,0.08495145631067962,140.0,0.04854368932038835,80.0,0.3683252427184466,607.0
27,520,1825,31.407597076721693,0.30037464248930035,97.70194322473161,2.198137582267234,1.1625686348332234,95851.0,245068.0,51.314131287856156,131.1979168339645,-0.492421409748004,-0.5680289912795846,-0.44215804776122375,-0.17660190835346873,0.010410958904109589,19.0,0.03232876712328767,59.0,0.063439218705076,115.77657413676371,0.12517705053171588,228.44811722038148,0.046027397260273974,84.0,0.03178082191780822,58.0,0.011506849315068493,21.0,0.025205479452054796,46.0,0.03780821917808219,69.0,0.0677713382507903,123.6826923076923,0.21397999049540486,390.5134826541139,0.25411804104804886,463.7654249126892,0.3111104515817883,567.7765741367637,0.2732961232398297,498.7654249126892,0.8894400313130847,1623.2280571463796,0.08028136035841855,146.51348265411386,0.0886446981571308,161.7765741367637,0.027945205479452055,51.0,0.017534246575342465,32.0,0.053022150637089954,96.76542491268917,0.0263013698630137,48.0,0.5998481263920785,1094.7228306655434
27,521,1824,27.390268067647696,0.30192803244407285,45.12692318254657,3.14953763956842,1.4229969158836242,405434.0,1368579.0,100.30695709206461,338.5951721614386,-0.19811320007122493,-0.13064751953445164,0.0394044167045252,-0.17255683094637797,0.023208062700067,42.331506364922205,0.02997176186133651,54.668493635077795,0.1425438596491228,260.0,0.3264787607167672,595.4972595473834,0.2148961172431083,391.9705178514296,0.07456140350877193,136.0,0.028567718511160325,52.10751856435643,0.04851823440097769,88.49725954738331,0.07695073902413774,140.35814798002724,0.1337719298245614,244.0,0.29286760217545893,534.1905063680371,0.3651916827953869,666.1096294187856,0.5326472885680177,971.5486543480642,0.33476555365756705,610.6123698714023,0.7224483432613076,1317.745778108625,0.1809356587802111,330.026641615105,0.15184787162907323,276.9705178514296,0.025219298245614034,46.0,0.013706140350877192,25.0,0.17990082871017327,328.13911156735605,0.3991829108655623,728.1096294187856,0.6956887524543103,1268.936284476662
27,522,1559,33.46486247184956,0.3530100924553603,41.270670742377035,1.4134623491047824,0.881062375874408,138369.0,320624.0,36.62977190475926,84.87727733228925,0.14477936666684268,0.3003078387266313,0.4926894533996926,-0.05676837670248396,0.03491390784930871,54.43078233707227,0.026298909557408594,41.0,0.24303264848082684,378.88789898160906,0.3185152406102591,496.5652601113939,0.29506093649775494,460.0,0.12523834431860978,195.24657879271263,0.056083861378195037,87.43473988860606,0.1055607553963616,164.56921766292774,0.11793811560338571,183.86552222567832,0.18886128280218478,294.4347398886061,0.2936198981445076,457.7534212072874,0.3580824479437116,558.2505363442464,0.584190776912949,910.7534212072874,0.3422484028937742,533.565260111394,0.72674791533034,1133.0,0.2247817446366941,350.4347398886061,0.14608942989563012,227.75342120728737,0.02866024290014027,44.68131868131868,0.008338678640153944,13.0,0.18693697234676465,291.4347398886061,0.5958948043617703,929.0,0.6882617062219372,1073.0
27,523,1339,41.53734826873688,0.4529664455356919,51.42663792305515,0.9264775344388932,0.6556932236814813,84633.0,160617.0,32.50478452085083,61.687769255320006,-0.1742944148716575,-0.36074193519682596,-0.35430799056681483,-0.07949565007963869,0.018670649738610903,25.0,0.006223549912870302,8.333333333333334,0.18147871545929797,243.0,0.199521816376546,267.1597121281951,0.15297337858046298,204.83135391923992,0.04904528886560476,65.67164179104478,0.011447616287494567,15.328358208955224,0.03348122025335318,44.8313539192399,0.037096073032893785,49.67164179104478,0.0931463209768707,124.72292378802986,0.15880394983810975,212.63848883322896,0.297780357664233,398.72789891240797,0.6984015773922294,935.1597121281951,0.46960951076474167,628.8071349139891,0.9108787652476974,1219.6666666666667,0.07916355489171023,106.0,0.04630321135175504,62.0,0.006476207461571901,8.671641791044776,0.0014936519790888724,2.0,0.08949316946918588,119.8313539192399,0.17679454735803432,236.72789891240797,0.6833952258178636,915.0662073701194
27,524,911,46.755576850051355,0.4383622040822568,45.68806934556229,0.9266400779047204,0.6557775935254763,95218.0,192599.0,47.75331050434413,96.59139920840781,-0.38163484442441814,-0.3081838863205036,-0.07805831718217443,0.019137012736579737,0.006586169045005488,6.0,0.02118850016078109,19.302723646471573,0.1220512395667212,111.18867924528301,0.32711306256860595,298.0,0.12952799121844127,118.0,0.06476399560922064,59.0,0.01646542261251372,15.0,0.050493962678375415,46.0,0.07464324917672886,68.0,0.10537870472008781,96.0,0.21810016155446943,198.68924717612165,0.40928979785020636,372.863005841538,0.6389283291106921,582.0637078198405,0.3907793633369923,356.0,0.9219995985085018,839.9416342412451,0.13078969729809506,119.14941423856459,0.05436629841962881,49.52769786028185,0.018660812294182216,17.0,0.009879253567508232,9.0,0.1336343932633838,121.74093226294265,0.3600439077936334,328.0,0.6552597521857795,596.9416342412451
27,525,698,46.46526261718248,0.38217221009374597,45.08636169855439,0.7927522429864216,0.5837520049226576,70810.0,149942.0,45.73875747671399,96.85299779089746,-0.008925750413301172,-0.2505237044405434,0.20549376822995993,0.01876434804167902,0.045845272206303724,32.0,0.011461318051575931,8.0,0.17335243553008595,121.0,0.3553008595988539,248.0,0.15759312320916904,110.0,0.06303724928366762,44.0,0.027220630372492838,19.0,0.044412607449856735,31.0,0.09742120343839542,68.0,0.14469914040114612,101.0,0.2177650429799427,152.0,0.5229226361031518,365.0,0.6361031518624641,444.0,0.4169054441260745,291.0,0.8853868194842407,618.0,0.13753581661891118,96.0,0.09312320916905444,65.0,0.01862464183381089,13.0,0.014326647564469915,10.0,0.14613180515759314,102.0,0.4813753581661891,336.0,0.6747851002865329,471.0
27,526,1131,31.853149468854422,0.33162934516981696,36.0631650640719,1.418029088769597,0.8829527822151932,160274.0,350698.0,51.105108023687535,111.82387145570193,0.292476673355167,0.0036791602814170155,-0.006040867666001114,0.07384065380701423,0.05305039787798409,60.0,0.03183023872679045,36.0,0.2495541896660294,282.24578851227926,0.3704686118479222,419.0,0.3050928166617227,345.0599756444084,0.06896551724137931,78.0,0.02475685234305924,28.0,0.06371350631689511,72.05997564440837,0.0749499218230954,84.7683615819209,0.1246684350132626,141.0,0.2345232436006006,265.24578851227926,0.6083112290008842,688.0,0.5363649185292044,606.6287228565302,0.3127269989772877,353.69423584331236,0.8690893230376584,982.9400243555916,0.20512820512820512,232.0,0.10020162049640477,113.32803278143379,0.03094606542882405,35.0,0.004420866489832007,5.0,0.15141095359175888,171.2457885122793,0.47010495004503855,531.6886985009386,0.5665502754924145,640.7683615819209
27,527,1668,33.16573965419096,0.2957996635405834,65.24693304209522,0.8622038246264372,0.6217606382917047,163114.0,351144.0,63.80508534909065,137.3565291135101,-0.31156007805750024,-0.18397748548418974,-0.009972889082325909,-0.28804234422889546,0.015508767192213505,25.868623676612128,0.013081050363430506,21.819192006202083,0.13322220686783354,222.21464105554634,0.3027333756308188,504.9592705522058,0.16145512797161263,269.30715345664987,0.07796853113551662,130.05150993404172,0.029486142840185598,49.18288625742958,0.05440235911473058,90.7431350033706,0.060536946663917686,100.9756270354147,0.1480611954939521,246.9660740839121,0.2728234022348407,455.06943492771427,0.3104137638384855,517.7701580825939,0.4719215883603935,787.1652093851363,0.2473295982331992,412.54576985297626,0.7999194744731165,1334.2656834211584,0.1729756743749454,288.52342485740894,0.08580286234187284,143.1191743862439,0.016436078111195254,27.415378289473683,0.02632047337691847,43.902549592700005,0.12438963419783318,207.48190984198575,0.44215189599946886,737.509362527114,0.7603272227992448,1268.2258076291403
27,528,1518,38.80766672712981,0.32833665880645746,104.02183499176665,0.2481147104752503,0.22163418116818234,69323.0,151318.0,47.50398990207009,103.69154168171374,-0.5083415892321859,-0.542826200697508,-0.5164795635186737,-0.1501891225630111,0.010540184453227932,16.0,0.017127799736495388,26.0,0.06982872200263504,106.0,0.1469038208168643,223.0,0.06982872200263504,106.0,0.03491436100131752,53.0,0.00922266139657444,14.0,0.021080368906455864,32.0,0.034255599472990776,52.0,0.0533596837944664,81.0,0.07378129117259552,112.0,0.2727272727272727,414.0,0.40447909613674465,613.9992679355784,0.233201581027668,354.0,0.955203733817904,1449.9992679355782,0.11198945981554677,170.0,0.08036890645586298,122.0,0.022397891963109356,34.0,0.01712828199237264,26.00073206442167,0.08761528326745718,133.0,0.03162055335968379,48.0,0.40250281155176443,610.9992679355784
27,529,718,47.21209059604859,0.33306607468102756,98.70134868932033,0.1786861457327832,0.16440038232772788,46754.0,90012.0,64.27134897800114,123.7368495574248,-0.24069065928413058,-0.2438786801284439,0.04779921323036666,0.18633656040031527,0.012534818941504178,9.0,0.023676880222841225,17.0,0.1573839599084853,113.00168321429244,0.2005278798306005,143.97901771837115,0.16559881998271703,118.89995274759082,0.07378693275539158,52.97901771837115,0.01532033426183844,11.0,0.04874651810584958,35.0,0.08492899403672863,60.97901771837115,0.12253345086124116,87.97901771837115,0.06267409470752089,45.0,0.43250113899142983,310.53581779584664,0.3698489373814003,265.5515370398454,0.39393898010205414,282.84818771327485,0.95036553166776,682.3624517374517,0.1907785762094306,136.97901771837115,0.11139138957990412,79.97901771837115,0.022284122562674095,16.0,0.013927576601671309,10.0,0.14345403899721448,103.0,0.12395543175487465,89.0,0.4581261419596779,328.9345699270487
27,530,1181,37.78844812056783,0.3418118157484111,42.263687476313905,0.8330082382268545,0.6059584632429152,246754.0,540107.0,88.3042670578354,193.28461855858995,-0.047304483734455526,0.2016032225304991,0.2900097042028601,-0.08594062993607289,0.018628281117696866,22.0,0.03471634208298052,41.0,0.2044745902479808,241.4844910828653,0.37310521160199894,440.6372549019608,0.34172288492704717,403.5747270988427,0.12277730736663844,145.0,0.026248941574936496,31.0,0.07366638441998306,87.0,0.09809249464936877,115.84723618090452,0.1668077900084674,197.0,0.4201640497743824,496.21374278354557,0.3590177815410669,424.0,0.5798708456667306,684.8274687324089,0.32497037995009,383.79001872105624,0.849363435251252,1003.0982170317286,0.22109143196219094,261.1089811473475,0.14381645739280655,169.84723618090453,0.011854360711261643,14.0,0.006773920406435224,8.0,0.15918712955122777,188.0,0.7510584250635055,887.0,0.7942217673107007,937.9759071939375
27,531,713,35.187801452325736,0.3431129856703311,33.04351130639584,1.0099616704382812,0.6981156524554695,95685.0,236158.0,44.344577550525756,109.44585614440153,0.24653743824789287,0.20662631995307798,0.2734541085261025,0.2811504489299141,0.008415147265077139,6.0,0.020427303451913698,14.564667361214466,0.34754419932688185,247.79901412006674,0.37594890460178754,268.0515689810745,0.3598411081094839,256.566710082062,0.091164095371669,65.0,0.036307938020494306,25.88755980861244,0.08274894810659186,59.0,0.09396914446002805,67.0,0.16925547022924203,120.67915027344957,0.36185133239831696,258.0,0.29796946307128597,212.4522271698269,0.5938370043285814,423.4057840862786,0.31592734718211307,225.2561985408466,0.8655153438869391,617.1124401913876,0.32229875753165044,229.79901412006674,0.15927723332568647,113.56466736121446,0.033660589060308554,24.0,0.014635810152574381,10.435332638785534,0.19561868397288748,139.47612167266877,0.7115634561422052,507.3447442293923,0.8686727650508853,619.3636814812812
28,532,825,69.07940836694885,0.8583224438005417,86.42227494853947,0.6338326384723446,0.49092856675654084,100367.0,195063.0,105.13872084557649,204.3368268883267,-0.4833653839931135,0.2640438544792362,-0.07106911878459399,0.24123295338997605,0.007272727272727273,6.0,0.006060606060606061,5.0,0.09575757575757576,79.0,0.3466666666666667,286.0,0.27463341608784997,226.57256827247622,0.05523947669391057,45.57256827247622,0.06303030303030303,52.0,0.1684848484848485,139.0,0.06787878787878789,56.0,0.11878787878787879,98.0,0.24433038578481966,201.57256827247622,0.41454545454545455,342.0,0.7085728100272439,584.5725682724762,0.6722091736636076,554.5725682724762,0.9406060606060606,776.0,0.09160311305754693,75.57256827247622,0.08363636363636363,69.0,0.0048484848484848485,4.0,0.014545454545454545,12.0,0.1321212121212121,109.0,0.11272727272727273,93.0,0.19393939393939394,160.0
28,533,488,85.34903479480745,0.8444962557546778,51.761261786824214,1.1455457770354731,0.7633939615236086,92491.0,291681.0,98.10350130994176,309.3806680172679,-0.2905603323511681,1.0288852869453204,0.9170857088825811,0.42211338287066585,0.01639344262295082,8.0,0.03483606557377049,17.0,0.12090163934426229,59.0,0.5840163934426229,285.0,0.32991803278688525,161.0,0.17827868852459017,87.0,0.0860655737704918,42.0,0.33401639344262296,163.0,0.14344262295081966,70.0,0.26229508196721313,128.0,0.3155737704918033,154.0,0.4692622950819672,229.0,0.8504098360655737,415.0,0.5758196721311475,281.0,0.9323770491803278,455.0,0.19467213114754098,95.0,0.13319672131147542,65.0,0.022540983606557378,11.0,0.012295081967213115,6.0,0.18442622950819673,90.0,0.41598360655737704,203.0,0.305327868852459,149.0
28,534,431,72.55495590364617,0.865646213730984,46.93373522839632,1.3913721939830863,0.8718673409301335,132906.0,322956.0,144.72795856763904,351.68286297962794,0.04604911719913498,1.0625845120707078,0.42935431119658474,0.4032868255094496,0.027842227378190254,12.0,0.05568445475638051,24.0,0.19953596287703015,86.0,0.5730858468677494,247.0,0.45011600928074247,194.0,0.1345707656612529,58.0,0.12296983758700696,53.0,0.25754060324825984,111.0,0.1136890951276102,49.0,0.17865429234338748,77.0,0.35730858468677495,154.0,0.5174013921113689,223.0,0.8747099767981439,377.0,0.5707656612529002,246.0,0.974477958236659,420.0,0.17633410672853828,76.0,0.13225058004640372,57.0,0.018561484918793503,8.0,0.013921113689095127,6.0,0.23201856148491878,100.0,0.6380510440835266,275.0,0.45011600928074247,194.0
28,535,510,72.67995276766995,0.8742897076897125,58.94127599772556,1.989394392497289,1.095070822572437,166357.0,409872.0,192.2606637481104,473.69369952430924,-0.1766147479822049,0.33073725392403336,0.19018332327164664,0.3955663953773924,0.011764705882352941,6.0,0.021568627450980392,11.0,0.1843137254901961,94.0,0.4215686274509804,215.0,0.21176470588235294,108.0,0.12352941176470589,63.0,0.054901960784313725,28.0,0.18235294117647058,93.0,0.08431372549019608,43.0,0.1627450980392157,83.0,0.32745098039215687,167.0,0.43137254901960786,220.0,0.8666666666666667,442.0,0.5784313725490197,295.0,0.9431372549019608,481.0,0.14901960784313725,76.0,0.08431372549019608,43.0,0.025490196078431372,13.0,0.013725490196078431,7.0,0.21568627450980393,110.0,0.2784313725490196,142.0,0.34901960784313724,178.0
28,537,328,79.29781671250552,0.8341041051237649,57.69711127450808,5.204501272453407,1.8252750403180842,253070.0,934683.0,445.1648765317,1644.1618615058242,-0.2972067563433625,0.1899013163526598,-0.11326640207269639,0.526682153337676,0.009146341463414634,3.0,0.036585365853658534,12.0,0.13414634146341464,44.0,0.3780487804878049,124.0,0.2225609756097561,73.0,0.0701219512195122,23.0,0.054878048780487805,18.0,0.16463414634146342,54.0,0.06097560975609756,20.0,0.11890243902439024,39.0,0.31097560975609756,102.0,0.3597560975609756,118.0,0.8841463414634146,290.0,0.6219512195121951,204.0,0.9512195121951219,312.0,0.15853658536585366,52.0,0.11890243902439024,39.0,0.03048780487804878,10.0,0.012195121951219513,4.0,0.29878048780487804,98.0,0.4176829268292683,137.0,0.2926829268292683,96.0
28,538,623,63.595920025838446,0.8739333826486492,51.55385640223593,1.0471658950258498,0.716456346397715,156471.0,329200.0,129.48127552350334,272.41620429560305,-0.2687231863450679,0.4643256629676953,0.54412538265545,0.6460935864857947,0.019261637239165328,12.0,0.03691813804173355,23.0,0.12038523274478331,75.0,0.4333868378812199,270.0,0.27447833065810595,171.0,0.11235955056179775,70.0,0.0898876404494382,56.0,0.16211878009630817,101.0,0.13162118780096307,82.0,0.1797752808988764,112.0,0.2985553772070626,186.0,0.47191011235955055,294.0,0.8940609951845907,557.0,0.7255216693418941,452.0,0.9518459069020867,593.0,0.17174959871589085,107.0,0.07865168539325842,49.0,0.025682182985553772,16.0,0.0032102728731942215,2.0,0.2504012841091493,156.0,0.39486356340288925,246.0,0.2680577849117175,167.0
28,539,616,82.10315844490498,0.8550075056368244,52.31831276838615,1.2001301828896898,0.7885165326543238,214314.0,442249.0,182.02186497798553,375.6123620699027,-0.4148454742976086,0.7262091626191689,0.5420815687249672,0.6687257844527871,0.022727272727272728,14.0,0.027597402597402596,17.0,0.06655844155844155,41.0,0.49512987012987014,305.0,0.30844155844155846,190.0,0.1314935064935065,81.0,0.07792207792207792,48.0,0.26461038961038963,163.0,0.10714285714285714,66.0,0.22077922077922077,136.0,0.2905844155844156,179.0,0.5746753246753247,354.0,0.900974025974026,555.0,0.6574675324675324,405.0,0.9577922077922078,590.0,0.2012987012987013,124.0,0.1396103896103896,86.0,0.032467532467532464,20.0,0.01948051948051948,12.0,0.2775974025974026,171.0,0.6753246753246753,416.0,0.349025974025974,215.0
28,540,408,81.12837992521558,0.8712181721059191,59.2327615242564,0.9269521262669116,0.6559395454634812,165717.0,337812.0,240.58518484105875,490.4298440203946,-0.4522944997387608,0.5388294586936119,0.011275404856996678,0.4185367207611543,0.00980392156862745,4.0,0.00980392156862745,4.0,0.09803921568627451,40.0,0.3872549019607843,158.0,0.3946078431372549,161.0,0.07598039215686274,31.0,0.08088235294117647,33.0,0.16911764705882354,69.0,0.08333333333333333,34.0,0.11519607843137254,47.0,0.32598039215686275,133.0,0.571078431372549,233.0,0.8872549019607843,362.0,0.5686274509803921,232.0,0.9485294117647058,387.0,0.15931372549019607,65.0,0.10784313725490197,44.0,0.02696078431372549,11.0,0.01715686274509804,7.0,0.2107843137254902,86.0,0.3112745098039216,127.0,0.33088235294117646,135.0
28,541,349,79.30500714932245,0.8058335847621046,55.369492203055316,0.5442443072024816,0.4345346691389506,179989.0,387286.0,285.55586051964826,614.4363655401858,-0.10137232406735026,1.8858301804809399,1.8535812209254303,0.961457643621124,0.04011461318051576,14.0,0.06876790830945559,24.0,0.10601719197707736,37.0,0.5733212795407301,200.0891265597148,0.48424068767908307,169.0,0.27507163323782235,96.0,0.1977077363896848,69.0,0.3667621776504298,128.0,0.23209169054441262,81.0,0.36937213020139026,128.9108734402852,0.3751027892271782,130.9108734402852,0.6361031518624641,222.0,0.9080540786254591,316.91087344028523,0.5527532190266051,192.9108734402852,0.9856733524355301,344.0,0.2776815857887828,96.9108734402852,0.22349570200573066,78.0,0.06303724928366762,22.0,0.0057306590257879654,2.0,0.42094806143348196,146.9108734402852,0.6329824453876367,220.9108734402852,0.38942943679164815,135.9108734402852
28,542,1562,85.78725400811487,0.9080830538627368,75.22530267107616,0.7950059685088288,0.5850083470092705,166841.0,340083.0,80.34996621603725,163.78262873423554,-0.34057771266715103,0.8013487467437849,-0.4341931918530874,0.3080193676763977,0.023687580025608196,37.0,0.056978233034571064,89.0,0.06722151088348272,105.0,0.3491244595470321,545.3324058124641,0.23190968126274947,362.24292213241466,0.321595650328082,502.3324058124641,0.06145966709346991,96.0,0.17060553410040286,266.48584426482927,0.045454545454545456,71.0,0.056978233034571064,89.0,0.12953419066098856,202.33240581246412,0.4454270664965335,695.7570778675854,0.8405889884763125,1313.0,0.609358674825412,951.8182500772934,0.9154929577464789,1430.0,0.08728066953422799,136.33240581246412,0.056978233034571064,89.0,0.02560819462227913,40.0,0.009603072983354673,15.0,0.2025766146319598,316.4246720551212,0.32431198972143327,506.5753279448788,0.28681177976952626,448.0
28,543,1358,93.36257490035284,0.9136303244142154,81.47514408141275,0.5055365970026819,0.40914937751346303,192116.0,398289.0,115.26273034127166,238.95915803418117,-0.38372192045156295,0.6829378068183833,-0.22222858296608286,0.1268421823603227,0.019882179675994108,27.0,0.0508100147275405,69.0,0.06553755522827688,89.0,0.3136966126656848,426.0,0.23048600883652431,313.0,0.2857142857142857,388.0,0.05522827687776141,75.0,0.16273932253313697,221.0,0.04786450662739323,65.0,0.11119293078055964,151.0,0.17673048600883653,240.0,0.5036818851251841,684.0,0.7415316642120766,1007.0,0.569219440353461,773.0,0.8512518409425626,1156.0,0.08836524300441827,120.0,0.048600883652430045,66.0,0.020618556701030927,28.0,0.007363770250368188,10.0,0.20103092783505155,273.0,0.47717231222385864,648.0,0.27245949926362295,370.0
28,544,2940,87.69618921126045,0.8677505220446246,153.57195838722282,0.9773715588572528,0.6817684672770495,265241.0,566415.0,138.54959120607268,295.8689143193837,-0.02394530784919439,-0.08124822850569602,-0.6270528039933014,-0.46202784603104696,0.017006802721088437,50.0,0.018367346938775512,54.0,0.2302721088435374,677.0,0.1761904761904762,518.0,0.09489795918367347,279.0,0.14251700680272109,419.0,0.03741496598639456,110.0,0.06768707482993197,199.0,0.02312925170068027,68.0,0.04183673469387755,123.0,0.10306122448979592,303.0,0.26360544217687076,775.0,0.4391156462585034,1291.0,0.4142857142857143,1218.0,0.7156462585034014,2104.0,0.04965986394557823,146.0,0.03469387755102041,102.0,0.00510204081632653,15.0,0.047619047619047616,140.0,0.09795918367346938,288.0,0.16870748299319727,496.0,0.15816326530612246,465.0
28,545,1157,89.19825523486783,0.8851946832747547,40.847884877456345,0.9214457155704604,0.6530778795544552,353758.0,669899.0,124.89426152531722,236.50784124047647,0.031013559785769806,0.7428946944808072,-0.2998665581239225,0.21452247519319062,0.011235955056179775,13.0,0.06395851339671564,74.0,0.226447709593777,262.0,0.3958513396715644,458.0,0.320656871218669,371.0,0.26188418323249785,303.0,0.05358686257562662,62.0,0.1581676750216076,183.0,0.05445116681071737,63.0,0.07865168539325842,91.0,0.1780466724286949,206.0,0.47968885047536736,555.0,0.7095937770095073,821.0,0.5808124459809854,672.0,0.8167675021607606,945.0,0.18236819360414866,211.0,0.14866032843560933,172.0,0.01728608470181504,20.0,0.02247191011235955,26.0,0.23163353500432152,268.0,0.3292999135695765,381.0,0.35695764909248057,413.0
28,546,694,89.02894224858521,0.8701654657566367,32.33470049168313,0.9738723916161798,0.679997294350402,246047.0,470328.0,114.63769527200519,219.13422208720957,0.1394594638393692,1.3260372335677486,0.16030455137775446,0.8281330516139114,0.020172910662824207,14.0,0.069164265129683,48.0,0.24063400576368876,167.0,0.521613832853026,362.0,0.4697406340057637,326.0,0.260806916426513,181.0,0.08069164265129683,56.0,0.29971181556195964,208.0,0.07348703170028818,51.0,0.1729106628242075,120.0,0.2735499695370373,189.8436788587039,0.6167146974063401,428.0,0.8643280675197463,599.8436788587039,0.6356719324802537,441.1563211412961,0.9048991354466859,628.0,0.2680115273775216,186.0,0.2334293948126801,162.0,0.04899135446685879,34.0,0.012968299711815562,9.0,0.329971181556196,229.0,0.43804034582132567,304.0,0.6669217274621094,462.8436788587039
28,547,806,78.68562622318449,0.893164979026621,38.327840944215396,1.3292902278423435,0.8455635979268948,282986.0,709326.0,134.56876423622504,337.30687475926214,-0.44685468071359297,1.3132644571012355,-0.06326764745551444,0.7767804931049516,0.017369727047146403,14.0,0.05086848635235732,41.0,0.04838709677419355,39.0,0.5303624941098914,427.4721702525725,0.4092641832653601,329.8669317118803,0.3399503722084367,274.0,0.09429280397022333,76.0,0.22704714640198512,183.0,0.08064516129032258,65.0,0.09925558312655088,80.0,0.2612007813243517,210.5278297474275,0.5788186473293145,466.5278297474275,0.9291152998906703,748.8669317118803,0.5999104587437066,483.5278297474275,0.9230769230769231,744.0,0.29221815105139887,235.5278297474275,0.17121588089330025,138.0,0.04218362282878412,34.0,0.00620347394540943,5.0,0.4119106699751861,332.0,0.6892404835576024,555.5278297474275,0.47022332506203474,379.0
28,548,394,84.34652177656533,0.9100546963153625,24.888459903364552,1.0603961890200495,0.722898289076467,238791.0,542001.0,150.8411225579778,342.3748770579566,-0.28822879877549484,1.8238412521399838,-0.12956849110215854,1.052710427168094,0.025380710659898477,10.0,0.10152284263959391,40.0,0.04568527918781726,18.0,0.41116751269035534,162.0,0.5786802030456852,228.0,0.36363964421077033,143.2740198190435,0.10152284263959391,40.0,0.3223350253807107,127.0,0.06598984771573604,26.0,0.10590350299735148,41.72598018095648,0.20558375634517767,81.0,0.6592029953831382,259.72598018095647,0.9670050761421319,381.0,0.6428274614696535,253.2740198190435,0.9543147208121827,376.0,0.3401015228426396,134.0,0.2563451776649746,101.0,0.0532994923857868,21.0,0.0,0.0,0.39086294416243655,154.0,0.7741116751269036,305.0,0.4448579183224454,175.2740198190435
28,549,773,101.74634859343129,0.8134341219717051,44.50175876937956,0.5291239298157628,0.42469497651762605,210402.0,484777.0,121.12883633369987,279.08705188801446,-0.43185189775497373,1.0476092462232798,-0.14355899633787111,0.41417953827507514,0.014230271668822769,11.0,0.07503234152652005,58.0,0.04139715394566624,32.0,0.4204398447606727,325.0,0.2884864165588616,223.0,0.3169469598965071,245.0,0.0646830530401035,50.0,0.2522639068564036,195.0,0.062095730918499355,48.0,0.10866752910737387,84.0,0.240620957309185,186.0,0.5653298835705045,437.0,0.851228978007762,658.0,0.6222509702457956,481.0,0.9029754204398448,698.0,0.16041397153945666,124.0,0.1203104786545925,93.0,0.02457956015523933,19.0,0.03492884864165589,27.0,0.278137128072445,215.0,0.6675291073738681,516.0,0.36222509702457956,280.0
28,550,927,102.45991392443632,0.9013344568860451,61.1168763012884,0.7717049960582599,0.5719423575436628,189881.0,404533.0,125.18806460587857,266.7075870635286,-0.5423839675425729,0.9823568383299095,-0.3211569579740584,0.46330005157748677,0.007551240560949299,7.0,0.06796116504854369,63.0,0.022653721682847898,21.0,0.3326561877876835,308.37228607918263,0.24096255240472775,223.37228607918263,0.3568463341144962,330.79655172413794,0.08522114347357065,79.0,0.17731638196244082,164.37228607918263,0.05501618122977346,51.0,0.07183570506488335,66.59169859514687,0.2873487444219877,266.37228607918263,0.4938458973797292,457.79514687100897,0.8522114347357066,790.0,0.656957928802589,609.0,0.941747572815534,873.0,0.12189859762675297,113.0,0.08414239482200647,78.0,0.025889967637540454,24.0,0.005393743257820928,5.0,0.20320634959998127,188.37228607918263,0.45091693635382957,418.0,0.2668913715262709,247.40830140485312
28,551,675,73.81734937910043,0.8897439668512527,58.55887900087274,0.4816935565132823,0.3931857285109967,125962.0,300416.0,109.27694098826566,260.6225806507583,-0.5302184838862766,0.8429163406451771,-0.3406835779406512,0.32016573609466054,0.013333333333333334,9.0,0.02666666666666667,18.0,0.047407407407407405,32.0,0.2548148148148148,172.0,0.2651851851851852,179.0,0.24444444444444444,165.0,0.04888888888888889,33.0,0.2725925925925926,184.0,0.05925925925925926,40.0,0.05925925925925926,40.0,0.18666666666666668,126.0,0.4962962962962963,335.0,0.8503703703703703,574.0,0.5896296296296296,398.0,0.9096296296296297,614.0,0.10222222222222223,69.0,0.0637037037037037,43.0,0.028148148148148148,19.0,0.008888888888888889,6.0,0.24888888888888888,168.0,0.35555555555555557,240.0,0.30518518518518517,206.0
28,552,703,87.81843075723809,0.9079961223653571,34.601326761542225,0.518406756917102,0.41766159888806,205273.0,518314.0,101.034397557924,255.11169387029867,-0.29776176602994636,1.033659194778125,0.09746337487579348,0.7368015890190439,0.007112375533428165,5.0,0.01849217638691323,13.0,0.15362731152204837,108.0,0.37695590327169276,265.0,0.3485064011379801,245.0,0.23470839260312945,165.0,0.06827880512091039,48.0,0.2887624466571835,203.0,0.12660028449502134,89.0,0.06543385490753911,46.0,0.18776671408250356,132.0,0.5334281650071123,375.0,0.9431009957325747,663.0,0.7510668563300142,528.0,0.9388335704125178,660.0,0.1678520625889047,118.0,0.10241820768136557,72.0,0.034139402560455195,24.0,0.00995732574679943,7.0,0.3755334281650071,264.0,0.3157894736842105,222.0,0.39971550497866287,281.0
28,553,698,91.15013970462451,0.8948325581016463,37.03668329603134,0.5608913782942233,0.4452570544191656,249866.0,505454.0,132.5817751926385,268.1997094371379,-0.28445668616539316,0.9780684755955483,-0.16978904052386168,0.8146158983830335,0.017191977077363897,12.0,0.027220630372492838,19.0,0.12750716332378223,89.0,0.38108882521489973,266.0,0.2792897896766741,194.94427319431853,0.3223495702005731,225.0,0.05873925501432665,41.0,0.22779369627507162,159.0,0.06868807047896637,47.94427319431853,0.09025787965616046,63.0,0.2163323782234957,151.0,0.6074498567335244,424.0,0.9369627507163324,654.0,0.6875992452640666,479.9442731943185,0.9455587392550143,660.0,0.17343227336057518,121.05572680568147,0.11023534841592912,76.94427319431853,0.050143266475644696,35.0,0.0057306590257879654,4.0,0.2636103151862464,184.0,0.3652496750634936,254.94427319431853,0.336676217765043,235.0
28,554,1098,90.2478033369533,0.8869069009773917,56.70846118130232,0.918624951024178,0.6516087581249134,220910.0,530068.0,114.0934987209608,273.76448635200876,-0.11978467264241895,1.0530584843934119,-0.2587948343763882,0.43495227808764264,0.01639344262295082,18.0,0.029143897996357013,32.0,0.18788989504339726,206.3031047576502,0.34537367124469714,379.22029102667744,0.2777777777777778,305.0,0.3132214811193326,343.91718626902724,0.075591985428051,83.0,0.2495446265938069,274.0,0.055279503863706544,60.69689524234979,0.08854307015180095,97.22029102667744,0.2891408052966051,317.47660421567235,0.7122040072859745,782.0,0.8561020036429873,940.0,0.6138433515482696,674.0,0.9335154826958105,1025.0,0.13458989888280742,147.77970897332256,0.09269554551304422,101.77970897332256,0.028233151183970857,31.0,0.01092896174863388,12.0,0.34580773701489054,379.6968952423498,0.6311475409836066,693.0,0.35329434086432354,387.91718626902724
29,555,1052,37.303881722674056,0.6496759515320977,32.12576688053307,0.94963610654253,0.6676427431319923,112411.0,276110.0,34.32784772630801,84.31792294091241,0.026580594135727737,-0.03585764992280553,0.28798090430680634,0.2741823584682248,0.019620867204453118,20.64115229908468,0.014258555133079848,15.0,0.24591458678956146,258.70214530261865,0.39249948187376515,412.90945493120097,0.21078814711943225,221.74913076964273,0.09592306134694456,100.91106053698567,0.01970437311306348,20.72900051494278,0.08817031673449946,92.75517320469343,0.09837664461349982,103.4922301334018,0.16576720063887473,174.38709507209623,0.2269280752768562,238.72833519125274,0.15864166892994505,166.8910357143022,0.5217703408552027,548.9023985796732,0.4698099080770203,494.24002329702535,0.8612241107812141,906.0077645418372,0.21573303726278162,226.95115520044627,0.10600052086226816,111.5125479471061,0.02853864177105416,30.022651143148977,0.027566539923954372,29.0,0.2035889852122459,214.17561244328266,0.5668818236924201,596.3596785244259,0.3394939366804798,357.1476213878647
29,556,460,43.52218467142042,0.6279480651269831,41.47133068878471,0.9282594342476612,0.6566177484675645,62638.0,164637.0,56.47133068878471,148.42859718716193,0.11093489156277407,-0.2087263508491782,0.408576835365965,0.2390608654361942,0.02826086956521739,13.0,0.008695652173913044,4.0,0.2608695652173913,120.0,0.4391304347826087,202.0,0.1792441957729985,82.45233005557931,0.07391304347826087,34.0,0.015217391304347827,7.0,0.05652173913043478,26.0,0.10869565217391304,50.0,0.18141810881647677,83.45233005557931,0.20652173913043478,95.0,0.13043478260869565,60.0,0.4369565217391304,201.0,0.4294514564009146,197.5476699444207,0.8826086956521739,406.0,0.21304347826086956,98.0,0.0891304347826087,41.0,0.02826086956521739,13.0,0.02608695652173913,12.0,0.20652173913043478,95.0,0.31858189118352326,146.5476699444207,0.32608695652173914,150.0
29,557,376,19.57591388006232,0.630623454127754,31.78513250427113,0.7290371383135444,0.547564686119714,57837.0,115258.0,48.892465655572586,97.43326601535324,0.10580434747868357,-0.02105541863846043,0.19121064121130626,0.5643838820405622,0.005319148936170213,2.0,0.020811443831538393,7.825102880658436,0.30319148936170215,114.0,0.3351063829787234,126.0,0.17819148936170212,67.0,0.08244680851063829,31.0,0.026595744680851064,10.0,0.12234042553191489,46.0,0.09574468085106383,36.0,0.14361702127659576,54.0,0.23138297872340424,87.0,0.17819148936170212,67.0,0.5026595744680851,189.0,0.534109316171964,200.82510288065845,0.9574468085106383,360.0,0.19946808510638298,75.0,0.09042553191489362,34.0,0.0398936170212766,15.0,0.034574468085106384,13.0,0.23404255319148937,88.0,0.1276595744680851,48.0,0.39893617021276595,150.0
29,558,481,60.310118125441136,0.6617998925728795,38.12993667735256,1.0294404052151953,0.7077600925962485,43817.0,104143.0,34.73470759649807,82.55646560061389,-0.13977927946208257,0.02121140931434333,0.7439788277091446,0.24699207630395126,0.031185031185031187,15.0,0.035343035343035345,17.0,0.14057724723587933,67.61765592045796,0.420753314094682,202.38234407954204,0.11068348951357307,53.23875845602865,0.13641924307787517,65.61765592045796,0.05039242922251279,24.238758456028652,0.09355509355509356,45.0,0.14345114345114346,69.0,0.21466255337223078,103.25268817204301,0.25363825363825365,122.0,0.20582120582120583,99.0,0.4095634095634096,197.0,0.4877777599492114,234.62110253557069,0.9007042795343632,433.2387584560287,0.14681425347288557,70.61765592045796,0.07820718486581699,37.61765592045797,0.029106029106029108,14.0,0.012474012474012475,6.0,0.18245580362572006,87.76124154397135,0.3420136244738635,164.50855337192834,0.30561330561330563,147.0
29,559,623,32.4589126537025,0.6210290111760491,45.04497990690222,0.8183912121991498,0.5979521608339764,50813.0,110906.0,36.739495409461036,80.18874063491008,-0.2741960792372134,-0.018072287574344544,0.375017102571657,0.1858686895824703,0.027287319422150885,17.0,0.019261637239165328,12.0,0.11396468699839486,71.0,0.33386837881219905,208.0,0.1508828250401284,94.0,0.09470304975922954,59.0,0.038523274478330656,24.0,0.11075441412520064,69.0,0.11556982343499198,72.0,0.16051364365971107,100.0,0.1942215088282504,121.0,0.1926163723916533,120.0,0.3756019261637239,234.0,0.48796147672552165,304.0,0.8940609951845907,557.0,0.12359550561797752,77.0,0.056179775280898875,35.0,0.027287319422150885,17.0,0.02247191011235955,14.0,0.15409309791332262,96.0,0.10593900481540931,66.0,0.28731942215088285,179.0
29,560,444,40.745454831157,0.6799551637622632,48.32432150040488,0.8924848635564118,0.6378907081766952,34627.0,74928.0,37.68752884221891,81.55055768879137,-0.1689998031125958,-0.26109861537117274,0.35132367833706224,0.20281375515562636,0.013513513513513514,6.0,0.01126126126126126,5.0,0.19144144144144143,85.0,0.38963963963963966,173.0,0.0990990990990991,44.0,0.06756756756756757,30.0,0.024774774774774775,11.0,0.07882882882882883,35.0,0.10810810810810811,48.0,0.16666666666666666,74.0,0.15990990990990991,71.0,0.18693693693693694,83.0,0.4346846846846847,193.0,0.4774774774774775,212.0,0.9256756756756757,411.0,0.13288288288288289,59.0,0.06756756756756757,30.0,0.024774774774774775,11.0,0.024774774774774775,11.0,0.15090090090090091,67.0,0.38063063063063063,169.0,0.2747747747747748,122.0
29,561,249,53.84282178217822,0.6487561881188119,35.57442698741751,0.7722745727514962,0.5722637909419551,32071.0,81717.0,45.81957622142438,116.74841165183922,0.48941239937067454,0.23800094274272024,1.0958405482298148,0.7672049675078303,0.01606425702811245,4.0,0.01606425702811245,4.0,0.42168674698795183,105.0,0.5421686746987951,135.0,0.18473895582329317,46.0,0.14056224899598393,35.0,0.060240963855421686,15.0,0.1285140562248996,32.0,0.19678714859437751,49.0,0.22088353413654618,55.0,0.2931726907630522,73.0,0.27309236947791166,68.0,0.5220883534136547,130.0,0.42168674698795183,105.0,0.927710843373494,231.0,0.26104417670682734,65.0,0.10441767068273092,26.0,0.07228915662650602,18.0,0.020080321285140562,5.0,0.2971887550200803,74.0,0.4538152610441767,113.0,0.46586345381526106,116.0
29,562,321,62.27724432890268,0.6993322571176989,31.221975602117258,1.4222378637421582,0.8846918499462048,62363.0,160880.0,60.657198270244194,156.4794839522936,0.05595115123658038,0.2352721567610922,0.7802255704036728,0.7119617579385855,0.006230529595015576,2.0,0.012461059190031152,4.0,0.2897196261682243,93.0,0.4143302180685358,133.0,0.17757009345794392,57.0,0.14953271028037382,48.0,0.04672897196261682,15.0,0.14330218068535824,46.0,0.16199376947040497,52.0,0.19314641744548286,62.0,0.29283489096573206,94.0,0.27414330218068533,88.0,0.5264797507788161,169.0,0.4953271028037383,159.0,0.9252336448598131,297.0,0.2772585669781931,89.0,0.13707165109034267,44.0,0.0529595015576324,17.0,0.04361370716510903,14.0,0.2897196261682243,93.0,0.470404984423676,151.0,0.43613707165109034,140.0
29,563,1215,51.28322047680931,0.7385224535084319,116.45103258041111,0.2787481879661073,0.24588162124739296,50475.0,120520.0,48.3774968682819,115.51175676206707,-0.5900002403122928,-0.5893678493342764,-0.5966166866439364,-0.11344125852194133,0.007407407407407408,9.0,0.01810699588477366,22.0,0.046626323740174204,56.65098334431166,0.15584281206229492,189.34901665568833,0.05432098765432099,66.0,0.023045267489711935,28.0,0.0049382716049382715,6.0,0.02880658436213992,35.0,0.029916886136369003,36.34901665568834,0.03868312757201646,47.0,0.14432017831743896,175.34901665568833,0.1868312757201646,227.0,0.2403292181069959,292.0,0.4886016323821495,593.6509833443116,0.7950617283950617,966.0,0.10506253773194375,127.65098334431165,0.053210685880091896,64.65098334431165,0.011522633744855968,14.0,0.012345679012345678,15.0,0.0897119341563786,109.0,0.1821802606219657,221.34901665568833,0.18819010974840467,228.65098334431167
29,564,626,60.265640516385304,0.7781814066242188,47.28878870447604,1.1190233747355198,0.7509553102472745,48536.0,101826.0,36.664674897131775,76.92057825274725,-0.12794822575317225,-0.0865280867948166,0.4760680227664581,0.35959832994014423,0.007987220447284345,5.0,0.006389776357827476,4.0,0.22347175329644067,139.89331756357186,0.3651681119732238,228.5952380952381,0.18673053923893268,116.89331756357186,0.0926517571884984,58.0,0.03035143769968051,19.0,0.0670926517571885,42.0,0.1389776357827476,87.0,0.1485623003194888,93.0,0.27432430862183943,171.7270171972715,0.13682884349059155,85.6548560251103,0.43826961111306156,274.35677655677654,0.5443076222553128,340.7365715318258,0.9057507987220448,567.0,0.16718028119027206,104.6548560251103,0.08559878854466338,53.584841628959275,0.02875399361022364,18.0,0.01757188498402556,11.0,0.20270498013350136,126.89331756357186,0.47935047490058985,300.07339728776924,0.34824281150159747,218.0
29,565,427,39.720870443485445,0.6336681663759067,33.550138993432974,1.4226575836887854,0.8848651126934535,80166.0,218262.0,62.98783237816271,171.49228189659644,-0.24381040829363676,0.25134274773347165,1.0578761910405579,0.3651876732662353,0.00936768149882904,4.0,0.0234192037470726,10.0,0.16393442622950818,70.0,0.3770491803278688,161.0,0.2505854800936768,107.0,0.1053864168618267,45.0,0.04918032786885246,21.0,0.1451990632318501,62.0,0.18969555035128804,81.0,0.2224824355971897,95.0,0.19672131147540983,84.0,0.1756440281030445,75.0,0.5597189695550351,239.0,0.5011709601873536,214.0,0.9250585480093677,395.0,0.22482435597189696,96.0,0.12646370023419204,54.0,0.0234192037470726,10.0,0.0234192037470726,10.0,0.24355971896955503,104.0,0.3583138173302108,153.0,0.4168618266978923,178.0
29,566,931,47.28497973288447,0.6181782495041025,69.79920919220348,0.9638153269437312,0.6748891764602125,44350.0,96153.0,33.250214045910035,72.08811344208316,-0.43390373572857,-0.35779264659827953,-0.14806281548471326,0.1299430160247686,0.010741138560687433,10.0,0.022556390977443608,21.0,0.09204742346848117,85.69615124915597,0.251811687672081,234.43668122270742,0.06948668091565849,64.69209993247806,0.04585617608214614,42.69209993247806,0.03296680980932122,30.692099932478055,0.06319744572195415,58.83682196713932,0.055372104419435776,51.55142921449471,0.1188458751779613,110.64550979068197,0.23329960250111367,217.20192992853683,0.14426197644202143,134.30790006752196,0.3668778934235151,341.5633187772926,0.5118832639927955,476.5633187772926,0.8656813732991686,805.949358541526,0.1305117235067025,121.50641458474004,0.08432482769574655,78.50641458474004,0.02040816326530612,19.0,0.04296455424274973,40.0,0.14830261370787606,138.06973336203262,0.28708523148507686,267.27635051260654,0.2288473729243314,213.05690419255254
29,567,638,40.45469196903982,0.7174291787881137,58.76376872864863,1.0878684018729996,0.7361436421112825,55283.0,112819.0,50.919081922035765,103.9133169936898,-0.2620833103770042,-0.11950793955645156,-0.030702684832472783,-0.011715195909993398,0.003134796238244514,2.0,0.007836990595611285,5.0,0.18479833552073346,117.90133806222795,0.3463949843260188,221.0,0.22479236698071536,143.4175301336964,0.06583072100313479,42.0,0.01567398119122257,10.0,0.0768025078369906,49.0,0.07523510971786834,48.0,0.1174002163984764,74.90133806222795,0.2349550753326457,149.90133806222795,0.16690252026415603,106.48380792853155,0.438871473354232,280.0,0.48978653280334095,312.4838079285315,0.8023531944549028,511.901338062228,0.15739424785845832,100.4175301336964,0.10567010992742383,67.4175301336964,0.012539184952978056,8.0,0.04075235109717868,26.0,0.21457889978405634,136.90133806222795,0.43087984022292786,274.901338062228,0.3188362541280508,203.4175301336964
29,568,1442,57.58633514516861,0.6980683993407786,120.7113767542703,0.5131034491770207,0.41416280601612515,75785.0,171473.0,63.44044165965586,143.54189948810674,-0.5494633277457656,-0.4192259067958876,-0.06563909571015134,-0.31457571725940536,0.0034674063800277394,5.0,0.013869625520110958,20.0,0.07420249653259361,107.0,0.22330097087378642,322.0,0.09223300970873786,133.0,0.040915395284327326,59.0,0.019417475728155338,28.0,0.043689320388349516,63.0,0.08807212205270458,127.0,0.08599167822468794,124.0,0.21220527045769763,306.0,0.16712898751733704,241.0,0.26490984743411927,382.0,0.37725381414701803,544.0,0.7600554785020804,1096.0,0.0970873786407767,140.0,0.0651872399445215,94.0,0.012482662968099861,18.0,0.024271844660194174,35.0,0.11650485436893204,168.0,0.33079056865464634,477.0,0.25589459084604715,369.0
29,569,120,50.7017300076426,0.6533557979573403,26.372872862973146,0.4711962649835859,0.38607585554971213,72362.0,176923.0,159.03281884253857,388.83064879464985,0.12465080216562889,0.4629863301635703,0.39500970902568255,1.2873538112258653,0.016666666666666666,2.0,0.09166666666666666,11.0,0.225,27.0,0.5416666666666666,65.0,0.2916666666666667,35.0,0.06666666666666667,8.0,0.041666666666666664,5.0,0.275,33.0,0.125,15.0,0.15,18.0,0.5166666666666667,62.0,0.38333333333333336,46.0,0.8666666666666667,104.0,0.675,81.0,0.9916666666666667,119.0,0.6,72.0,0.44166666666666665,53.0,0.025,3.0,0.0,0.0,0.35,42.0,0.925,111.0,0.7083333333333334,85.0
29,570,861,45.068579551338175,0.7615672098430719,101.5856085874645,0.4662067417496132,0.3826786179072766,61620.0,149627.0,72.7027317207847,176.5383258550122,-0.490961549337191,-0.35068819135418616,-0.27545198270366533,0.08135663668729434,0.004645760743321719,4.0,0.015098722415795587,13.0,0.09175377468060394,79.0,0.2415795586527294,208.0,0.11846689895470383,102.0,0.04065040650406504,35.0,0.023228803716608595,20.0,0.053426248548199766,46.0,0.053426248548199766,46.0,0.08710801393728224,75.0,0.2706155632984901,233.0,0.13356562137049943,115.0,0.34843205574912894,300.0,0.5238095238095238,451.0,0.8548199767711963,736.0,0.14982578397212543,129.0,0.08826945412311266,76.0,0.011614401858304297,10.0,0.011614401858304297,10.0,0.15563298490127758,134.0,0.23925667828106853,206.0,0.24390243902439024,210.0
29,571,2525,47.16855693072865,0.6860490606178217,106.09052021329026,1.190519583459207,0.7841387684095324,116487.0,262262.0,48.943233378556606,110.1921267809027,-0.38378333962674277,-0.18667799939004265,-0.06443187214910347,0.0637692776664004,0.013861386138613862,35.0,0.019801980198019802,50.0,0.10523300381731927,265.71333463873117,0.30488600257835863,769.8371565103555,0.08277227722772278,209.0,0.06574204690775336,165.99866844207722,0.03920792079207921,99.0,0.1063372452130945,268.5015441630636,0.05722833432200539,144.5015441630636,0.1386989619017009,350.2148788017948,0.23599755651480747,595.8938301998888,0.16646902209479966,420.33428078936913,0.28982258333022926,731.8020229088288,0.511202028197309,1290.7851211982052,0.8320141880999733,2100.8358249524326,0.08202870903512934,207.12249031370158,0.06031102328845389,152.28533380334608,0.026138613861386138,66.0,0.016038992410667873,40.49845583693638,0.12250316810984205,309.3204994773512,0.47344278597469885,1195.4430345861147,0.2705734263767422,683.1979016012741
29,572,424,19.41021300051183,0.5226780581912673,54.39091158654697,22.86633652171346,3.172468952313714,396099.0,1657048.0,508.11758699338844,2125.6686618552944,-0.11840739906779417,-0.5141107031808182,-0.20042949585995762,0.11830148452156872,0.05188679245283019,22.0,0.0330188679245283,14.0,0.10141509433962265,43.0,0.2358490566037736,100.0,0.07547169811320754,32.0,0.0330188679245283,14.0,0.009433962264150943,4.0,0.0330188679245283,14.0,0.06132075471698113,26.0,0.09433962264150944,40.0,0.28773584905660377,122.0,0.2169811320754717,92.0,0.4339622641509434,184.0,0.4481132075471698,190.0,0.9457547169811321,401.0,0.1792452830188679,76.0,0.18160377358490565,77.0,0.009433962264150943,4.0,0.009433962264150943,4.0,0.125,53.0,0.7028301886792453,298.0,0.22169811320754718,94.0
29,573,1356,52.811998426854025,0.7470237778887956,78.08693909564268,1.5082867252014642,0.919599940479164,72206.0,156941.0,41.580719206047014,90.37641820508303,-0.39926508483155465,0.02917027948703735,0.341383522618249,0.034431712635844505,0.009587020648967551,13.0,0.01327433628318584,18.0,0.11504424778761062,156.0,0.37610619469026546,510.0,0.17846607669616518,242.0,0.08702064896755163,118.0,0.03761061946902655,51.0,0.12463126843657817,169.0,0.10693215339233038,145.0,0.16592920353982302,225.0,0.20297780473879531,275.23790322580646,0.19542772861356933,265.0,0.39988045960605195,542.2379032258065,0.42035398230088494,570.0,0.8414454277286135,1141.0,0.12020648967551623,163.0,0.09218289085545722,125.0,0.028761061946902654,39.0,0.03392330383480826,46.0,0.17035398230088494,231.0,0.6629793510324484,899.0,0.2640117994100295,358.0
29,574,2395,45.31654709378536,0.7229858572055079,138.1777271350478,1.3210972909911114,0.8420400441178325,68257.0,141785.0,39.380363762242,81.80179140644157,-0.5428603780608232,-0.5280097454028101,-0.4285853121969673,-0.10704043787507117,0.007515657620041753,18.0,0.005427974947807933,13.0,0.07399806599725267,177.22536806342015,0.21745986197135017,520.8163694213837,0.053094507449523064,127.16134534160774,0.03393512815723584,81.27463193657984,0.010020876826722338,24.0,0.03987473903966597,95.5,0.029018789144050105,69.5,0.08643006263048017,207.0,0.18155861908405008,434.83289270629996,0.10162257327704545,243.38606299852384,0.2601681106975687,623.102625120677,0.4665046014822538,1117.278520549998,0.8624108866042351,2065.4740734171432,0.08021308956227009,192.11034950163688,0.044878804710596375,107.48473728187832,0.010438413361169102,25.0,0.028394229631191818,68.0041799667044,0.08890581103623439,212.92941743178136,0.4431199454306858,1061.2722693064925,0.24136280067118898,578.0639076074976
29,575,262,63.27855170515586,0.593705883919772,27.38832462900319,0.990594380582406,0.6884332778490536,210268.0,413764.0,219.80489477447492,432.5306393814838,-0.2259772861374507,0.3817506112829263,1.2897183737018343,0.9779311013238293,0.019083969465648856,5.0,0.04961832061068702,13.0,0.12595419847328243,33.0,0.5801526717557252,152.0,0.3320610687022901,87.0,0.11068702290076336,29.0,0.0648854961832061,17.0,0.12213740458015267,32.0,0.2099236641221374,55.0,0.25190839694656486,66.0,0.40458015267175573,106.0,0.2900763358778626,76.0,0.6984732824427481,183.0,0.6679389312977099,175.0,0.9770992366412213,256.0,0.4770992366412214,125.0,0.31679389312977096,83.0,0.015267175572519083,4.0,0.007633587786259542,2.0,0.3435114503816794,90.0,0.8358778625954199,219.0,0.6870229007633588,180.0
29,576,287,28.26818210308589,0.6674884566366505,76.44587924747422,0.1765060526221075,0.16254907377222308,11317.0,25085.0,30.144181722775812,66.81689480567564,-0.4886230784662095,-0.31498675371670737,-0.26254964897053107,0.3729620912428291,0.0,0.0,0.013937282229965157,4.0,0.10452961672473868,30.0,0.3170731707317073,91.0,0.17073170731707318,49.0,0.0313588850174216,9.0,0.013937282229965157,4.0,0.059233449477351915,17.0,0.08013937282229965,23.0,0.04529616724738676,13.0,0.156794425087108,45.0,0.21951219512195122,63.0,0.5017421602787456,144.0,0.627177700348432,180.0,0.9163763066202091,263.0,0.24390243902439024,70.0,0.1254355400696864,36.0,0.003484320557491289,1.0,0.020905923344947737,6.0,0.1916376306620209,55.0,0.08362369337979095,24.0,0.34146341463414637,98.0
29,577,1105,53.10694147112734,0.7112757512581213,58.8995642498301,1.5191660005553147,0.9239278945859902,86030.0,227269.0,45.85637567794465,121.14067934384286,-0.42866206228097353,-0.14482981082611796,-0.0607241925728637,0.07910981487701094,0.016289592760180997,18.0,0.026244343891402715,29.0,0.07782805429864253,86.0,0.2868778280542986,317.0,0.13846153846153847,153.0,0.07058823529411765,78.0,0.037104072398190045,41.0,0.08597285067873303,95.0,0.06063348416289593,67.0,0.1339366515837104,148.0,0.2081447963800905,230.0,0.18733031674208145,207.0,0.4470588235294118,494.0,0.4479638009049774,495.0,0.8769230769230769,969.0,0.12126696832579185,134.0,0.07149321266968325,79.0,0.024434389140271493,27.0,0.02895927601809955,32.0,0.14841628959276018,164.0,0.6407239819004525,708.0,0.3065058545326602,338.6889692585895
29,578,350,46.67115081983857,0.7536105893700188,52.58326560107931,0.4944354272012879,0.4017484948504207,39289.0,75679.0,59.02696920573729,113.69854164068803,-0.39693579773852833,-0.1722971424262144,-0.2242587725278609,0.22084036021763184,0.03142857142857143,11.0,0.04285714285714286,15.0,0.04,14.0,0.27714285714285714,97.0,0.10571428571428572,37.0,0.06285714285714286,22.0,0.02857142857142857,10.0,0.11714285714285715,41.0,0.045714285714285714,16.0,0.11428571428571428,40.0,0.14857142857142858,52.0,0.13714285714285715,48.0,0.6057142857142858,212.0,0.6142857142857143,215.0,0.8971428571428571,314.0,0.16,56.0,0.10857142857142857,38.0,0.005714285714285714,2.0,0.025714285714285714,9.0,0.1657142857142857,58.0,0.6085714285714285,213.0,0.3171428571428571,111.0
29,579,675,26.03947921041579,0.564395668608367,36.39614535164608,0.8235679849987686,0.6007950132690482,58058.0,136576.0,31.304998619642486,73.64207329698392,0.030047282806866315,-0.2240737281835854,-0.22484018994367655,0.14643394012046743,0.05185185185185185,35.0,0.013333333333333334,9.0,0.17185185185185184,116.0,0.29333333333333333,198.0,0.10074074074074074,68.0,0.07703703703703704,52.0,0.03111111111111111,21.0,0.07555555555555556,51.0,0.05185185185185185,35.0,0.1037037037037037,70.0,0.11703703703703704,79.0,0.1451851851851852,98.0,0.4148148148148148,280.0,0.49777777777777776,336.0,0.8844444444444445,597.0,0.1362962962962963,92.0,0.07407407407407407,50.0,0.02074074074074074,14.0,0.028148148148148148,19.0,0.21777777777777776,147.0,0.1348148148148148,91.0,0.28,189.0
29,580,265,21.082329941795887,0.6822766250499844,38.40629805316301,0.6304533378737108,0.488858097545,32796.0,60163.0,47.53105475288808,87.19389093480929,-0.2910552217460249,-0.1775611290379897,-0.20625313923519506,0.23900769546304912,0.011320754716981131,3.0,0.026415094339622643,7.0,0.13962264150943396,37.0,0.2641509433962264,70.0,0.16981132075471697,45.0,0.05660377358490566,15.0,0.04150943396226415,11.0,0.05660377358490566,15.0,0.06037735849056604,16.0,0.09433962264150944,25.0,0.22264150943396227,59.0,0.15471698113207547,41.0,0.2830188679245283,75.0,0.5283018867924528,140.0,0.9433962264150944,250.0,0.10943396226415095,29.0,0.045283018867924525,12.0,0.022641509433962263,6.0,0.007547169811320755,2.0,0.22641509433962265,60.0,0.022641509433962263,6.0,0.21132075471698114,56.0
29,581,1430,46.943250289187,0.7235199668514011,135.6125085943242,2.214382317570802,1.1676352140587987,49344.0,122980.0,46.7948505180303,116.6267573911188,-0.3336134907299034,-0.3868373031637736,-0.24397940698502935,-0.1464928587001297,0.009790209790209791,14.0,0.00909090909090909,13.0,0.14195804195804196,203.0,0.26683859127298043,381.579185520362,0.06013986013986014,86.0,0.03986013986013986,57.0,0.02027972027972028,29.0,0.08181818181818182,117.0,0.044755244755244755,64.0,0.11048951048951049,158.0,0.23787275942448358,340.1580459770115,0.16503496503496504,236.0,0.2850204094547986,407.579185520362,0.44405594405594406,635.0,0.8552447552447553,1223.0,0.06363636363636363,91.0,0.06083916083916084,87.0,0.013286713286713287,19.0,0.032167832167832165,46.0,0.08800136644964231,125.8419540229885,0.6061831846314605,866.8419540229885,0.2083916083916084,298.0
29,582,1265,35.27231394961359,0.7622006052942707,128.182783582876,1.302888071116551,0.8341640183185811,40478.0,93761.0,41.01646414124628,95.00826854951808,-0.44524788276972144,-0.4610970984751328,-0.05535147063916156,-0.06687761601164052,0.005533596837944664,7.0,0.007905138339920948,10.0,0.11225296442687747,142.0,0.2,253.0,0.05375494071146245,68.0,0.03636363636363636,46.0,0.011067193675889328,14.0,0.06798418972332015,86.0,0.06403162055335969,81.0,0.12964426877470356,164.0,0.23241106719367588,294.0,0.1533596837944664,194.0,0.32885375494071145,416.0,0.5130434782608696,649.0,0.8482213438735178,1073.0,0.07272727272727272,92.0,0.04901185770750988,62.0,0.011067193675889328,14.0,0.025296442687747035,32.0,0.08853754940711463,112.0,0.6355731225296443,804.0,0.266403162055336,337.0
29,583,931,36.44944808687951,0.7302907277406929,128.85937995247014,4.6068028608540175,1.7239806570538383,34061.0,113273.0,47.14370935081724,156.7807577374452,-0.569073190331722,-0.3901950657554107,-0.3777058727568746,-0.16932685609297926,0.004296455424274973,4.0,0.011576178628865189,10.777422303473491,0.06697718969328362,62.35576360444705,0.18993146030065897,176.82618953991349,0.05497524505301883,51.181953144360534,0.03558881407939907,33.133185907920534,0.010884195389817976,10.133185907920536,0.10311493018259936,96.0,0.032605546299083826,30.355763604447045,0.0943353271105408,87.82618953991349,0.15090960628078356,140.4968434474095,0.24017573774799889,223.60361184338697,0.3338103354494882,310.7774223034735,0.3791621911922664,353.0,0.838674994825368,780.8064201824176,0.08803370080325888,81.95937544783402,0.07836667609864019,72.95937544783402,0.018642066170190166,17.355763604447045,0.030096422510736714,28.019769357495882,0.12441051508046562,115.82618953991349,0.7056928034371643,657.0,0.32645699613970364,303.9314634060641
29,584,700,32.27328489195055,0.7657331022186021,80.94759568294909,1.8730040280223583,1.0553581820227476,38729.0,106757.0,44.78599190292764,123.45317817606565,-0.4814395721080536,-0.15262113195827734,0.011838686997650227,0.011942600843519446,0.02142857142857143,15.0,0.015456279402902447,10.819395582031714,0.055314087255154576,38.719861078608204,0.3923289734258556,274.63028139809893,0.12663766768332896,88.64636737833027,0.04770344794652521,33.39241356256765,0.03291225782434584,23.03858047704209,0.12219267969170884,85.53487578419619,0.056476948881058614,39.53386421674103,0.16095529983804838,112.66870988663386,0.3008017898657039,210.56125290599272,0.33354230869941254,233.47961608958877,0.4450975669940666,311.56829689584663,0.47279664070994265,330.95764849695985,0.910802427301956,637.5616991113692,0.09727291802769389,68.09104261938572,0.08057021210956689,56.39914847669682,0.012857142857142857,9.0,0.012857142857142857,9.0,0.18543760373431578,129.80632261402104,0.7522007005578528,526.540490390497,0.3448603655453618,241.40225588175326
30,585,162,22.312401511665204,0.27057970408177495,55.68962316688324,2.865716717301322,1.3521471027007765,55520.0,170519.0,190.85727643366403,586.1814106662816,-0.5864055919418962,-0.06394277029023926,0.042578588939012424,0.835263286552584,0.012345679012345678,2.0,0.024691358024691357,4.0,0.030864197530864196,5.0,0.12962962962962962,21.0,0.05555555555555555,9.0,0.05555555555555555,9.0,0.030864197530864196,5.0,0.20987654320987653,34.0,0.06172839506172839,10.0,0.16049382716049382,26.0,0.09259259259259259,15.0,0.22839506172839505,37.0,0.5679012345679012,92.0,0.4444444444444444,72.0,0.9444444444444444,153.0,0.37037037037037035,60.0,0.29012345679012347,47.0,0.05555555555555555,9.0,0.012345679012345678,2.0,0.11728395061728394,19.0,0.3888888888888889,63.0,0.15432098765432098,25.0
30,586,114,8.576697113941421,0.13684120245293538,49.87836678975831,1.496448207965028,0.9148690048851383,38990.0,114401.0,170.59276501163828,500.5381613258895,-0.35514636599338517,-0.49489938105737924,-0.5904002922519687,0.9583841160124806,0.02631578947368421,3.0,0.11403508771929824,13.0,0.008771929824561403,1.0,0.12280701754385964,14.0,0.09649122807017543,11.0,0.0,0.0,0.0,0.0,0.07894736842105263,9.0,0.017543859649122806,2.0,0.06140350877192982,7.0,0.08771929824561403,10.0,0.07894736842105263,9.0,0.45614035087719296,52.0,0.5,57.0,0.8771929824561403,100.0,0.3684210526315789,42.0,0.34210526315789475,39.0,0.07017543859649122,8.0,0.0,0.0,0.11403508771929824,13.0,0.24561403508771928,28.0,0.10526315789473684,12.0
32,588,39,51.631401137980085,0.45129134068278803,9.108957141188835,0.6902307788639475,0.5248650751529202,120251.0,208796.0,280.86184748335864,487.67020903888823,1.274452220882767,1.1537274458106201,1.5948389037204418,2.2131499055845203,0.0,0.0,0.9230769230769231,36.0,0.0,0.0,0.8205128205128205,32.0,0.717948717948718,28.0,0.05128205128205128,2.0,0.02564102564102564,1.0,0.358974358974359,14.0,0.0,0.0,0.6923076923076923,27.0,0.0,0.0,0.7692307692307693,30.0,0.9743589743589743,38.0,0.7692307692307693,30.0,1.0,39.0,0.9487179487179487,37.0,0.5641025641025641,22.0,0.05128205128205128,2.0,0.0,0.0,0.5641025641025641,22.0,0.8461538461538461,33.0,0.8974358974358975,35.0
32,589,23,43.82150344414495,0.3813836477987421,6.129884251794324,0.7233579078312087,0.5442746596139278,184297.0,401127.0,491.18229476214714,1069.070469682392,1.4478689791395265,2.90251504055308,2.823735483148951,1.4188333328556384,0.0,0.0,1.0,23.0,0.0,0.0,1.0,23.0,0.8695652173913043,20.0,0.5217391304347826,12.0,0.043478260869565216,1.0,0.5652173913043478,13.0,0.043478260869565216,1.0,0.9565217391304348,22.0,0.0,0.0,0.9565217391304348,22.0,1.0,23.0,0.4782608695652174,11.0,1.0,23.0,1.0,23.0,0.8695652173913043,20.0,0.0,0.0,0.0,0.0,0.782608695652174,18.0,1.0,23.0,0.9565217391304348,22.0
32,590,40,63.62098138747885,0.5846906495990584,6.813277032954118,0.3241976428766172,0.2808067234712422,54464.0,118817.0,92.76958008070326,202.38328430612734,3.710363454025691,2.983489546490654,0.504767489828625,0.8071532167652812,0.55,22.0,0.425,17.0,0.0,0.0,1.0,40.0,0.8,32.0,0.4,16.0,0.1,4.0,0.7,28.0,0.025,1.0,0.35,14.0,0.025,1.0,1.0,40.0,0.975,39.0,0.175,7.0,1.0,40.0,0.875,35.0,0.775,31.0,0.0,0.0,0.0,0.0,0.825,33.0,0.95,38.0,0.95,38.0
32,591,29,46.65459728053619,0.5301490697584839,5.22026832179174,0.78557194169023,0.5797387794222485,181603.0,434382.0,326.90220277322254,781.927791088462,1.370130432334772,1.3231682601272872,1.2091285702572543,2.435546470789918,0.0,0.0,0.9655172413793104,28.0,0.0,0.0,0.7931034482758621,23.0,0.7931034482758621,23.0,0.034482758620689655,1.0,0.0,0.0,0.4482758620689655,13.0,0.0,0.0,0.5862068965517241,17.0,0.0,0.0,0.896551724137931,26.0,1.0,29.0,0.7931034482758621,23.0,1.0,29.0,0.9655172413793104,28.0,0.8620689655172413,25.0,0.06896551724137931,2.0,0.0,0.0,0.7586206896551724,22.0,1.0,29.0,0.896551724137931,26.0
32,592,69,36.49057651688766,0.5101864500438986,3.824628054921659,0.7986961560664172,0.5870620446874136,249116.0,522807.0,138.08348442461798,289.7887419578881,1.4478689791395265,2.767595378330439,0.7481175106915194,2.598543701764859,0.0,0.0,1.0,69.0,0.0,0.0,0.7681159420289855,53.0,0.7971014492753623,55.0,0.2463768115942029,17.0,0.14492753623188406,10.0,0.6956521739130435,48.0,0.014492753623188406,1.0,0.43478260869565216,30.0,0.043478260869565216,3.0,0.8695652173913043,60.0,0.9855072463768116,68.0,0.7681159420289855,53.0,1.0,69.0,0.9855072463768116,68.0,0.7971014492753623,55.0,0.08695652173913043,6.0,0.0,0.0,0.8115942028985508,56.0,0.8695652173913043,60.0,0.9565217391304348,66.0
32,593,114,42.26840872746716,0.5048741725788805,6.493081166362422,0.8497422762037214,0.6150463192255212,181714.0,385799.0,103.49857465477028,219.73896674574178,0.7316685406143063,2.089367400124937,1.679292543695685,2.1619652515230867,0.017543859649122806,2.0,0.46132161642886393,52.590664272890486,0.14035087719298245,16.0,0.8157894736842105,93.0,0.9035087719298246,103.0,0.17543859649122806,20.0,0.14035087719298245,16.0,0.37360231818324985,42.590664272890486,0.08771929824561403,10.0,0.5665847743236007,64.59066427289048,0.040268984849916534,4.590664272890485,0.9210526315789473,105.0,1.0,114.0,0.724479511165706,82.59066427289048,1.0,114.0,0.9473684210526315,108.0,0.8771929824561403,100.0,0.05263157894736842,6.0,0.008771929824561403,1.0,0.8106082081325396,92.40933572710952,1.0,114.0,0.9613216164288638,109.59066427289048
32,594,63,37.691933816633465,0.5409127937622793,10.548152315319433,1.4457263016461717,0.8943421347024755,230275.0,534119.0,385.5517102238385,894.2807248422381,0.5251962641395754,1.2876920260241824,1.6170325538601884,2.106961504601134,0.0,0.0,0.5714285714285714,36.0,0.015873015873015872,1.0,0.9047619047619048,57.0,0.6190476190476191,39.0,0.3333333333333333,21.0,0.0,0.0,0.2222222222222222,14.0,0.0,0.0,0.6984126984126984,44.0,0.015873015873015872,1.0,0.873015873015873,55.0,0.9841269841269841,62.0,0.873015873015873,55.0,1.0,63.0,0.9047619047619048,57.0,0.6507936507936508,41.0,0.031746031746031744,2.0,0.0,0.0,0.42857142857142855,27.0,0.8095238095238095,51.0,0.6666666666666666,42.0
32,595,51,35.59643586077918,0.3866830307771154,5.828737963941827,2.70032087134699,1.3084195378757177,310205.0,880014.0,354.5301294322695,1005.7590216863339,1.460506293838404,4.615941437196549,1.2662620930021116,1.7401573504004306,0.0784313725490196,4.0,0.47058823529411764,24.0,0.2549019607843137,13.0,0.9411764705882353,48.0,0.9215686274509803,47.0,0.49019607843137253,25.0,0.5686274509803921,29.0,0.5882352941176471,30.0,0.0196078431372549,1.0,0.5686274509803921,29.0,0.0196078431372549,1.0,0.9803921568627451,50.0,1.0,51.0,0.47058823529411764,24.0,1.0,51.0,0.9803921568627451,50.0,1.0,51.0,0.0392156862745098,2.0,0.0,0.0,0.9215686274509803,47.0,0.9607843137254902,49.0,0.9215686274509803,47.0
32,596,35,44.25789714184638,0.5267537329933226,6.64043379108057,0.2735533752529598,0.24181092681111044,82076.0,170938.0,155.7200696676368,324.3149918227801,1.7499043578257838,1.819967154411199,1.950371309036367,1.3685071030005256,0.11428571428571428,4.0,0.7712208415580749,26.992729454532622,0.02857142857142857,1.0,0.7712208415580749,26.992729454532622,0.7426494129866463,25.992729454532622,0.09333071150001639,3.2665749025005737,0.15047356864287353,5.266574902500573,0.428363698700932,14.99272945453262,0.03575222666757423,1.251327933365098,0.7293970539669095,25.52889688884183,0.02857142857142857,1.0,0.9426494129866464,32.99272945453262,0.9997922701295034,34.99272945453262,0.571220841558075,19.992729454532622,1.0,35.0,0.8855065558437892,30.992729454532622,0.8569351272723607,29.992729454532622,0.0,0.0,0.0,0.0,0.7712208415580749,26.992729454532622,0.9140779844152178,31.992729454532622,0.8283636987009321,28.992729454532622
32,597,50,33.12088513072926,0.42229654403567446,5.378651701106174,1.0436817830781184,0.7147529767959575,163591.0,373411.0,175.97980208713201,401.68954207235146,1.1259961906026699,1.8990058686558893,-0.3334181098883237,1.9067100475256165,0.1,5.0,0.4,20.0,0.14,7.0,0.66,33.0,0.96,48.0,0.08,4.0,0.08,4.0,0.44,22.0,0.06,3.0,0.06,3.0,0.02,1.0,0.94,47.0,1.0,50.0,0.5938295801155169,29.691479005775847,1.0,50.0,0.9738295801155169,48.69147900577585,0.9738295801155169,48.69147900577585,0.04,2.0,0.0,0.0,0.8338295801155169,41.69147900577585,0.9738295801155169,48.69147900577585,0.813829580115517,40.69147900577585
32,598,40,46.17030507404997,0.5672464454041689,5.0627143743117875,1.9027958066951127,1.0656743438483585,148116.0,352001.0,187.46725056639116,445.52013061803086,1.7018135620228259,2.3330212225438025,-0.13141349142721956,3.1727941537100044,0.225,9.0,0.46685930520015617,18.674372208006247,0.0,0.0,0.8,32.0,0.7668593052001562,30.674372208006247,0.3,12.0,0.125,5.0,0.475,19.0,0.025,1.0,0.175,7.0,0.0,0.0,0.95,38.0,1.0,40.0,0.525,21.0,0.975,39.0,0.9668593052001562,38.67437220800625,0.8918593052001562,35.67437220800625,0.19185930520015612,7.674372208006245,0.0,0.0,0.9,36.0,0.95,38.0,0.8918593052001562,35.67437220800625
32,599,42,26.853389492434292,0.3416072140942026,6.0619531613085735,0.6923871807209615,0.526140065219726,77173.0,177798.0,111.38550269468251,256.6197971843671,1.4478689791395265,6.751796167454605,1.1554046309534531,2.1364857221876767,0.0,0.0,1.0,42.0,0.0,0.0,1.0,42.0,0.9523809523809523,40.0,0.8571428571428571,36.0,0.8571428571428571,36.0,0.7619047619047619,32.0,0.0,0.0,0.5714285714285714,24.0,0.0,0.0,1.0,42.0,1.0,42.0,1.0,42.0,1.0,42.0,1.0,42.0,0.9761904761904762,41.0,0.0,0.0,0.0,0.0,0.9285714285714286,39.0,1.0,42.0,0.9523809523809523,40.0
32,600,48,37.08818307358453,0.4857854465518699,4.546139049345498,1.496113984277773,0.9147351162424396,157510.0,421536.0,149.17965867966862,399.24193131352166,2.6140358962210755,5.082807226158004,0.4413239377070972,1.6761002847738125,0.2916666666666667,14.0,0.6041666666666666,29.0,0.0625,3.0,0.8541666666666666,41.0,0.9166666666666666,44.0,0.8125,39.0,0.6666666666666666,32.0,0.3125,15.0,0.0,0.0,0.375,18.0,0.0,0.0,0.9791666666666666,47.0,1.0,48.0,0.08333333333333333,4.0,1.0,48.0,0.8958333333333334,43.0,0.9791666666666666,47.0,0.10416666666666667,5.0,0.0,0.0,0.9166666666666666,44.0,1.0,48.0,0.9583333333333334,46.0
32,601,40,43.34976172714191,0.49782517416951005,4.356230771325111,2.66263423626307,1.2981826252109392,284934.0,719900.0,310.3095646491873,784.0126330692368,1.3837964108514216,2.7002097315990063,0.41388449250636156,1.9788133328058053,0.0,0.0,0.85,34.0,0.1,4.0,0.85,34.0,0.875,35.0,0.375,15.0,0.075,3.0,0.575,23.0,0.025,1.0,0.325,13.0,0.025,1.0,0.925,37.0,1.0,40.0,0.510771883581459,20.43087534325836,1.0,40.0,1.0,40.0,0.95,38.0,0.055757785880256795,2.2303114352102718,0.0,0.0,0.8,32.0,0.975,39.0,0.975,39.0
33,602,467,31.464660851630025,0.24552964550873158,45.294291658382114,5.468178890469149,1.8668945991043686,127490.0,357760.0,123.65244632820418,346.9911302720082,-0.30621363284527997,-0.39612960616327847,-0.09752098649883797,0.10292538630047177,0.008565310492505354,4.0,0.03854389721627409,18.0,0.13062098501070663,61.0,0.2740899357601713,128.0,0.08779443254817987,41.0,0.06209850107066381,29.0,0.01284796573875803,6.0,0.044967880085653104,21.0,0.10706638115631692,50.0,0.044967880085653104,21.0,0.45610278372591007,213.0,0.17987152034261242,84.0,0.8265524625267666,386.0,0.2826552462526767,132.0,0.7858672376873662,367.0,0.1841541755888651,86.0,0.1734475374732334,81.0,0.05353319057815846,25.0,0.02569593147751606,12.0,0.09421841541755889,44.0,0.139186295503212,65.0,0.5995717344753747,280.0
33,604,682,41.63426948237075,0.24474647259457386,61.998590941114976,4.112225563120557,1.6316348403428984,146291.0,666558.0,132.98879570918842,605.9480466353037,-0.4091288495830813,-0.03441083267684955,-0.22737166971558154,-0.2117350162952501,0.004398826979472141,3.0,0.026392961876832845,18.0,0.11290322580645161,77.0,0.29472140762463345,201.0,0.14516129032258066,99.0,0.08064516129032258,55.0,0.05865102639296188,40.0,0.09090909090909091,62.0,0.07624633431085044,52.0,0.06158357771260997,42.0,0.4252199413489736,290.0,0.1935483870967742,132.0,0.8255131964809385,563.0,0.250733137829912,171.0,0.8196480938416423,559.0,0.15249266862170088,104.0,0.1217008797653959,83.0,0.024926686217008796,17.0,0.011730205278592375,8.0,0.11730205278592376,80.0,0.3870967741935484,264.0,0.7463343108504399,509.0
33,605,365,32.46596176849695,0.2278979300381387,31.86017138153559,1.5084775745507062,0.9196760251177601,177419.0,417511.0,154.86574647508667,364.4375894157892,-0.16106259720373284,0.23693482295761345,0.27924894286934415,0.9554776829503302,0.010958904109589041,4.0,0.038356164383561646,14.0,0.1780821917808219,65.0,0.4054794520547945,148.0,0.1863013698630137,68.0,0.11232876712328767,41.0,0.09315068493150686,34.0,0.10684931506849316,39.0,0.13972602739726028,51.0,0.09315068493150686,34.0,0.3780821917808219,138.0,0.43561643835616437,159.0,0.8602739726027397,314.0,0.2273972602739726,83.0,0.8356164383561644,305.0,0.32602739726027397,119.0,0.2356164383561644,86.0,0.1232876712328767,45.0,0.030136986301369864,11.0,0.2493150684931507,91.0,0.36712328767123287,134.0,0.5589041095890411,204.0
33,606,687,28.405114504206747,0.18956921080727637,47.554211454958136,0.9222118855991396,0.6534765467190817,78633.0,174551.0,54.429844386284174,120.82438375071902,-0.5877565572733211,0.05116808884538384,0.01916834282443297,-0.01840787492101082,0.004366812227074236,3.0,0.010189228529839884,7.0,0.0611353711790393,42.0,0.2780203784570597,191.0,0.18340611353711792,126.0,0.13828238719068414,95.0,0.013100436681222707,9.0,0.11353711790393013,78.0,0.11644832605531295,80.0,0.0611353711790393,42.0,0.4556040756914119,313.0,0.37700145560407566,259.0,0.9417758369723436,647.0,0.38719068413391555,266.0,0.851528384279476,585.0,0.14847161572052403,102.0,0.12518195050946143,86.0,0.021834061135371178,15.0,0.004366812227074236,3.0,0.1586608442503639,109.0,0.6157205240174672,423.0,0.6200873362445415,426.0
33,607,930,21.62808656508391,0.22779274103930838,43.3374496143899,1.1882435036777448,0.7830991688965371,119639.0,264002.0,55.75106596146229,123.02336960320604,-0.37316209439550846,0.19319911883681223,0.2612203975049293,0.3728543331164298,0.01827956989247312,17.0,0.024731182795698924,23.0,0.09462365591397849,88.0,0.3032258064516129,282.0,0.19032258064516128,177.0,0.0967741935483871,90.0,0.04946236559139785,46.0,0.16774193548387098,156.0,0.12580645161290321,117.0,0.11182795698924732,104.0,0.3817204301075269,355.0,0.21397849462365592,199.0,0.9118279569892473,848.0,0.210752688172043,196.0,0.9225806451612903,858.0,0.17419354838709677,162.0,0.13655913978494624,127.0,0.07634408602150537,71.0,0.005376344086021506,5.0,0.15268817204301074,142.0,0.5827956989247312,542.0,0.5494623655913978,511.0
33,608,396,16.658401585116625,0.19111685342785917,28.565884399059634,1.8511350611317217,1.047717182057045,194887.0,439888.0,140.58382608281653,317.31792314478645,-0.08860444977796862,0.23169377809615463,0.3383317031082455,0.27162671903462593,0.007575757575757576,3.0,0.005050505050505051,2.0,0.2398989898989899,95.0,0.4116161616161616,163.0,0.2803030303030303,111.0,0.05303030303030303,21.0,0.030303030303030304,12.0,0.20202020202020202,80.0,0.15656565656565657,62.0,0.08080808080808081,32.0,0.3838383838383838,152.0,0.29545454545454547,117.0,0.8585858585858586,340.0,0.2904040404040404,115.0,0.8762626262626263,347.0,0.24494949494949494,97.0,0.21212121212121213,84.0,0.047979797979797977,19.0,0.027777777777777776,11.0,0.25,99.0,0.5858585858585859,232.0,0.6691919191919192,265.0
33,609,241,23.072259273549026,0.16572231714710908,40.32008458852601,1.5137272733247125,0.9217666211189371,112927.0,381418.0,188.93054739952186,638.1247312691457,-0.09927149366517247,0.1622081855189411,0.8050611894741599,1.0107432450292047,0.008298755186721992,2.0,0.012448132780082987,3.0,0.22821576763485477,55.0,0.46976458335561827,113.213264588704,0.34024896265560167,82.0,0.06639004149377593,16.0,0.04149377593360996,10.0,0.0938777256920567,22.624531891785665,0.24066390041493776,58.0,0.06639004149377593,16.0,0.31691065605068186,76.37546810821433,0.3518121801298589,84.786735411296,0.8997418941099156,216.83779648048966,0.39351782771987415,94.83779648048967,0.8547717842323651,206.0,0.36447218456634717,87.83779648048967,0.24066390041493776,58.0,0.0954356846473029,23.0,0.004149377593360996,1.0,0.2622957036875685,63.21326458870401,0.7927429919883555,191.05106106919368,0.7302904564315352,176.0
33,610,169,14.167098122686916,0.22716830619954362,26.53452785811407,1.0409493009587762,0.7134150432246094,116291.0,370039.0,182.58738338153512,580.9946836738859,-0.03834286416641364,0.30775161088301817,0.3719531181559357,0.3944637256307679,0.011834319526627219,2.0,0.011834319526627219,2.0,0.24260355029585798,41.0,0.6923076923076923,117.0,0.3076923076923077,52.0,0.11834319526627218,20.0,0.05325443786982249,9.0,0.11242603550295859,19.0,0.15384615384615385,26.0,0.09467455621301775,16.0,0.42011834319526625,71.0,0.44970414201183434,76.0,0.9289940828402367,157.0,0.16568047337278108,28.0,0.9112426035502958,154.0,0.514792899408284,87.0,0.4260355029585799,72.0,0.029585798816568046,5.0,0.011834319526627219,2.0,0.3905325443786982,66.0,0.6923076923076923,117.0,0.6923076923076923,117.0
33,611,36,26.790509588348655,0.25817458060847315,11.864507326333275,0.5011287073739532,0.40621729672599827,29821.0,70886.0,98.28096471627349,233.61874064846123,-0.591653876431978,0.6815418709407817,-0.37701091820228905,1.5709634312129885,0.0,0.0,0.027777777777777776,1.0,0.05555555555555555,2.0,0.7777777777777778,28.0,0.5833333333333334,21.0,0.08333333333333333,3.0,0.05555555555555555,2.0,0.1388888888888889,5.0,0.05555555555555555,2.0,0.05555555555555555,2.0,0.6944444444444444,25.0,0.6388888888888888,23.0,0.9166666666666666,33.0,0.5555555555555556,20.0,0.9722222222222222,35.0,0.7222222222222222,26.0,0.6666666666666666,24.0,0.05555555555555555,2.0,0.0,0.0,0.5,18.0,0.5555555555555556,20.0,0.8611111111111112,31.0
33,612,231,17.013307438491495,0.17904763792141049,23.607200707194064,0.9280285196571092,0.6564979884322205,88607.0,228205.0,90.5525209117898,233.21563798204423,0.6100624749858624,0.7925911795704399,0.6912767816947065,0.3341287121881615,0.12121212121212122,28.0,0.017316017316017316,4.0,0.21645021645021645,50.0,0.5844155844155844,135.0,0.3203463203463203,74.0,0.16883116883116883,39.0,0.05627705627705628,13.0,0.2813852813852814,65.0,0.2077922077922078,48.0,0.09090909090909091,21.0,0.2554112554112554,59.0,0.43722943722943725,101.0,0.922077922077922,213.0,0.2857142857142857,66.0,0.9134199134199135,211.0,0.38961038961038963,90.0,0.30303030303030304,70.0,0.025974025974025976,6.0,0.03896103896103896,9.0,0.36796536796536794,85.0,0.6017316017316018,139.0,0.7705627705627706,178.0
33,613,125,22.42687314249961,0.21752307211012045,23.827814493792378,1.268786509082431,0.8192451110590918,31919.0,93489.0,60.84480086618871,178.21108393681246,0.6306472775892411,0.6281892070934516,0.7313685156418698,0.81039967819756,0.016,2.0,0.008,1.0,0.48,60.0,0.5775772259236825,72.19715324046032,0.4704227740763174,58.802846759539676,0.112,14.0,0.04,5.0,0.184,23.0,0.216,27.0,0.088,11.0,0.416,52.0,0.52,65.0,0.976,122.0,0.28,35.0,0.928,116.0,0.368,46.0,0.256,32.0,0.08,10.0,0.008,1.0,0.424,53.0,0.68,85.0,0.944,118.0
33,614,360,19.255860837780677,0.21211122049562173,28.335367970172303,1.722346170933461,1.0014940713575424,106414.0,270172.0,83.75777353271987,212.6506398677053,0.2742844487546136,0.2605004438779979,0.17094801296680365,0.6106822883004798,0.005555555555555556,2.0,0.019444444444444445,7.0,0.3652266411199144,131.48159080316918,0.47633775223102554,171.48159080316918,0.3,108.0,0.075,27.0,0.030555555555555555,11.0,0.17777777777777778,64.0,0.10833333333333334,39.0,0.11666666666666667,42.0,0.32921780332453005,118.51840919683082,0.5277777777777778,190.0,0.9194444444444444,331.0,0.32222222222222224,116.0,0.9083333333333333,327.0,0.33055555555555555,119.0,0.24444444444444444,88.0,0.06111111111111111,22.0,0.03611111111111111,13.0,0.28755113665786336,103.51840919683082,0.5096710855643588,183.48159080316918,0.5444444444444444,196.0
33,615,105,20.778436763230243,0.18937175209456758,26.467630088401883,1.1074612479088128,0.7454840230184416,16839.0,32685.0,42.44651648177137,82.38995137518243,0.2590745692527774,1.0814715565733006,0.5380674544196645,0.36795781244357123,0.0,0.0,0.009523809523809525,1.0,0.38095238095238093,40.0,0.5428571428571428,57.0,0.4380952380952381,46.0,0.10476190476190476,11.0,0.0761904761904762,8.0,0.38095238095238093,40.0,0.1523809523809524,16.0,0.14285714285714285,15.0,0.4380952380952381,46.0,0.4380952380952381,46.0,0.9523809523809523,100.0,0.41904761904761906,44.0,0.9142857142857143,96.0,0.3904761904761905,41.0,0.3047619047619048,32.0,0.009523809523809525,1.0,0.009523809523809525,1.0,0.3333333333333333,35.0,0.8571428571428571,90.0,0.8857142857142857,93.0
33,616,134,29.83671665390529,0.21627728911050106,26.295855851612878,1.6146936564994774,0.9611469420882915,21526.0,43617.0,42.242133810583496,85.59301079699992,0.2609499176317858,0.42662879649817437,1.0758897171343587,0.7846010591925243,0.014925373134328358,2.0,0.022388059701492536,3.0,0.3358208955223881,45.0,0.5373134328358209,72.0,0.3582089552238806,48.0,0.11194029850746269,15.0,0.029850746268656716,4.0,0.1791044776119403,24.0,0.23134328358208955,31.0,0.15671641791044777,21.0,0.40298507462686567,54.0,0.3880597014925373,52.0,0.9776119402985075,131.0,0.31343283582089554,42.0,0.9402985074626866,126.0,0.3880597014925373,52.0,0.26865671641791045,36.0,0.06716417910447761,9.0,0.0,0.0,0.30597014925373134,41.0,0.5597014925373134,75.0,0.8805970149253731,118.0
33,617,606,25.24243373146643,0.23176465910164074,40.90012674989775,1.711514161230808,0.9975072099409951,88965.0,222404.0,60.04422073109989,150.1048150112914,-0.47000451575293384,-0.06491839468225064,0.03403588365511065,0.10352959034301548,0.0016501650165016502,1.0,0.018151815181518153,11.0,0.10396039603960396,63.0,0.3316831683168317,201.0,0.18316831683168316,111.0,0.056105610561056105,34.0,0.034653465346534656,21.0,0.11386138613861387,69.0,0.12376237623762376,75.0,0.052805280528052806,32.0,0.2623762376237624,159.0,0.20297029702970298,123.0,0.8943894389438944,542.0,0.30198019801980197,183.0,0.8762376237623762,531.0,0.16666666666666666,101.0,0.12706270627062707,77.0,0.041254125412541254,25.0,0.006600660066006601,4.0,0.16831683168316833,102.0,0.38613861386138615,234.0,0.7062706270627063,428.0
33,618,467,30.61808493279462,0.2614689959011902,32.606654131374796,1.245117767970262,0.808757977711563,49723.0,103987.0,34.7173589587655,72.60531355801436,-0.20778965102410116,0.29717943070349107,0.20882265964776456,0.33092775519627393,0.019271948608137045,9.0,0.03640256959314775,17.0,0.14301615586412159,66.78854478854478,0.3404008388474397,158.96719174175433,0.2767752987381215,129.25406451070273,0.13338018156005307,62.28854478854479,0.04141708347429667,19.341777982496545,0.13062098501070663,61.0,0.1377768265149819,64.34177798249655,0.07708779443254818,36.0,0.26684428066331356,124.61627906976744,0.2691205852349487,125.67931330472103,0.9510882698447611,444.1582220175035,0.24448022637853822,114.17226571877735,0.8854389721627409,413.5,0.25775234171406886,120.37034358047016,0.20745978785917035,96.88372093023256,0.057815845824411134,27.0,0.006423982869379015,3.0,0.2148278190227133,100.32459148360711,0.21199143468950749,99.0,0.8335943143223657,389.2885447885448
33,619,435,32.81107364420515,0.28995659220895353,47.07068827085015,1.0431339374282589,0.714484872878087,46211.0,75832.0,50.00422013067256,82.05665363115192,-0.2762361704001571,0.36423958362098574,0.6740437972563769,0.31263070703146245,0.011494252873563218,5.0,0.07304050299797261,31.77261880411809,0.10626984182961359,46.22738119588191,0.3857279997663918,167.79167989838044,0.31653229022738627,137.69154624891303,0.14990418414165416,65.20832010161956,0.04210909561643392,18.317456593148755,0.1165115940387385,50.682543406851245,0.18902846251926878,82.22738119588192,0.1180309896611346,51.34348050259355,0.2570796722708566,111.82965743782262,0.31512890242575875,137.08107255520505,0.9032619021719425,392.918927444795,0.26077860105014566,113.43869145681337,0.8804597701149425,383.0,0.20807402493028473,90.51220084467386,0.18160919540229886,79.0,0.06246055761420088,27.17034256217738,0.0,0.0,0.1981869201400723,86.21131026093146,0.271264367816092,118.0,0.6689655172413793,291.0
33,620,650,23.307082806038963,0.21350585599019836,40.89593557317227,1.3865487829739245,0.8698482984758986,86952.0,241081.0,54.70743676859192,151.6805083679376,-0.20904066512047792,0.33143351424820117,0.5279536850877973,0.5402894157992127,0.018173860064931234,11.813009042205302,0.02,13.0,0.15864329141544084,103.11813942003654,0.44084617445421886,286.5500133952423,0.24699412541317003,160.54618151856053,0.13977192832523108,90.8517534114002,0.04878314400597015,31.7090436038806,0.14970435685525724,97.30783195591721,0.1721601613130052,111.90410485345339,0.10648838967014253,69.21745328559264,0.2541541508705978,165.20019806588854,0.2671263569123474,173.6321319930258,0.8425491143297712,547.6569243143513,0.20545851806578294,133.5480367427589,0.9087662571915823,590.6980671745285,0.2222344368105656,144.45238392686764,0.21902889561710825,142.36878215112037,0.0890573062714953,57.887249076471946,0.016205457319809713,10.533547257876313,0.22691142557411975,147.49242662317783,0.3567740336226172,231.9031218547012,0.5720813675201595,371.8528888881037
33,621,599,26.363666879258837,0.1756604343593703,54.19858034102579,0.8486142602772285,0.614436309914442,49481.0,114789.0,44.771284705413976,103.8631191780636,-0.3467774930376674,-0.1654094589518295,-0.23316076652926926,-0.30427785459499535,0.00333889816360601,2.0,0.011686143572621035,7.0,0.15025041736227046,90.0,0.28046744574290483,168.0,0.1686143572621035,101.0,0.05342237061769616,32.0,0.02337228714524207,14.0,0.09515859766277128,57.0,0.09682804674457429,58.0,0.025041736227045076,15.0,0.330550918196995,198.0,0.2637729549248748,158.0,0.8046744574290484,482.0,0.19031719532554256,114.0,0.7996661101836394,479.0,0.17195325542570952,103.0,0.1302170283806344,78.0,0.02337228714524207,14.0,0.011686143572621035,7.0,0.17529215358931552,105.0,0.36894824707846413,221.0,0.4507512520868113,270.0
33,622,237,26.38081395348837,0.21005813953488373,51.601721799223576,0.7132904122456203,0.5384157392666675,40481.0,89402.0,88.13878903604936,194.65388743857326,-0.147278363875043,-0.04578241826850096,0.4206473858522389,0.20992192010607097,0.004219409282700422,1.0,0.008438818565400843,2.0,0.22362869198312235,53.0,0.35443037974683544,84.0,0.16877637130801687,40.0,0.10548523206751055,25.0,0.03375527426160337,8.0,0.08016877637130802,19.0,0.16033755274261605,38.0,0.0970464135021097,23.0,0.31645569620253167,75.0,0.25316455696202533,60.0,0.8185654008438819,194.0,0.3037974683544304,72.0,0.9324894514767933,221.0,0.2320675105485232,55.0,0.12658227848101267,30.0,0.03375527426160337,8.0,0.016877637130801686,4.0,0.1729957805907173,41.0,0.21940928270042195,52.0,0.6540084388185654,155.0
33,623,345,13.758771098046653,0.13398760983627284,35.409819912840526,1.5747671052188048,0.9457590854501208,120272.0,311925.0,123.44376407412045,320.15095873370376,-0.2534759296954718,0.09019969204328968,0.7435195204903954,-0.1037421996777709,0.014492753623188406,5.0,0.017391304347826087,6.0,0.15326713608604503,52.87716194968554,0.4873125740588825,168.12283805031447,0.21159420289855072,73.0,0.08115942028985507,28.0,0.034782608695652174,12.0,0.14238503782699843,49.12283805031446,0.22028985507246376,76.0,0.08405797101449275,29.0,0.24347826086956523,84.0,0.40615315376902744,140.12283805031447,0.863768115942029,298.0,0.18296474797192597,63.12283805031446,0.9072463768115943,313.0,0.25507246376811593,88.0,0.2289855072463768,79.0,0.017391304347826087,6.0,0.02318840579710145,8.0,0.2289855072463768,79.0,0.3565217391304348,123.0,0.6463768115942029,223.0
33,624,46,31.352539703373147,0.1362875705473159,24.205939927171695,0.668416572672045,0.511875016563942,52922.0,119219.0,278.4840767012566,627.3495548211918,-0.427546223268227,0.6625094096798698,0.36488066684391507,0.3938228760876731,0.021739130434782608,1.0,0.0,0.0,0.08695652173913043,4.0,0.45652173913043476,21.0,0.41304347826086957,19.0,0.10869565217391304,5.0,0.043478260869565216,2.0,0.2391304347826087,11.0,0.1956521739130435,9.0,0.021739130434782608,1.0,0.1956521739130435,9.0,0.7608695652173914,35.0,0.8913043478260869,41.0,0.08695652173913043,4.0,0.9130434782608695,42.0,0.5,23.0,0.5652173913043478,26.0,0.043478260869565216,2.0,0.0,0.0,0.391304347826087,18.0,0.391304347826087,18.0,0.8695652173913043,40.0
33,625,344,16.337228680800347,0.16556405102669508,63.521960317240485,1.1188985576561077,0.7508964053965295,118903.0,310745.0,219.56254789537343,573.8119639180493,-0.5921336428029127,-0.18235358925304246,-0.2240598471422332,0.12786041762396483,0.011627906976744186,4.0,0.00872093023255814,3.0,0.0436046511627907,15.0,0.31976744186046513,110.0,0.09883720930232558,34.0,0.05813953488372093,20.0,0.01744186046511628,6.0,0.13953488372093023,48.0,0.09593023255813954,33.0,0.029069767441860465,10.0,0.17732558139534885,61.0,0.12790697674418605,44.0,0.7296511627906976,251.0,0.2761627906976744,95.0,0.8575581395348837,295.0,0.2063953488372093,71.0,0.09593023255813954,33.0,0.0436046511627907,15.0,0.03488372093023256,12.0,0.1511627906976744,52.0,0.0872093023255814,30.0,0.45930232558139533,158.0
33,626,236,20.423842116815997,0.19163690060463354,36.95607238379194,0.6747009955335442,0.515634639212973,42943.0,96664.0,67.24595832106684,151.369566987579,0.28506114695199736,-0.005044848993190082,-0.040135613237353956,0.272774224157367,0.0635593220338983,15.0,0.03389830508474576,8.0,0.22033898305084745,52.0,0.4830508474576271,114.0,0.2076271186440678,49.0,0.059322033898305086,14.0,0.05084745762711865,12.0,0.09745762711864407,23.0,0.1228813559322034,29.0,0.03389830508474576,8.0,0.3008474576271186,71.0,0.2330508474576271,55.0,0.8983050847457628,212.0,0.2838983050847458,67.0,0.9194915254237288,217.0,0.19915254237288135,47.0,0.11864406779661017,28.0,0.05084745762711865,12.0,0.01694915254237288,4.0,0.19915254237288135,47.0,0.2245762711864407,53.0,0.9194915254237288,217.0
33,627,293,21.827150439365685,0.22583720101616328,47.72173505153296,1.318872588027919,0.841081114128339,110863.0,246529.0,180.5656898640989,401.5287242498078,0.0012182919021053913,-0.13926494997765898,-0.03563771859103826,0.19005916579934204,0.08873720136518772,26.0,0.030716723549488054,9.0,0.05995955362083233,17.568149210903872,0.47289573798154505,138.5584512285927,0.1653295179911512,48.4415487714073,0.0701653625549239,20.558451228592702,0.030716723549488054,9.0,0.08037340312158535,23.549407114624508,0.11945392491467577,35.0,0.040955631399317405,12.0,0.22866894197952217,67.0,0.24573378839590443,72.0,0.9078498293515358,266.0,0.29334673339718603,85.9505928853755,0.9146757679180887,268.0,0.2408469256344842,70.56814921090387,0.15552269355257295,45.568149210903876,0.034129692832764506,10.0,0.027303754266211604,8.0,0.22525597269624573,66.0,0.1721554565577041,50.4415487714073,0.9031624588378724,264.6266004394966
33,628,270,17.252750315051568,0.21524137439892496,25.725335358330103,1.30402783202551,0.834658822632867,293252.0,492151.0,279.40763127781554,468.9166489606488,-0.31005194903592376,0.06368324880398372,0.025127502222409892,0.22998030762585125,0.044444444444444446,12.0,0.02962962962962963,8.0,0.05185185185185185,14.0,0.3296296296296296,89.0,0.29259259259259257,79.0,0.1,27.0,0.011111111111111112,3.0,0.08888888888888889,24.0,0.11851851851851852,32.0,0.05925925925925926,16.0,0.34074074074074073,92.0,0.2777777777777778,75.0,0.8925925925925926,241.0,0.25555555555555554,69.0,0.9518518518518518,257.0,0.2962962962962963,80.0,0.26296296296296295,71.0,0.02962962962962963,8.0,0.003703703703703704,1.0,0.22592592592592592,61.0,0.31851851851851853,86.0,0.8148148148148148,220.0
33,629,30,22.69822606206227,0.17255423206039228,15.97665278473058,1.69361373991655,0.990883689800838,81077.0,244828.0,431.7796926092004,1303.843982660006,1.3893218075933251,0.23194990310129288,-0.9219210221268554,0.9596489135622004,0.2,6.0,0.4,12.0,0.0,0.0,0.4,12.0,0.26666666666666666,8.0,0.16666666666666666,5.0,0.0,0.0,0.13333333333333333,4.0,0.0,0.0,0.0,0.0,0.13333333333333333,4.0,0.3333333333333333,10.0,1.0,30.0,0.3,9.0,1.0,30.0,0.4666666666666667,14.0,0.4666666666666667,14.0,0.06666666666666667,2.0,0.0,0.0,0.26666666666666666,8.0,0.4,12.0,0.8,24.0
33,630,367,41.323269464561406,0.21612207910379858,36.19204465329106,0.9197866998333106,0.6522140860314954,43879.0,100697.0,43.27168194391712,99.30327848644278,0.1853257946294232,0.7304033491533892,1.569372850309549,0.7805416881682334,0.013623978201634877,5.0,0.043596730245231606,16.0,0.29385782377560876,107.84582132564842,0.5422343324250681,199.0,0.2970027247956403,109.0,0.1335149863760218,49.0,0.11989100817438691,44.0,0.20708446866485014,76.0,0.27520435967302453,101.0,0.21798365122615804,80.0,0.4114441416893733,151.0,0.4713896457765668,173.0,0.8092643051771117,297.0,0.23433242506811988,86.0,0.8937329700272479,328.0,0.2611602760916851,95.84582132564842,0.22615803814713897,83.0,0.10626702997275204,39.0,0.010899182561307902,4.0,0.27478425429331993,100.84582132564842,0.6920980926430518,254.0,0.6566757493188011,241.0
33,631,460,42.789620970812756,0.2640269811240926,37.06607511359543,1.648916678376817,0.9741507558038589,78072.0,221831.0,62.90918731018745,178.74792409834757,-0.16587250860382716,0.019728716995910278,0.06279271003656837,0.025769797761535082,0.03260869565217391,15.0,0.010869565217391304,5.0,0.14782608695652175,68.0,0.3456521739130435,159.0,0.24347826086956523,112.0,0.06739130434782609,31.0,0.02826086956521739,13.0,0.1108695652173913,51.0,0.1108695652173913,51.0,0.08260869565217391,38.0,0.28695652173913044,132.0,0.25869565217391305,119.0,0.7456521739130435,343.0,0.23478260869565218,108.0,0.8652173913043478,398.0,0.18478260869565216,85.0,0.1891304347826087,87.0,0.041304347826086954,19.0,0.02826086956521739,13.0,0.1782608695652174,82.0,0.5043478260869565,232.0,0.558695652173913,257.0
33,632,110,17.020786339712338,0.2864973683572243,20.761180367472893,2.462669159780085,1.2420397251302324,200294.0,746025.0,378.03089641114684,1408.0326894221787,0.7290071261826806,0.7308133024217971,0.8346016183963983,0.8202477904466101,0.045454545454545456,5.0,0.00909090909090909,1.0,0.44545454545454544,49.0,0.5181818181818182,57.0,0.32727272727272727,36.0,0.15454545454545454,17.0,0.07272727272727272,8.0,0.23636363636363636,26.0,0.23636363636363636,26.0,0.08181818181818182,9.0,0.2727272727272727,30.0,0.43636363636363634,48.0,0.9181818181818182,101.0,0.33636363636363636,37.0,0.9636363636363636,106.0,0.5545454545454546,61.0,0.44545454545454544,49.0,0.03636363636363636,4.0,0.0,0.0,0.4,44.0,0.6454545454545455,71.0,0.8,88.0
33,633,198,11.37320720170888,0.16811718034787915,19.78614969521335,1.7840423534824197,1.0239039555326106,128012.0,484038.0,127.9224542820026,483.6994104127111,0.3776059289091311,0.12326306420178329,0.921762274046545,0.4604576294977157,0.045454545454545456,9.0,0.010101010101010102,2.0,0.31641727861368923,62.65062116551047,0.5812907802888767,115.09557449719759,0.35830308929751925,70.94401168090882,0.032143752623995686,6.364463019551146,0.03511041137285379,6.951861451825051,0.10990335263599385,21.760863821926783,0.27784621181519037,55.01354993940769,0.03535353535353535,7.0,0.4063448066568558,80.45627171805745,0.38225898058684604,75.68727815619552,0.9743031567671994,192.91202503990547,0.42815606976390375,84.77490181325294,0.9481695561921927,187.73757212605415,0.3208333553234089,63.52500435403496,0.285760497514969,56.580578507963864,0.025252525252525252,5.0,0.005050505050505051,1.0,0.36963124668015135,73.18698684266997,0.7996107031795882,158.32291922955847,0.7512003019058461,148.73765977735752
35,638,7,18.922018348623855,0.536697247706422,116.99816145746281,0.0305358168126392,0.030078877476679377,959.0,3387.0,160.28748119672406,566.1039612234665,-0.16242949038752838,-0.4714829484962195,-0.9219210221268554,0.6318018054137896,0.0,0.0,0.2857142857142857,2.0,0.0,0.0,0.0,0.0,0.0,0.0,0.14285714285714285,1.0,0.0,0.0,0.0,0.0,0.0,0.0,0.0,0.0,0.2857142857142857,2.0,0.8571428571428571,6.0,1.0,7.0,0.7142857142857143,5.0,1.0,7.0,0.2857142857142857,2.0,0.2857142857142857,2.0,0.0,0.0,0.0,0.0,0.14285714285714285,1.0,0.0,0.0,0.0,0.0
35,639,100,25.094494018626037,0.17831118731247322,103.9846934531237,0.04118923996999,0.04036355982631701,6017.0,14956.0,62.56759005074453,155.5195075284918,0.026595844319922863,0.8120308466847734,-0.3004907756474409,0.08142740086513095,0.02,2.0,0.3,30.0,0.01,1.0,0.24,24.0,0.28,28.0,0.36,36.0,0.01,1.0,0.18,18.0,0.03,3.0,0.12,12.0,0.41,41.0,0.36,36.0,0.55,55.0,0.56,56.0,0.9,90.0,0.15,15.0,0.1,10.0,0.0,0.0,0.0,0.0,0.37,37.0,0.29,29.0,0.26,26.0
35,640,68,27.85080878748719,0.1302081012432601,71.7140717773489,0.2093465547791207,0.1900801763633201,12960.0,42870.0,136.67858385800614,452.1150378080805,0.19089646162802,0.08284697253030762,-0.6868997890622399,0.47086207534913693,0.014705882352941176,1.0,0.38235294117647056,26.0,0.014705882352941176,1.0,0.20588235294117646,14.0,0.11764705882352941,8.0,0.23529411764705882,16.0,0.0,0.0,0.08823529411764706,6.0,0.029411764705882353,2.0,0.014705882352941176,1.0,0.22058823529411764,15.0,0.47058823529411764,32.0,0.6911764705882353,47.0,0.6617647058823529,45.0,0.9558823529411765,65.0,0.2647058823529412,18.0,0.23529411764705882,16.0,0.0,0.0,0.04411764705882353,3.0,0.3235294117647059,22.0,0.11764705882352941,8.0,0.3382352941176471,23.0
